Workbook

Sheet Resumen
C1: =+IF(AND(C14-C24<=0.01, C14-C24>=-0.01), "", C14-C24) | D1: =+IF(AND(D14-D24<=0.01, D14-D24>=-0.01), "", D14-D24) | E1: =+IF(AND(E14-E24<=0.01, E14-E24>=-0.01), "", E14-E24) | F1: =+IF(AND(F14-F24<=0.01, F14-F24>=-0.01), "", F14-F24) | G1: Avance: | H1: =+L4/L3 -> 0.83333333
B2: Clase | C2: Meta | D2: Volumen Neto | E2: Pendientes | F2: Total | G2: Avance Facturado | H2: Avance Total
B3: HAMBURGUESAS | C3: =+HG!AJ47 -> 1805000 | D3: =+HG!AL47 -> 1135327.4 | E3: =+HG!AK47 -> 188098.81 | F3: =+D3+E3 -> 1323426.2 | G3: =IFERROR(+D3/C3,0) -> 0.62899022 | H3: =IFERROR(+F3/C3,0) -> 0.73320009 | K3: Días Hábiles | L3: 18
B4: SALCHICHAS | C4: =+SCH!AJ47 -> 800000 | D4: =+SCH!AL47 -> 456617.04 | E4: =+SCH!AK47 -> 124907.82 | F4: =+D4+E4 -> 581524.86 | G4: =IFERROR(+D4/C4,0) -> 0.5707713 | H4: =IFERROR(+F4/C4,0) -> 0.72690607 | K4: Días transc. | L4: 15
B5: UNTABLES | C5: =+UNT!AJ47 -> 911000 | D5: =+UNT!AL47 -> 477518.78 | E5: =+UNT!AK47 -> 303845.06 | F5: =+D5+E5 -> 781363.84 | G5: =IFERROR(+D5/C5,0) -> 0.52416991 | H5: =IFERROR(+F5/C5,0) -> 0.85769906 | K5: Avance | L5: =+L4/L3 -> 0.83333333
B6: ATUN | C6: =+ATUN!AJ47 -> 11000 | D6: =+ATUN!AL47 -> 3973.92 | E6: =+ATUN!AK47 -> 3541.44 | F6: =+D6+E6 -> 7515.36 | G6: =IFERROR(+D6/C6,0) -> 0.36126545 | H6: =IFERROR(+F6/C6,0) -> 0.68321455
B7: REBOZADOS DE CARNE | C7: =+RB!AJ47 -> 174000 | D7: =+RB!AL47 -> 101288.56 | E7: =+RB!AK47 -> 26626.56 | F7: =+D7+E7 -> 127915.12 | G7: =IFERROR(+D7/C7,0) -> 0.58211816 | H7: =IFERROR(+F7/C7,0) -> 0.73514437
B8: REBOZADOS DE VEGETALES | C8: =+SJ!AJ47 -> 29000 | D8: =+SJ!AL47 -> 17342.4 | E8: =+SJ!AK47 -> 4196.4 | F8: =+D8+E8 -> 21538.8 | G8: =IFERROR(+D8/C8,0) -> 0.59801379 | H8: =IFERROR(+F8/C8,0) -> 0.74271724
B9: GRASA | C9: =+GRASA!AJ47 -> 59000 | D9: =+GRASA!AL47 -> 26019 | E9: =+GRASA!AK47 -> 37944 | F9: =+D9+E9 -> 63963 | G9: =IFERROR(+D9/C9,0) -> 0.441 | H9: =IFERROR(+F9/C9,0) -> 1.0841186
B10: CARNE PICADA | C10: =+PICADA!AJ47 -> 18000 | D10: =+PICADA!AL47 -> 7412 | E10: =+PICADA!AK47 -> 4146 | F10: =+D10+E10 -> 11558 | G10: =IFERROR(+D10/C10,0) -> 0.41177778 | H10: =IFERROR(+F10/C10,0) -> 0.64211111
B11: PAPAS | C11: =+PAPAS!AJ47 -> 76000 | D11: =+PAPAS!AL47 -> 40068 | E11: =+PAPAS!AK47 -> 5957 | F11: =+D11+E11 -> 46025 | G11: =IFERROR(+D11/C11,0) -> 0.52721053 | H11: =IFERROR(+F11/C11,0) -> 0.60559211
B12: CHORIZOS | C12: =+CHORIZOS!AJ47 -> 10300 | D12: =+CHORIZOS!AL47 -> 3585.04 | E12: =+CHORIZOS!AK47 -> 1592 | F12: =+D12+E12 -> 5177.04 | G12: =IFERROR(+D12/C12,0) -> 0.34806214 | H12: =IFERROR(+F12/C12,0) -> 0.50262524
B13: CORTES PORCIONADOS | C13: =+'CORTES PORC'!AJ47 -> 0 | D13: =+'CORTES PORC'!AL47 -> 0 | E13: =+'CORTES PORC'!AK47 -> 0 | F13: =+D13+E13 -> 0 | G13: =IFERROR(+D13/C13,0) -> 0 | H13: =IFERROR(+F13/C13,0) -> 0
B14: Total | C14: =SUM(C3:C13) -> 3893300 | D14: =SUM(D3:D13) -> 2269152.1 | E14: =SUM(E3:E13) -> 700855.09 | F14: =SUM(F3:F13) -> 2970007.2 | G14: =IFERROR(+D14/C14,0) -> 0.58283515 | H14: =IFERROR(+F14/C14,0) -> 0.76285084
B16: Resumen | C16: Meta Total | D16: Volumen Neto | E16: Pendientes | F16: Total | G16: Avance Facturado | H16: Avance Total
B17: Distribuidores Interior | C17: =+C28+C38+C48+C58+C68+C78+C88+C98+C108+C118+C128 -> 1477950 | D17: =+D28+D38+D48+D58+D68+D78+D88+D98+D108+D118+D128 -> 972618.25 | E17: =+E28+E38+E48+E58+E68+E78+E88+E98+E108+E118+E128 -> 175595.03 | F17: =+F28+F38+F48+F58+F68+F78+F88+F98+F108+F118+F128 -> 1148213.3 | G17: =IFERROR(+D17/C17,0) -> 0.65808603 | H17: =IFERROR(+F17/C17,0) -> 0.77689589
B18: Regionales Interior | C18: =+C29+C39+C49+C59+C69+C79+C89+C99+C109+C119+C129 -> 339700 | D18: =+D29+D39+D49+D59+D69+D79+D89+D99+D109+D119+D129 -> 235521.44 | E18: =+E29+E39+E49+E59+E69+E79+E89+E99+E109+E119+E129 -> 56081.42 | F18: =+F29+F39+F49+F59+F69+F79+F89+F99+F109+F119+F129 -> 291602.86 | G18: =IFERROR(+D18/C18,0) -> 0.69332187 | H18: =IFERROR(+F18/C18,0) -> 0.85841289
B19: Distribuidores GBA y Costa | C19: =+C30+C40+C50+C60+C70+C80+C90+C100+C110+C120+C130 -> 563540 | D19: =+D30+D40+D50+D60+D70+D80+D90+D100+D110+D120+D130 -> 245564.29 | E19: =+E30+E40+E50+E60+E70+E80+E90+E100+E110+E120+E130 -> 102871.53 | F19: =+F30+F40+F50+F60+F70+F80+F90+F100+F110+F120+F130 -> 348435.82 | G19: =IFERROR(+D19/C19,0) -> 0.43575308 | H19: =IFERROR(+F19/C19,0) -> 0.61829829
B20: Regionales GBA, Costa y Patagonia | C20: =+C31+C41+C51+C61+C71+C81+C91+C101+C111+C121+C131 -> 32810 | D20: =+D31+D41+D51+D61+D71+D81+D91+D101+D111+D121+D131 -> 6446 | E20: =+E31+E41+E51+E61+E71+E81+E91+E101+E111+E121+E131 -> 6182.53 | F20: =+F31+F41+F51+F61+F71+F81+F91+F101+F111+F121+F131 -> 12628.53 | G20: =IFERROR(+D20/C20,0) -> 0.19646449 | H20: =IFERROR(+F20/C20,0) -> 0.38489881
B21: Gastronomía | C21: =+C32+C42+C52+C62+C72+C82+C92+C102+C112+C122+C132 -> 307300 | D21: =+D32+D42+D52+D62+D72+D82+D92+D102+D112+D122+D132 -> 242052.16 | E21: =+E32+E42+E52+E62+E72+E82+E92+E102+E112+E122+E132 -> 26820.89 | F21: =+F32+F42+F52+F62+F72+F82+F92+F102+F112+F122+F132 -> 268873.05 | G21: =IFERROR(+D21/C21,0) -> 0.7876738 | H21: =IFERROR(+F21/C21,0) -> 0.87495298
B22: Mayoristas | C22: =+C33+C43+C53+C63+C73+C83+C93+C103+C113+C123+C133 -> 350500 | D22: =+D33+D43+D53+D63+D73+D83+D93+D103+D113+D123+D133 -> 109886.23 | E22: =+E33+E43+E53+E63+E73+E83+E93+E103+E113+E123+E133 -> 167562.59 | F22: =+F33+F43+F53+F63+F73+F83+F93+F103+F113+F123+F133 -> 277448.82 | G22: =IFERROR(+D22/C22,0) -> 0.31351278 | H22: =IFERROR(+F22/C22,0) -> 0.79158008
B23: Cadenas | C23: =+C34+C44+C54+C64+C74+C84+C94+C104+C114+C124+C134 -> 821500 | D23: =+D34+D44+D54+D64+D74+D84+D94+D104+D114+D124+D134 -> 457063.73 | E23: =+E34+E44+E54+E64+E74+E84+E94+E104+E114+E124+E134 -> 165741.1 | F23: =+F34+F44+F54+F64+F74+F84+F94+F104+F114+F124+F134 -> 622804.83 | G23: =IFERROR(+D23/C23,0) -> 0.55637703 | H23: =IFERROR(+F23/C23,0) -> 0.75813126
B24: Total | C24: =SUM(C17:C23) -> 3893300 | D24: =SUM(D17:D23) -> 2269152.1 | E24: =SUM(E17:E23) -> 700855.09 | F24: =SUM(F17:F23) -> 2970007.2 | G24: =IFERROR(+D24/C24,0) -> 0.58283515 | H24: =IFERROR(+F24/C24,0) -> 0.76285084
B27: HAMBURGUESAS | C27: Meta Total | D27: Volumen Neto | E27: Pendientes | F27: Total | G27: Avance Facturado | H27: Avance Total
B28: Distribuidores Interior | C28: =+HG!$AJ$18 -> 655000 | D28: =+HG!$AL$18 -> 487355.95 | E28: =+HG!$AK$18 -> 37342.53 | F28: =+D28+E28 -> 524698.48 | G28: =IFERROR(+D28/C28,0) -> 0.74405489 | H28: =IFERROR(+F28/C28,0) -> 0.80106638
B29: Regionales Interior | C29: =+HG!$AJ$22 -> 115000 | D29: =+HG!$AL$22 -> 82063.584 | E29: =+HG!$AK$22 -> 17739.3 | F29: =+D29+E29 -> 99802.884 | G29: =IFERROR(+D29/C29,0) -> 0.71359638 | H29: =IFERROR(+F29/C29,0) -> 0.86785117
B30: Distribuidores GBA y Costa | C30: =+HG!$AJ$28 -> 275000 | D30: =+HG!$AL$28 -> 117367 | E30: =+HG!$AK$28 -> 19352.4 | F30: =+D30+E30 -> 136719.4 | G30: =IFERROR(+D30/C30,0) -> 0.42678908 | H30: =IFERROR(+F30/C30,0) -> 0.49716144
B31: Regionales GBA, Costa y Patagonia | C31: =+HG!$AJ$30 -> 15000 | D31: =+HG!$AL$30 -> 1979.76 | E31: =+HG!$AK$30 -> 2364.49 | F31: =+D31+E31 -> 4344.25 | G31: =IFERROR(+D31/C31,0) -> 0.131984 | H31: =IFERROR(+F31/C31,0) -> 0.28961667
B32: Gastronomía | C32: =+HG!$AJ$33 -> 275000 | D32: =+HG!$AL$33 -> 220875.3 | E32: =+HG!$AK$33 -> 21931.61 | F32: =+D32+E32 -> 242806.91 | G32: =IFERROR(+D32/C32,0) -> 0.80318291 | H32: =IFERROR(+F32/C32,0) -> 0.88293422
B33: Mayoristas | C33: =+HG!$AJ$37 -> 100000 | D33: =+HG!$AL$37 -> 41774.232 | E33: =+HG!$AK$37 -> 15018.28 | F33: =+D33+E33 -> 56792.512 | G33: =IFERROR(+D33/C33,0) -> 0.41774232 | H33: =IFERROR(+F33/C33,0) -> 0.56792512
B34: Cadenas | C34: =+HG!$AJ$46 -> 370000 | D34: =+HG!$AL$46 -> 183911.53 | E34: =+HG!$AK$46 -> 74350.2 | F34: =+D34+E34 -> 258261.73 | G34: =IFERROR(+D34/C34,0) -> 0.49705819 | H34: =IFERROR(+F34/C34,0) -> 0.69800468
B35: Total | C35: =SUM(C28:C34) -> 1805000 | D35: =SUM(D28:D34) -> 1135327.4 | E35: =SUM(E28:E34) -> 188098.81 | F35: =SUM(F28:F34) -> 1323426.2 | G35: =IFERROR(+D35/C35,0) -> 0.62899022 | H35: =IFERROR(+F35/C35,0) -> 0.73320009
B37: SALCHICHAS | C37: Meta Total | D37: Volumen Neto | E37: Pendientes | F37: Total | G37: Avance Facturado | H37: Avance Total
B38: Distribuidores Interior | C38: =+SCH!$AJ$18 -> 343500 | D38: =+SCH!$AL$18 -> 200331.3 | E38: =+SCH!$AK$18 -> 54181.56 | F38: =+D38+E38 -> 254512.86 | G38: =IFERROR(+D38/C38,0) -> 0.58320611 | H38: =IFERROR(+F38/C38,0) -> 0.74093991
B39: Regionales Interior | C39: =+SCH!$AJ$22 -> 82500 | D39: =+SCH!$AL$22 -> 58047.36 | E39: =+SCH!$AK$22 -> 15522.48 | F39: =+D39+E39 -> 73569.84 | G39: =IFERROR(+D39/C39,0) -> 0.70360436 | H39: =IFERROR(+F39/C39,0) -> 0.89175564
B40: Distribuidores GBA y Costa | C40: =+SCH!$AJ$28 -> 100000 | D40: =+SCH!$AL$28 -> 61960.86 | E40: =+SCH!$AK$28 -> 5482.8 | F40: =+D40+E40 -> 67443.66 | G40: =IFERROR(+D40/C40,0) -> 0.6196086 | H40: =IFERROR(+F40/C40,0) -> 0.6744366
B41: Regionales GBA, Costa y Patagonia | C41: =+SCH!$AJ$30 -> 7000 | D41: =+SCH!$AL$30 -> 1399.08 | E41: =+SCH!$AK$30 -> 1572 | F41: =+D41+E41 -> 2971.08 | G41: =IFERROR(+D41/C41,0) -> 0.19986857 | H41: =IFERROR(+F41/C41,0) -> 0.42444
B42: Gastronomía | C42: =+SCH!$AJ$33 -> 17000 | D42: =+SCH!$AL$33 -> 11235.3 | E42: =+SCH!$AK$33 -> 69.6 | F42: =+D42+E42 -> 11304.9 | G42: =IFERROR(+D42/C42,0) -> 0.6609 | H42: =IFERROR(+F42/C42,0) -> 0.66499412
B43: Mayoristas | C43: =+SCH!$AJ$37 -> 35000 | D43: =+SCH!$AL$37 -> 16530.66 | E43: =+SCH!$AK$37 -> 4500.84 | F43: =+D43+E43 -> 21031.5 | G43: =IFERROR(+D43/C43,0) -> 0.47230457 | H43: =IFERROR(+F43/C43,0) -> 0.6009
B44: Cadenas | C44: =+SCH!$AJ$46 -> 215000 | D44: =+SCH!$AL$46 -> 107112.48 | E44: =+SCH!$AK$46 -> 43578.54 | F44: =+D44+E44 -> 150691.02 | G44: =IFERROR(+D44/C44,0) -> 0.49819758 | H44: =IFERROR(+F44/C44,0) -> 0.70088847
B45: Total | C45: =SUM(C38:C44) -> 800000 | D45: =SUM(D38:D44) -> 456617.04 | E45: =SUM(E38:E44) -> 124907.82 | F45: =SUM(F38:F44) -> 581524.86 | G45: =IFERROR(+D45/C45,0) -> 0.5707713 | H45: =IFERROR(+F45/C45,0) -> 0.72690608
B47: UNTABLES | C47: Meta Total | D47: Volumen Neto | E47: Pendientes | F47: Total | G47: Avance Facturado | H47: Avance Total
B48: Distribuidores Interior | C48: =+UNT!$AJ$18 -> 340000 | D48: =+UNT!$AL$18 -> 217783.68 | E48: =+UNT!$AK$18 -> 43955.06 | F48: =+D48+E48 -> 261738.74 | G48: =IFERROR(+D48/C48,0) -> 0.64054024 | H48: =IFERROR(+F48/C48,0) -> 0.76981982
B49: Regionales Interior | C49: =+UNT!$AJ$22 -> 100000 | D49: =+UNT!$AL$22 -> 70355.736 | E49: =+UNT!$AK$22 -> 12461.04 | F49: =+D49+E49 -> 82816.776 | G49: =IFERROR(+D49/C49,0) -> 0.70355736 | H49: =IFERROR(+F49/C49,0) -> 0.82816776
B50: Distribuidores GBA y Costa | C50: =+UNT!$AJ$28 -> 135000 | D50: =+UNT!$AL$28 -> 45429.552 | E50: =+UNT!$AK$28 -> 75838.85 | F50: =+D50+E50 -> 121268.4 | G50: =IFERROR(+D50/C50,0) -> 0.3365152 | H50: =IFERROR(+F50/C50,0) -> 0.89828446
B51: Regionales GBA, Costa y Patagonia | C51: =+UNT!$AJ$30 -> 6000 | D51: =+UNT!$AL$30 -> 2282.04 | E51: =+UNT!$AK$30 -> 905.16 | F51: =+D51+E51 -> 3187.2 | G51: =IFERROR(+D51/C51,0) -> 0.38034 | H51: =IFERROR(+F51/C51,0) -> 0.5312
B52: Gastronomía | C52: =+UNT!$AJ$33 -> 0 | D52: =+UNT!$AL$33 -> 777.6 | E52: =+UNT!$AK$33 -> 3430.08 | F52: =+D52+E52 -> 4207.68 | G52: =IFERROR(+D52/C52,0) -> 0 | H52: =IFERROR(+F52/C52,0) -> 0
B53: Mayoristas | C53: =+UNT!$AJ$37 -> 180000 | D53: =+UNT!$AL$37 -> 34509.696 | E53: =+UNT!$AK$37 -> 137099.11 | F53: =+D53+E53 -> 171608.81 | G53: =IFERROR(+D53/C53,0) -> 0.19172053 | H53: =IFERROR(+F53/C53,0) -> 0.95338226
B54: Cadenas | C54: =+UNT!$AJ$46 -> 150000 | D54: =+UNT!$AL$46 -> 106380.48 | E54: =+UNT!$AK$46 -> 30155.76 | F54: =+D54+E54 -> 136536.24 | G54: =IFERROR(+D54/C54,0) -> 0.7092032 | H54: =IFERROR(+F54/C54,0) -> 0.9102416
B55: Total | C55: =SUM(C48:C54) -> 911000 | D55: =SUM(D48:D54) -> 477518.78 | E55: =SUM(E48:E54) -> 303845.06 | F55: =SUM(F48:F54) -> 781363.84 | G55: =IFERROR(+D55/C55,0) -> 0.52416991 | H55: =IFERROR(+F55/C55,0) -> 0.85769906
B57: ATUN | C57: Meta Total | D57: Volumen Neto | E57: Pendientes | F57: Total | G57: Avance Facturado | H57: Avance Total
B58: Distribuidores Interior | C58: =+ATUN!$AJ$18 -> 8450 | D58: =+ATUN!$AL$18 -> 2578.56 | E58: =+ATUN!$AK$18 -> 2725.44 | F58: =+D58+E58 -> 5304 | G58: =IFERROR(+D58/C58,0) -> 0.30515503 | H58: =IFERROR(+F58/C58,0) -> 0.62769231
B59: Regionales Interior | C59: =+ATUN!$AJ$22 -> 1000 | D59: =+ATUN!$AL$22 -> 693.6 | E59: =+ATUN!$AK$22 -> 816 | F59: =+D59+E59 -> 1509.6 | G59: =IFERROR(+D59/C59,0) -> 0.6936 | H59: =IFERROR(+F59/C59,0) -> 1.5096
B60: Distribuidores GBA y Costa | C60: =+ATUN!$AJ$28 -> 1500 | D60: =+ATUN!$AL$28 -> 701.76 | E60: =+ATUN!$AK$28 -> 0 | F60: =+D60+E60 -> 701.76 | G60: =IFERROR(+D60/C60,0) -> 0.46784 | H60: =IFERROR(+F60/C60,0) -> 0.46784
B61: Regionales GBA, Costa y Patagonia | C61: =+ATUN!$AJ$30 -> 50 | D61: =+ATUN!$AL$30 -> 0 | E61: =+ATUN!$AK$30 -> 0 | F61: =+D61+E61 -> 0 | G61: =IFERROR(+D61/C61,0) -> 0 | H61: =IFERROR(+F61/C61,0) -> 0
B62: Gastronomía | C62: =+ATUN!$AJ$33 -> 0 | D62: =+ATUN!$AL$33 -> 0 | E62: =+ATUN!$AK$33 -> 0 | F62: =+D62+E62 -> 0 | G62: =IFERROR(+D62/C62,0) -> 0 | H62: =IFERROR(+F62/C62,0) -> 0
B63: Mayoristas | C63: =+ATUN!$AJ$37 -> 0 | D63: =+ATUN!$AL$37 -> 0 | E63: =+ATUN!$AK$37 -> 0 | F63: =+D63+E63 -> 0 | G63: =IFERROR(+D63/C63,0) -> 0 | H63: =IFERROR(+F63/C63,0) -> 0
B64: Cadenas | C64: =+ATUN!$AJ$46 -> 0 | D64: =+ATUN!$AL$46 -> 0 | E64: =+ATUN!$AK$46 -> 0 | F64: =+D64+E64 -> 0 | G64: =IFERROR(+D64/C64,0) -> 0 | H64: =IFERROR(+F64/C64,0) -> 0
B65: Total | C65: =SUM(C58:C64) -> 11000 | D65: =SUM(D58:D64) -> 3973.92 | E65: =SUM(E58:E64) -> 3541.44 | F65: =SUM(F58:F64) -> 7515.36 | G65: =IFERROR(+D65/C65,0) -> 0.36126545 | H65: =IFERROR(+F65/C65,0) -> 0.68321455
B67: REBOZADOS DE CARNE | C67: Meta Total | D67: Volumen Neto | E67: Pendientes | F67: Total | G67: Avance Facturado | H67: Avance Total
B68: Distribuidores Interior | C68: =+RB!$AJ$18 -> 45000 | D68: =+RB!$AL$18 -> 22024.32 | E68: =+RB!$AK$18 -> 3449.44 | F68: =+D68+E68 -> 25473.76 | G68: =IFERROR(+D68/C68,0) -> 0.48942933 | H68: =IFERROR(+F68/C68,0) -> 0.56608356
B69: Regionales Interior | C69: =+RB!$AJ$22 -> 19000 | D69: =+RB!$AL$22 -> 10716.56 | E69: =+RB!$AK$22 -> 3621.2 | F69: =+D69+E69 -> 14337.76 | G69: =IFERROR(+D69/C69,0) -> 0.56402947 | H69: =IFERROR(+F69/C69,0) -> 0.75461895
B70: Distribuidores GBA y Costa | C70: =+RB!$AJ$28 -> 29000 | D70: =+RB!$AL$28 -> 11261.12 | E70: =+RB!$AK$28 -> 1054.08 | F70: =+D70+E70 -> 12315.2 | G70: =IFERROR(+D70/C70,0) -> 0.38831448 | H70: =IFERROR(+F70/C70,0) -> 0.42466207
B71: Regionales GBA, Costa y Patagonia | C71: =+RB!$AJ$30 -> 3000 | D71: =+RB!$AL$30 -> 423.52 | E71: =+RB!$AK$30 -> 332.08 | F71: =+D71+E71 -> 755.6 | G71: =IFERROR(+D71/C71,0) -> 0.14117333 | H71: =IFERROR(+F71/C71,0) -> 0.25186667
B72: Gastronomía | C72: =+RB!$AJ$33 -> 10000 | D72: =+RB!$AL$33 -> 5106.56 | E72: =+RB!$AK$33 -> 1039.6 | F72: =+D72+E72 -> 6146.16 | G72: =IFERROR(+D72/C72,0) -> 0.510656 | H72: =IFERROR(+F72/C72,0) -> 0.614616
B73: Mayoristas | C73: =+RB!$AJ$37 -> 20000 | D73: =+RB!$AL$37 -> 10093.04 | E73: =+RB!$AK$37 -> 7146.16 | F73: =+D73+E73 -> 17239.2 | G73: =IFERROR(+D73/C73,0) -> 0.504652 | H73: =IFERROR(+F73/C73,0) -> 0.86196
B74: Cadenas | C74: =+RB!$AJ$46 -> 48000 | D74: =+RB!$AL$46 -> 41663.44 | E74: =+RB!$AK$46 -> 9984 | F74: =+D74+E74 -> 51647.44 | G74: =IFERROR(+D74/C74,0) -> 0.86798833 | H74: =IFERROR(+F74/C74,0) -> 1.0759883
B75: Total | C75: =SUM(C68:C74) -> 174000 | D75: =SUM(D68:D74) -> 101288.56 | E75: =SUM(E68:E74) -> 26626.56 | F75: =SUM(F68:F74) -> 127915.12 | G75: =IFERROR(+D75/C75,0) -> 0.58211816 | H75: =IFERROR(+F75/C75,0) -> 0.73514437
B77: REBOZADOS DE VEGETALES | C77: Meta Total | D77: Volumen Neto | E77: Pendientes | F77: Total | G77: Avance Facturado | H77: Avance Total
B78: Distribuidores Interior | C78: =+SJ!$AJ$18 -> 9000 | D78: =+SJ!$AL$18 -> 6040 | E78: =+SJ!$AK$18 -> 1490.6 | F78: =+D78+E78 -> 7530.6 | G78: =IFERROR(+D78/C78,0) -> 0.67111111 | H78: =IFERROR(+F78/C78,0) -> 0.83673333
B79: Regionales Interior | C79: =+SJ!$AJ$22 -> 5000 | D79: =+SJ!$AL$22 -> 3952.6 | E79: =+SJ!$AK$22 -> 622.6 | F79: =+D79+E79 -> 4575.2 | G79: =IFERROR(+D79/C79,0) -> 0.79052 | H79: =IFERROR(+F79/C79,0) -> 0.91504
B80: Distribuidores GBA y Costa | C80: =+SJ!$AJ$28 -> 3500 | D80: =+SJ!$AL$28 -> 1860.6 | E80: =+SJ!$AK$28 -> 256 | F80: =+D80+E80 -> 2116.6 | G80: =IFERROR(+D80/C80,0) -> 0.5316 | H80: =IFERROR(+F80/C80,0) -> 0.60474286
B81: Regionales GBA, Costa y Patagonia | C81: =+SJ!$AJ$30 -> 500 | D81: =+SJ!$AL$30 -> 42.6 | E81: =+SJ!$AK$30 -> 59 | F81: =+D81+E81 -> 101.6 | G81: =IFERROR(+D81/C81,0) -> 0.0852 | H81: =IFERROR(+F81/C81,0) -> 0.2032
B82: Gastronomía | C82: =+SJ!$AJ$33 -> 0 | D82: =+SJ!$AL$33 -> 5.4 | E82: =+SJ!$AK$33 -> 0 | F82: =+D82+E82 -> 5.4 | G82: =IFERROR(+D82/C82,0) -> 0 | H82: =IFERROR(+F82/C82,0) -> 0
B83: Mayoristas | C83: =+SJ!$AJ$37 -> 2000 | D83: =+SJ!$AL$37 -> 814.8 | E83: =+SJ!$AK$37 -> 782 | F83: =+D83+E83 -> 1596.8 | G83: =IFERROR(+D83/C83,0) -> 0.4074 | H83: =IFERROR(+F83/C83,0) -> 0.7984
B84: Cadenas | C84: =+SJ!$AJ$46 -> 9000 | D84: =+SJ!$AL$46 -> 4626.4 | E84: =+SJ!$AK$46 -> 986.2 | F84: =+D84+E84 -> 5612.6 | G84: =IFERROR(+D84/C84,0) -> 0.51404444 | H84: =IFERROR(+F84/C84,0) -> 0.62362222
B85: Total | C85: =SUM(C78:C84) -> 29000 | D85: =SUM(D78:D84) -> 17342.4 | E85: =SUM(E78:E84) -> 4196.4 | F85: =SUM(F78:F84) -> 21538.8 | G85: =IFERROR(+D85/C85,0) -> 0.59801379 | H85: =IFERROR(+F85/C85,0) -> 0.74271724
B87: GRASA | C87: Meta Total | D87: Volumen Neto | E87: Pendientes | F87: Total | G87: Avance Facturado | H87: Avance Total
B88: Distribuidores Interior | C88: =+GRASA!$AJ$18 -> 25000 | D88: =+GRASA!$AL$18 -> 13065 | E88: =+GRASA!$AK$18 -> 26355 | F88: =+D88+E88 -> 39420 | G88: =IFERROR(+D88/C88,0) -> 0.5226 | H88: =IFERROR(+F88/C88,0) -> 1.5768
B89: Regionales Interior | C89: =+GRASA!$AJ$22 -> 8000 | D89: =+GRASA!$AL$22 -> 4714 | E89: =+GRASA!$AK$22 -> 3831 | F89: =+D89+E89 -> 8545 | G89: =IFERROR(+D89/C89,0) -> 0.58925 | H89: =IFERROR(+F89/C89,0) -> 1.068125
B90: Distribuidores GBA y Costa | C90: =+GRASA!$AJ$28 -> 3000 | D90: =+GRASA!$AL$28 -> 528 | E90: =+GRASA!$AK$28 -> 25 | F90: =+D90+E90 -> 553 | G90: =IFERROR(+D90/C90,0) -> 0.176 | H90: =IFERROR(+F90/C90,0) -> 0.18433333
B91: Regionales GBA, Costa y Patagonia | C91: =+GRASA!$AJ$30 -> 1000 | D91: =+GRASA!$AL$30 -> 123 | E91: =+GRASA!$AK$30 -> 940 | F91: =+D91+E91 -> 1063 | G91: =IFERROR(+D91/C91,0) -> 0.123 | H91: =IFERROR(+F91/C91,0) -> 1.063
B92: Gastronomía | C92: =+GRASA!$AJ$33 -> 0 | D92: =+GRASA!$AL$33 -> 0 | E92: =+GRASA!$AK$33 -> 0 | F92: =+D92+E92 -> 0 | G92: =IFERROR(+D92/C92,0) -> 0 | H92: =IFERROR(+F92/C92,0) -> 0
B93: Mayoristas | C93: =+GRASA!$AJ$37 -> 5000 | D93: =+GRASA!$AL$37 -> 3010 | E93: =+GRASA!$AK$37 -> 2155 | F93: =+D93+E93 -> 5165 | G93: =IFERROR(+D93/C93,0) -> 0.602 | H93: =IFERROR(+F93/C93,0) -> 1.033
B94: Cadenas | C94: =+GRASA!$AJ$46 -> 17000 | D94: =+GRASA!$AL$46 -> 4579 | E94: =+GRASA!$AK$46 -> 4638 | F94: =+D94+E94 -> 9217 | G94: =IFERROR(+D94/C94,0) -> 0.26935294 | H94: =IFERROR(+F94/C94,0) -> 0.54217647
B95: Total | C95: =SUM(C88:C94) -> 59000 | D95: =SUM(D88:D94) -> 26019 | E95: =SUM(E88:E94) -> 37944 | F95: =SUM(F88:F94) -> 63963 | G95: =IFERROR(+D95/C95,0) -> 0.441 | H95: =IFERROR(+F95/C95,0) -> 1.0841186
B97: CARNE PICADA | C97: Meta Total | D97: Volumen Neto | E97: Pendientes | F97: Total | G97: Avance Facturado | H97: Avance Total
B98: Distribuidores Interior | C98: =+PICADA!$AJ$18 -> 14000 | D98: =+PICADA!$AL$18 -> 6364 | E98: =+PICADA!$AK$18 -> 3966 | F98: =+D98+E98 -> 10330 | G98: =IFERROR(+D98/C98,0) -> 0.45457143 | H98: =IFERROR(+F98/C98,0) -> 0.73785714
B99: Regionales Interior | C99: =+PICADA!$AJ$22 -> 0 | D99: =+PICADA!$AL$22 -> 0 | E99: =+PICADA!$AK$22 -> 0 | F99: =+D99+E99 -> 0 | G99: =IFERROR(+D99/C99,0) -> 0 | H99: =IFERROR(+F99/C99,0) -> 0
B100: Distribuidores GBA y Costa | C100: =+PICADA!$AJ$28 -> 3000 | D100: =+PICADA!$AL$28 -> 1048 | E100: =+PICADA!$AK$28 -> 180 | F100: =+D100+E100 -> 1228 | G100: =IFERROR(+D100/C100,0) -> 0.34933333 | H100: =IFERROR(+F100/C100,0) -> 0.40933333
B101: Regionales GBA, Costa y Patagonia | C101: =+PICADA!$AJ$30 -> 0 | D101: =+PICADA!$AL$30 -> 0 | E101: =+PICADA!$AK$30 -> 0 | F101: =+D101+E101 -> 0 | G101: =IFERROR(+D101/C101,0) -> 0 | H101: =IFERROR(+F101/C101,0) -> 0
B102: Gastronomía | C102: =+PICADA!$AJ$33 -> 0 | D102: =+PICADA!$AL$33 -> 0 | E102: =+PICADA!$AK$33 -> 0 | F102: =+D102+E102 -> 0 | G102: =IFERROR(+D102/C102,0) -> 0 | H102: =IFERROR(+F102/C102,0) -> 0
B103: Mayoristas | C103: =+PICADA!$AJ$37 -> 0 | D103: =+PICADA!$AL$37 -> 0 | E103: =+PICADA!$AK$37 -> 0 | F103: =+D103+E103 -> 0 | G103: =IFERROR(+D103/C103,0) -> 0 | H103: =IFERROR(+F103/C103,0) -> 0
B104: Cadenas | C104: =+PICADA!$AJ$46 -> 1000 | D104: =+PICADA!$AL$46 -> 0 | E104: =+PICADA!$AK$46 -> 0 | F104: =+D104+E104 -> 0 | G104: =IFERROR(+D104/C104,0) -> 0 | H104: =IFERROR(+F104/C104,0) -> 0
B105: Total | C105: =SUM(C98:C104) -> 18000 | D105: =SUM(D98:D104) -> 7412 | E105: =SUM(E98:E104) -> 4146 | F105: =SUM(F98:F104) -> 11558 | G105: =IFERROR(+D105/C105,0) -> 0.41177778 | H105: =IFERROR(+F105/C105,0) -> 0.64211111
B107: PAPAS | C107: Meta Total | D107: Volumen Neto | E107: Pendientes | F107: Total | G107: Avance Facturado | H107: Avance Total
B108: Distribuidores Interior | C108: =+PAPAS!$AJ$18 -> 32000 | D108: =+PAPAS!$AL$18 -> 14532 | E108: =+PAPAS!$AK$18 -> 1737.4 | F108: =+D108+E108 -> 16269.4 | G108: =IFERROR(+D108/C108,0) -> 0.454125 | H108: =IFERROR(+F108/C108,0) -> 0.50841875
B109: Regionales Interior | C109: =+PAPAS!$AJ$22 -> 8500 | D109: =+PAPAS!$AL$22 -> 4790.8 | E109: =+PAPAS!$AK$22 -> 1395.8 | F109: =+D109+E109 -> 6186.6 | G109: =IFERROR(+D109/C109,0) -> 0.56362353 | H109: =IFERROR(+F109/C109,0) -> 0.72783529
B110: Distribuidores GBA y Costa | C110: =+PAPAS!$AJ$28 -> 12500 | D110: =+PAPAS!$AL$28 -> 5369 | E110: =+PAPAS!$AK$28 -> 644 | F110: =+D110+E110 -> 6013 | G110: =IFERROR(+D110/C110,0) -> 0.42952 | H110: =IFERROR(+F110/C110,0) -> 0.48104
B111: Regionales GBA, Costa y Patagonia | C111: =+PAPAS!$AJ$30 -> 200 | D111: =+PAPAS!$AL$30 -> 196 | E111: =+PAPAS!$AK$30 -> 9.8 | F111: =+D111+E111 -> 205.8 | G111: =IFERROR(+D111/C111,0) -> 0.98 | H111: =IFERROR(+F111/C111,0) -> 1.029
...

Sheet HG
B1: HAMBURGUESAS - ARG | C1: HAMBURGUESAS - ARG
B2: Área | C2: Jefe | D2: Ejecutivo | E2: Julio '23 | F2: Agosto '23 | G2: Septiembre '23 | H2: Octubre '23 | I2: Noviembre '23 | J2: Diciembre '23 | K2: Enero '24 | L2: Febrero '24 | M2: Marzo '24 | N2: Abril '24 | O2: Mayo '24 | P2: Junio '24 | Q2: Julio '24 | R2: Agosto '24 | S2: Septiembre '24 | T2: Octubre '24 | U2: Noviembre '24 | V2: Diciembre '24 | W2: Enero '25 | X2: Febrero '25 | Y2: Marzo '25 | Z2: Abril '25 | AA2: Mayo '25 | AB2: Junio '25 | AC2: Julio '25 | AD2: Agosto '25 | AE2: Septiembre '25 | AF2: Octubre '25 | AG2: Noviembre '25 | AH2: Diciembre '25 | AI2: Enero '26 | AJ2: Meta Febrero '26 | AK2: Pendiente | AL2: Ventas | AM2: Avance Neto | AN2: Total | AO2: Avance Total
B3: Rosario | C3: ADRIAN DALLA VERDE | D3: BESSONE JUAN MANUEL (VENDEDOR) | E3: 0 | F3: 0 | G3: 0 | H3: 0 | I3: 0 | J3: 0 | K3: 0 | L3: 0 | M3: 0 | N3: 0 | O3: 0 | P3: 62.4 | Q3: 0 | R3: 0 | S3: 0 | T3: 0 | U3: 0 | V3: 0 | W3: 0 | X3: 0 | Y3: 0 | Z3: 0 | AA3: 0 | AB3: 0 | AC3: 0 | AD3: 0 | AE3: 0 | AF3: 0 | AG3: 0 | AH3: 0 | AI3: 0 | AJ3: 0 | AK3: 0 | AL3: 0 | AM3: =IFERROR(AL3/AJ3,0) -> 0 | AN3: =+AK3+AL3 -> 0 | AO3: =IFERROR(+AN3/AJ3,0) -> 0
B4: Litoral | C4: ADRIAN DALLA VERDE | D4: FUNES ANDRES | E4: 54023.412 | F4: 66871.644 | G4: 59695.788 | H4: 79388.676 | I4: 69537.408 | J4: 74386.884 | K4: 62382.144 | L4: 56434.536 | M4: 37536.96 | N4: 54851.196 | O4: 50930.7 | P4: 57901.164 | Q4: 71669.292 | R4: 59149.08 | S4: 58956.168 | T4: 68284.14 | U4: 69382.992 | V4: 80921.664 | W4: 75468.288 | X4: 74942.892 | Y4: 76115.784 | Z4: 72344.124 | AA4: 70194.06 | AB4: 67410.288 | AC4: 74097.9 | AD4: 69158.604 | AE4: 65285.208 | AF4: 73477.656 | AG4: 73908.468 | AH4: 83421.936 | AI4: 77918.076 | AJ4: 77000 | AK4: 0 | AL4: 66709.44 | AM4: =IFERROR(AL4/AJ4,0) -> 0.86635636 | AN4: =+AK4+AL4 -> 66709.44 | AO4: =IFERROR(+AN4/AJ4,0) -> 0.86635636
B5: Litoral | C5: ADRIAN DALLA VERDE | D5: SCARAFIA YAMIL HERMES | E5: 32344.32 | F5: 45905.064 | G5: 40231.824 | H5: 40556.064 | I5: 34710.504 | J5: 29321.568 | K5: 47604.648 | L5: 39854.868 | M5: 26329.896 | N5: 18569.988 | O5: 24726.156 | P5: 30948.708 | Q5: 36496.872 | R5: 29871.252 | S5: 30824.316 | T5: 39798.492 | U5: 46100.52 | V5: 53965.716 | W5: 61071.276 | X5: 59800.596 | Y5: 58258.068 | Z5: 43380.048 | AA5: 59276.76 | AB5: 52994.196 | AC5: 55251.492 | AD5: 64275.036 | AE5: 66028.344 | AF5: 33776.82 | AG5: 51577.176 | AH5: 58192.896 | AI5: 77962.236 | AJ5: 61000 | AK5: 0 | AL5: 29542.716 | AM5: =IFERROR(AL5/AJ5,0) -> 0.48430682 | AN5: =+AK5+AL5 -> 29542.716 | AO5: =IFERROR(+AN5/AJ5,0) -> 0.48430682 | AP5: VAZQUEZ ALEJANDRO MARCELO
B6: Litoral | C6: ADRIAN DALLA VERDE | D6: GENTILE NICOLAS | E6: 29828.652 | F6: 40491.732 | G6: 34919.424 | H6: 41725.92 | I6: 41941.032 | J6: 35425.86 | K6: 31188.612 | L6: 31869.78 | M6: 27906.852 | N6: 27344.928 | O6: 27080.496 | P6: 30229.284 | Q6: 26633.868 | R6: 33241.344 | S6: 33425.46 | T6: 35130.036 | U6: 39285.276 | V6: 39051.096 | W6: 42752.328 | X6: 39900.984 | Y6: 41237.484 | Z6: 39916.224 | AA6: 36131.748 | AB6: 28044.42 | AC6: 35835.264 | AD6: 34264.836 | AE6: 25961.244 | AF6: 48764.364 | AG6: 42530.052 | AH6: 51834.756 | AI6: 43700.628 | AJ6: 45000 | AK6: 3154.49 | AL6: 30158.304 | AM6: =IFERROR(AL6/AJ6,0) -> 0.67018453 | AN6: =+AK6+AL6 -> 33312.794 | AO6: =IFERROR(+AN6/AJ6,0) -> 0.74028431
B7: NOA | C7: ADRIAN DALLA VERDE | D7: PAZ CARRANZA EDUARDO | E7: 84565.68 | F7: 85809.468 | G7: 84546.948 | H7: 89775.792 | I7: 83980.176 | J7: 81280.452 | K7: 95285.064 | L7: 84829.8 | M7: 78425.364 | N7: 80592.576 | O7: 93610.908 | P7: 41961.3 | Q7: 45991.224 | R7: 48329.304 | S7: 44047.236 | T7: 61483.74 | U7: 63143.544 | V7: 59391.96 | W7: 40713.852 | X7: 78437.172 | Y7: 45768.648 | Z7: 69783.096 | AA7: 70747.944 | AB7: 60234.168 | AC7: 81973.068 | AD7: 59574.132 | AE7: 77077.2 | AF7: 66892.272 | AG7: 58670.688 | AH7: 67720.752 | AI7: 70521.6 | AJ7: 69000 | AK7: 7721.35 | AL7: 59241.588 | AM7: =IFERROR(AL7/AJ7,0) -> 0.85857374 | AN7: =+AK7+AL7 -> 66962.938 | AO7: =IFERROR(+AN7/AJ7,0) -> 0.97047736
B8: NOA | C8: ADRIAN DALLA VERDE | D8: APUD ALEXANDER DARIO | O8: 0 | P8: 57648.372 | Q8: 68377.488 | R8: 51019.62 | S8: 48673.644 | T8: 81418.644 | U8: 60838.824 | V8: 72671.82 | W8: 66298.452 | X8: 91393.344 | Y8: 80848.032 | Z8: 89346.888 | AA8: 90920.628 | AB8: 96227.016 | AC8: 90119.7 | AD8: 92124.66 | AE8: 87152.064 | AF8: 84984.456 | AG8: 84675.66 | AH8: 89001.192 | AI8: 89098.26 | AJ8: 88000 | AK8: 4929.26 | AL8: 76841.988 | AM8: =IFERROR(AL8/AJ8,0) -> 0.87320441 | AN8: =+AK8+AL8 -> 81771.248 | AO8: =IFERROR(+AN8/AJ8,0) -> 0.92921873
B9: NEA | C9: ADRIAN DALLA VERDE | D9: ROBLEDO JORGE LUIS | E9: 26413.512 | F9: 29079.36 | G9: 21742.356 | H9: 24827.604 | I9: 27509.808 | J9: 29238.024 | K9: 33117.012 | L9: 22371.444 | M9: 20208.504 | N9: 28795.116 | O9: 26166.3 | P9: 28760.724 | Q9: 28327.896 | R9: 31781.244 | S9: 26621.292 | T9: 35469.864 | U9: 33930 | V9: 39924.888 | W9: 38704.848 | X9: 36667.824 | Y9: 43266.924 | Z9: 34425.216 | AA9: 31661.556 | AB9: 35649.876 | AC9: 43037.868 | AD9: 43887.972 | AE9: 39990.636 | AF9: 39370.872 | AG9: 41871.924 | AH9: 45102 | AI9: 46599.696 | AJ9: 45500 | AK9: 148.51 | AL9: 36164.424 | AM9: =IFERROR(AL9/AJ9,0) -> 0.79482251 | AN9: =+AK9+AL9 -> 36312.934 | AO9: =IFERROR(+AN9/AJ9,0) -> 0.79808646
B10: NEA | C10: ADRIAN DALLA VERDE | D10: SANCHEZ JUAN CARLOS | E10: 26059.02 | F10: 24381.924 | G10: 26818.128 | H10: 22993.836 | I10: 29871.864 | J10: 32663.628 | K10: 29563.188 | L10: 22781.472 | M10: 17335.68 | N10: 23189.832 | O10: 23627.052 | P10: 23566.92 | Q10: 25677.432 | R10: 25310.064 | S10: 27807.456 | T10: 27517.164 | U10: 33962.832 | V10: 26590.764 | W10: 33914.1 | X10: 31566.336 | Y10: 38964.432 | Z10: 34453.02 | AA10: 29991.696 | AB10: 33008.928 | AC10: 35097.912 | AD10: 34078.644 | AE10: 34104.876 | AF10: 25508.424 | AG10: 27845.556 | AH10: 25577.508 | AI10: 35409.888 | AJ10: 34500 | AK10: 390.13 | AL10: 22738.704 | AM10: =IFERROR(AL10/AJ10,0) -> 0.65909287 | AN10: =+AK10+AL10 -> 23128.834 | AO10: =IFERROR(+AN10/AJ10,0) -> 0.67040099
B11: Cuyo | C11: MARCELO VEGA | D11: VIVARES ABEL MAURICIO | E11: 19622.88 | F11: 20468.952 | G11: 16898.7 | H11: 19258.044 | I11: 20219.268 | J11: 21562.98 | K11: 19187.988 | L11: 20701.716 | M11: 15292.68 | N11: 13887.264 | O11: 14345.832 | P11: 16029.888 | Q11: 18950.484 | R11: 19757.616 | S11: 21269.124 | T11: 21891.384 | U11: 28209.624 | V11: 28961.772 | W11: 27771.36 | X11: 26485.284 | Y11: 25513.344 | Z11: 27463.428 | AA11: 30246.252 | AB11: 30219.432 | AC11: 31862.856 | AD11: 30680.34 | AE11: 29009.64 | AF11: 33060.444 | AG11: 38319.684 | AH11: 38171.844 | AI11: 35634.672 | AJ11: 32500 | AK11: 2116.97 | AL11: 20664.432 | AM11: =IFERROR(AL11/AJ11,0) -> 0.63582868 | AN11: =+AK11+AL11 -> 22781.402 | AO11: =IFERROR(+AN11/AJ11,0) -> 0.70096622
B12: Cuyo | C12: MARCELO VEGA | D12: ANDINO FACUNDO NICOLAS | E12: 31655.16 | F12: 28563.432 | G12: 28647.3 | H12: 22871.604 | I12: 28876.044 | J12: 31561.824 | K12: 23623.74 | L12: 29498.568 | M12: 22222.416 | N12: 18013.272 | O12: 14102.616 | P12: 16101.36 | Q12: 18314.82 | R12: 16637.076 | S12: 18568.536 | T12: 21631.104 | U12: 19852.164 | V12: 21227.136 | W12: 26773.068 | X12: 28614.516 | Y12: 24336.06 | Z12: 28258.092 | AA12: 28343.616 | AB12: 28488 | AC12: 29349.168 | AD12: 29035.488 | AE12: 28639.92 | AF12: 26564.676 | AG12: 26192.952 | AH12: 30267.78 | AI12: 33070.488 | AJ12: 29500 | AK12: 4283.58 | AL12: 26172.588 | AM12: =IFERROR(AL12/AJ12,0) -> 0.88720637 | AN12: =+AK12+AL12 -> 30456.168 | AO12: =IFERROR(+AN12/AJ12,0) -> 1.0324125
B13: Cordoba | C13: MARCELO VEGA | D13: SCHAIGORODSKY IGNACIO | E13: 6177.084 | F13: 3040.488 | K13: 17424.084 | L13: 15885.348 | M13: 14900.928 | N13: 14429.664 | O13: 17983.836 | P13: 14730.78 | Q13: 18029.124 | R13: 16854.9 | S13: 18539.808 | T13: 21747.336 | U13: 24091.944 | V13: 27284.772 | W13: 38046.756 | X13: 30801.516 | Y13: 23472.504 | Z13: 31131.024 | AA13: 31200.396 | AB13: 27626.364 | AC13: 30766.716 | AD13: 29420.388 | AE13: 27535.224 | AF13: 33759.072 | AG13: 34800.132 | AH13: 37243.212 | AI13: 43001.34 | AJ13: 34000 | AK13: 807.34 | AL13: 28084.548 | AM13: =IFERROR(AL13/AJ13,0) -> 0.82601612 | AN13: =+AK13+AL13 -> 28891.888 | AO13: =IFERROR(+AN13/AJ13,0) -> 0.84976141
B14: Cordoba | C14: MARCELO VEGA | D14: FELLINI FERNANDO JOSE MARIA | E14: 16428.876 | F14: 18913.044 | G14: 18901.08 | H14: 21754.908 | I14: 22757.244 | J14: 21504.456 | K14: 16503.324 | L14: 13441.188 | M14: 7701.3 | N14: 8954.88 | O14: 0 | P14: 0 | Q14: 0 | R14: 0 | S14: 0 | T14: 0 | U14: 0 | V14: 0 | W14: 0 | X14: 0 | Y14: 0 | Z14: 0 | AA14: 0 | AB14: 0 | AC14: 0 | AD14: 0 | AE14: 0 | AF14: 0 | AG14: 0 | AH14: 0 | AI14: 0 | AK14: 0 | AL14: 0 | AM14: =IFERROR(AL14/AJ14,0) -> 0 | AN14: =+AK14+AL14 -> 0 | AO14: =IFERROR(+AN14/AJ14,0) -> 0
B15: Cordoba | C15: MARCELO VEGA | D15: ORGAZ GUSTAVO EMANUEL | E15: 21415.896 | F15: 27814.5 | G15: 21434.532 | H15: 27302.676 | I15: 32519.076 | J15: 19189.296 | K15: 21019.524 | L15: 16016.256 | M15: 17611.44 | N15: 11539.932 | O15: 16663.152 | P15: 21320.616 | Q15: 19834.74 | R15: 19699.404 | S15: 21783.732 | T15: 30427.236 | U15: 25294.788 | V15: 29663.46 | W15: 26398.404 | X15: 30273.396 | Y15: 26406.864 | Z15: 28239.66 | AA15: 30347.712 | AB15: 28031.748 | AC15: 32834.316 | AD15: 28567.704 | AE15: 33573.108 | AF15: 23342.34 | AG15: 27226.008 | AH15: 37710.108 | AI15: 35367.396 | AJ15: 33000 | AK15: 1565.51 | AL15: 20986.008 | AM15: =IFERROR(AL15/AJ15,0) -> 0.63593964 | AN15: =+AK15+AL15 -> 22551.518 | AO15: =IFERROR(+AN15/AJ15,0) -> 0.68337933
B16: Patagonia | C16: MARCELO VEGA | D16: ALONSO GUSTAVO DANIEL | E16: 34303.896 | F16: 36177.564 | G16: 31297.764 | H16: 30369.552 | I16: 27988.356 | J16: 29764.404 | K16: 34140.972 | L16: 30358.956 | M16: 27330.444 | N16: 20178.168 | O16: 23466.42 | P16: 24507.9 | Q16: 27907.524 | R16: 26742.612 | S16: 28593.828 | T16: 31728.768 | U16: 35308.044 | V16: 42318.78 | W16: 42158.94 | X16: 36387.912 | Y16: 48951.276 | Z16: 52579.308 | AA16: 53343.144 | AB16: 43186.668 | AC16: 52897.236 | AD16: 40676.16 | AE16: 44996.64 | AF16: 46959.516 | AG16: 39968.736 | AH16: 64584.72 | AI16: 53037.444 | AJ16: 49500 | AK16: 9266.4 | AL16: 26892.564 | AM16: =IFERROR(AL16/AJ16,0) -> 0.54328412 | AN16: =+AK16+AL16 -> 36158.964 | AO16: =IFERROR(+AN16/AJ16,0) -> 0.73048412
B17: Patagonia | C17: MARCELO VEGA | D17: VILOTTA SEBASTIAN | E17: 53055.828 | F17: 65495.304 | G17: 32182.488 | H17: 57687.744 | I17: 37634.724 | J17: 61934.928 | K17: 51277.968 | L17: 47225.82 | M17: 29263.824 | N17: 41223.3 | O17: 45292.512 | P17: 48059.772 | Q17: 70928.04 | R17: 49189.32 | S17: 58125.912 | T17: 74590.62 | U17: 58504.824 | V17: 53668.896 | W17: 58993.164 | X17: 56183.376 | Y17: 54426.348 | Z17: 67204.608 | AA17: 52915.824 | AB17: 52810.188 | AC17: 67680.384 | AD17: 51392.256 | AE17: 46525.764 | AF17: 56809.272 | AG17: 43432.584 | AH17: 76389.72 | AI17: 67066.836 | AJ17: 56500 | AK17: 2958.99 | AL17: 43158.648 | AM17: =IFERROR(AL17/AJ17,0) -> 0.76386988 | AN17: =+AK17+AL17 -> 46117.638 | AO17: =IFERROR(+AN17/AJ17,0) -> 0.81624138
D18: Subtotal Distribuidores Interior | E18: =+SUM(E3:E17) -> 435894.22 | F18: =+SUM(F3:F17) -> 493012.48 | G18: =+SUM(G3:G17) -> 417316.33 | H18: =+SUM(H3:H17) -> 478512.42 | I18: =+SUM(I3:I17) -> 457545.5 | J18: =+SUM(J3:J17) -> 467834.3 | K18: =+SUM(K3:K17) -> 482318.27 | L18: =+SUM(L3:L17) -> 431269.75 | ... AD18: =+SUM(AD3:AD17) -> 607136.22 | AE18: 605879.87 | AF18: 593270.18 | AG18: 591019.62 | AH18: 705218.42 | AI18: 708388.56 | AJ18: 655000 | AK18: =+SUM(AK3:AK17) -> 37342.53 | AL18: =+SUM(AL3:AL17) -> 487355.95 | AM18: =IFERROR(AL18/AJ18,0) -> 0.74405489 | AN18: =+SUM(AN3:AN17) -> 524698.48 | AO18: =IFERROR(+AN18/AJ18,0) -> 0.80106638
A19: HAMBURGUESAS - ARG | B19: Interior - Cadenas | C19: JUAN BESSONE | D19: CABARDOS CLAUDIO SANTIAGO | E19: 14394.012 | F19: 10808.94 | G19: 16067.856 | H19: 16709.544 | I19: 19013.592 | J19: 12985.236 | K19: 13868.136 | L19: 13402.68 | M19: 15104.364 | N19: 15014.784 | O19: 20522.4 | P19: 23385.564 | Q19: 20128.268 | R19: 19132.964 | S19: 18282.032 | T19: 25154.624 | U19: 20852.144 | V19: 16976.376 | W19: 23453.772 | X19: 19247.788 | Y19: 17819.776 | Z19: 18919.776 | AA19: 19628.492 | AB19: 15610.568 | AC19: 16379.052 | AD19: 11140.164 | AE19: 14836.26 | AF19: 16590.708 | AG19: 15145.452 | AH19: 13916.016 | AI19: 15123.216 | AJ19: 15000 | AK19: 113.52 | AL19: 12078.612 | AM19: =IFERROR(AL19/AJ19,0) -> 0.8052408 | AN19: =+AK19+AL19 -> 12192.132 | AO19: =IFERROR(+AN19/AJ19,0) -> 0.8128088
A20: HAMBURGUESAS - ARG | B20: Interior - Cadenas | C20: JUAN BESSONE | D20: MEINERI JOSE MARIA | E20: 44996.544 | F20: 39480.42 | G20: 45771.648 | H20: 58366.284 | I20: 58128.564 | J20: 43762.344 | K20: 39276.6 | L20: 43583.82 | M20: 26979.492 | N20: 47609.424 | O20: 35252.34 | P20: 41727.096 | Q20: 57838.944 | R20: 41085.576 | S20: 49270.788 | T20: 60134.568 | U20: 51173.652 | V20: 61287.816 | W20: 61017.024 | X20: 59233.128 | Y20: 57233.76 | Z20: 53085.108 | AA20: 41769.864 | AB20: 51292.044 | AC20: 62547.12 | AD20: 43823.484 | AE20: 56094.984 | AF20: 57355.668 | AG20: 54858.672 | AH20: 50298.288 | AI20: 59233.068 | AJ20: 57000 | AK20: 6884.46 | AL20: 41557.632 | AM20: =IFERROR(AL20/AJ20,0) -> 0.72908126 | AN20: =+AK20+AL20 -> 48442.092 | AO20: =IFERROR(+AN20/AJ20,0) -> 0.84986126
A21: HAMBURGUESAS - ARG | B21: Interior - Cadenas | C21: JUAN BESSONE | D21: FERNANDEZ JORGE OSCAR | E21: 32791.68 | F21: 29817.444 | G21: 39361.872 | H21: 39582.804 | I21: 47346.552 | J21: 37615.356 | K21: 30963.372 | L21: 38261.52 | M21: 24286.776 | N21: 29028.852 | O21: 33805.74 | P21: 33580.812 | Q21: 44358.468 | R21: 36327.42 | S21: 32324.28 | T21: 36421.152 | U21: 37393.092 | V21: 46655.688 | W21: 48644.904 | X21: 41729.46 | Y21: 35188.224 | Z21: 42460.344 | AA21: 50863.56 | AB21: 38732.016 | AC21: 41781.948 | AD21: 36555.804 | AE21: 46178.172 | AF21: 38135.628 | AG21: 36461.484 | AH21: 44655.048 | AI21: 38337.684 | AJ21: 43000 | AK21: 10741.32 | AL21: 28427.34 | AM21: =IFERROR(AL21/AJ21,0) -> 0.66110093 | AN21: =+AK21+AL21 -> 39168.66 | AO21: =IFERROR(+AN21/AJ21,0) -> 0.91089907
D22: Subtotal Regionales Interior | E22: =+SUM(E19:E21) -> 92182.236 | F22: =+SUM(F19:F21) -> 80106.804 | G22: =+SUM(G19:G21) -> 101201.38 | H22: =+SUM(H19:H21) -> 114658.63 | I22: =+SUM(I19:I21) -> 124488.71 | J22: =+SUM(J19:J21) -> 94362.936 | K22: =+SUM(K19:K21) -> 84108.108 | L22: =+SUM(L19:L21) -> 95248.02 | ... R22: =+SUM(R19:R21) -> 96545.96 | S22: 99877.1 | T22: =+SUM(T19:T21) -> 121710.34 | U22: =+SUM(U19:U21) -> 109418.89 | V22: =+SUM(V19:V21) -> 124919.88 | W22: 133115.7 | X22: 120210.38 | Y22: 110241.76 | Z22: 114465.23 | AA22: 112261.92 | AB22: 105634.63 | AC22: 120708.12 | AD22: 91519.452 | AE22: 117109.42 | AF22: 112082 | AG22: 106465.61 | AH22: 108869.35 | AI22: 112693.97 | AJ22: 115000 | AK22: =+SUM(AK19:AK21) -> 17739.3 | AL22: =+SUM(AL19:AL21) -> 82063.584 | AM22: =IFERROR(AL22/AJ22,0) -> 0.71359638 | AN22: =+SUM(AN19:AN21) -> 99802.884 | AO22: =IFERROR(+AN22/AJ22,0) -> 0.86785117
B23: Capital | C23: FEDERICO JACUM | D23: VELAZQUEZ JONATAN WALTER | E23: 25444.404 | F23: 22801.692 | G23: 25589.952 | H23: 28938.612 | I23: 28839.648 | J23: 27527.304 | K23: 21137.292 | L23: 20476.908 | M23: 15593.556 | N23: 10615.356 | O23: 29975.004 | P23: 37129.836 | Q23: 36304.716 | R23: 33405.132 | S23: 31198.572 | T23: 34466.736 | U23: 41724.888 | V23: 39542.58 | W23: 40754.136 | X23: 44946.984 | Y23: 39794.58 | Z23: 40955.544 | AA23: 41600.1 | AB23: 34471.74 | AC23: 27943.836 | AD23: 48252.588 | AE23: 35510.556 | AF23: 37762.176 | AG23: 22358.352 | AH23: 41155.452 | AI23: 45954.6 | AJ23: 45000 | AK23: 3810.38 | AL23: 21704.196 | AM23: =IFERROR(AL23/AJ23,0) -> 0.48231547 | AN23: =+AK23+AL23 -> 25514.576 | AO23: =IFERROR(+AN23/AJ23,0) -> 0.56699058
B24: GBA (Oeste) | C24: FEDERICO JACUM | D24: TAPIA NERINA MARIELA | E24: 39896.34 | F24: 36053.724 | G24: 35099.292 | H24: 49687.176 | I24: 49040.736 | J24: 44439.708 | K24: 45320.256 | L24: 50924.964 | M24: 46518.756 | N24: 41593.692 | O24: 30182.76 | P24: 36510.768 | Q24: 29647.908 | R24: 32796.204 | S24: 30827.784 | T24: 38065.608 | U24: 35656.5 | V24: 39149.976 | W24: 42315 | X24: 44714.76 | Y24: 33056.676 | Z24: 44671.62 | AA24: 41430.12 | AB24: 38840.868 | AC24: 43524.132 | AD24: 41315.148 | AE24: 36880.26 | AF24: 35325.804 | AG24: 39117.108 | AH24: 35328.324 | AI24: 43383.672 | AJ24: 46000 | AK24: 4707.94 | AL24: 14661.408 | AM24: =IFERROR(AL24/AJ24,0) -> 0.31872626 | AN24: =+AK24+AL24 -> 19369.348 | AO24: =IFERROR(+AN24/AJ24,0) -> 0.42107278
B25: GBA (Sur) | C25: FEDERICO JACUM | D25: VINCZE CINTIA LORENA | E25: 41631.024 | F25: 42882.192 | G25: 34617.6 | H25: 52666.512 | I25: 45618.528 | J25: 54597.672 | K25: 42382.992 | L25: 43339.296 | M25: 38377.296 | N25: 38980.92 | O25: 41456.928 | P25: 34736.208 | Q25: 38190.288 | R25: 41829.288 | S25: 41083.92 | T25: 50763.156 | U25: 47362.86 | V25: 55751.208 | W25: 63285.888 | X25: 60964.584 | Y25: 57355.2 | Z25: 50909.136 | AA25: 50087.016 | AB25: 49992.732 | AC25: 39418.152 | AD25: 47060.532 | AE25: 33056.952 | AF25: 46363.416 | AG25: 42912.828 | AH25: 48746.736 | AI25: 52292.94 | AJ25: 57000 | AK25: 5144.86 | AL25: 31536.24 | AM25: =IFERROR(AL25/AJ25,0) -> 0.55326737 | AN25: =+AK25+AL25 -> 36681.1 | AO25: =IFERROR(+AN25/AJ25,0) -> 0.64352807
B26: GBA (Sur) | C26: FEDERICO JACUM | D26: GOMEZ OURAL ALBERTO | E26: 42608.736 | F26: 40658.04 | G26: 40753.2 | H26: 54164.016 | I26: 60652.56 | J26: 53156.04 | K26: 53504.64 | L26: 58702.488 | M26: 53663.748 | N26: 50250.444 | O26: 26226.432 | P26: 43098.036 | Q26: 38138.568 | R26: 35085.192 | S26: 36889.032 | T26: 53046.348 | U26: 57091.584 | V26: 70822.116 | W26: 65671.764 | X26: 67939.176 | Y26: 62495.724 | Z26: 68273.484 | AA26: 65681.544 | AB26: 56992.44 | AC26: 57195.312 | AD26: 56317.86 | AE26: 53216.94 | AF26: 54902.136 | AG26: 57551.616 | AH26: 53437.824 | AI26: 67969.896 | AJ26: 67000 | AK26: 2202.33 | AL26: 22784.904 | AM26: =IFERROR(AL26/AJ26,0) -> 0.34007319 | AN26: =+AK26+AL26 -> 24987.234 | AO26: =IFERROR(+AN26/AJ26,0) -> 0.37294379
B27: Costa | C27: FEDERICO JACUM | D27: MARTINO FLAVIO | E27: 27321.072 | F27: 46597.032 | G27: 40010.424 | H27: 55177.752 | I27: 54211.104 | J27: 53525.364 | K27: 80668.056 | L27: 27143.448 | M27: 34352.448 | N27: 33644.616 | O27: 38508.96 | P27: 27273.216 | Q27: 34627.32 | R27: 25722.216 | S27: 35620.296 | T27: 41686.404 | U27: 48110.808 | V27: 66748.128 | W27: 83628.06 | X27: 56188.92 | Y27: 42981.168 | Z27: 47867.52 | AA27: 45860.256 | AB27: 39179.328 | AC27: 44726.832 | AD27: 41509.692 | AE27: 40148.388 | AF27: 40901.748 | AG27: 61599.564 | AH27: 74525.136 | AI27: 80400.576 | AJ27: 60000 | AK27: 3486.89 | AL27: 26680.248 | AM27: =IFERROR(AL27/AJ27,0) -> 0.4446708 | AN27: =+AK27+AL27 -> 30167.138 | AO27: =IFERROR(+AN27/AJ27,0) -> 0.50278563
D28: Subtotal Distribuidores GBA y Costa | E28: =+SUM(E23:E27) -> 176901.58 | F28: =+SUM(F23:F27) -> 188992.68 | G28: =+SUM(G23:G27) -> 176070.47 | H28: =+SUM(H23:H27) -> 240634.07 | I28: =+SUM(I23:I27) -> 238362.58 | J28: =+SUM(J23:J27) -> 233246.09 | K28: =+SUM(K23:K27) -> 243013.24 | L28: =+SUM(L23:L27) -> 200587.1 | ... AD28: =+SUM(AD23:AD27) -> 234455.82 | AE28: 198813.1 | AF28: 215255.28 | AG28: 223539.47 | AH28: 253193.47 | AI28: 290001.68 | AJ28: 275000 | AK28: =+SUM(AK23:AK27) -> 19352.4 | AL28: =+SUM(AL23:AL27) -> 117367 | AM28: =IFERROR(AL28/AJ28,0) -> 0.42678908 | AN28: =+SUM(AN23:AN27) -> 136719.4 | AO28: =IFERROR(+AN28/AJ28,0) -> 0.49716144
A29: HAMBURGUESAS - ARG | B29: Patagonia / Costa - Cadenas | C29: FEDERICO JACUM | D29: VAL JULIAN | E29: 32901.732 | F29: 31274.616 | G29: 45687.096 | H29: 37409.628 | I29: 41505.384 | J29: 37217.232 | K29: 61799.88 | L29: 32925.228 | M29: 26580.6 | N29: 25086.024 | O29: 36801.96 | P29: 37285.98 | Q29: 38010.948 | R29: 42650.268 | S29: 40100.124 | T29: 55673.952 | U29: 40574.004 | V29: 33235.284 | W29: 64816.68 | X29: 38451.984 | Y29: 15047.4 | Z29: 23269.116 | AA29: 8000.964 | AB29: 4828.428 | AC29: 20786.784 | AD29: 11660.94 | AE29: 6270.228 | AF29: 7725.456 | AG29: 6161.856 | AH29: 13906.152 | AI29: 14033.424 | AJ29: 15000 | AK29: 2364.49 | AL29: 1979.76 | AM29: =IFERROR(AL29/AJ29,0) -> 0.131984 | AN29: =+AK29+AL29 -> 4344.25 | AO29: =IFERROR(+AN29/AJ29,0) -> 0.28961667 | AP29: 100088964 | AQ29: RAMOS LUCIANO ALEJANDRO
D30: Subtotal Regionales GBA, Costa y Patagonia | E30: =+SUM(E29) -> 32901.732 | F30: =+SUM(F29) -> 31274.616 | G30: =+SUM(G29) -> 45687.096 | H30: =+SUM(H29) -> 37409.628 | I30: =+SUM(I29) -> 41505.384 | J30: =+SUM(J29) -> 37217.232 | K30: =+SUM(K29) -> 61799.88 | L30: =+SUM(L29) -> 32925.228 | ... R30: =+SUM(R29) -> 42650.268 | S30: 40100.124 | T30: =+SUM(T29) -> 55673.952 | U30: =+SUM(U29) -> 40574.004 | V30: =+SUM(V29) -> 33235.284 | W30: 64816.68 | X30: 38451.984 | Y30: 15047.4 | Z30: 23269.116 | AA30: 8000.964 | AB30: 4828.428 | AC30: 20786.784 | AD30: 11660.94 | AE30: 6270.228 | AF30: 7725.456 | AG30: 6161.856 | AH30: 13906.152 | AI30: 14033.424 | AJ30: 15000 | AK30: =+SUM(AK29) -> 2364.49 | AL30: =+SUM(AL29) -> 1979.76 | AM30: =IFERROR(AL30/AJ30,0) -> 0.131984 | AN30: =+SUM(AN29) -> 4344.25 | AO30: =IFERROR(+AN30/AJ30,0) -> 0.28961667
B31: Gastronomia | C31: HERNAN DUARTE | D31: RAMIREZ ARIEL SEBASTIAN | E31: 127614.05 | F31: 141972.12 | G31: 90537.252 | H31: 114916.44 | I31: 127815.16 | J31: 152858.76 | K31: 132010.2 | L31: 103073.36 | M31: 111614.44 | N31: 62509.584 | O31: 87337.788 | P31: 109997.7 | Q31: 144201.3 | R31: 117628.58 | S31: 158566.85 | T31: 189733.34 | U31: 180948.79 | V31: 182759.88 | W31: 190891 | X31: 151933.04 | Y31: 106500.06 | Z31: 161914.12 | AA31: 179834.86 | AB31: 196855.32 | AC31: 232244.32 | AD31: 249978.53 | AE31: 256968.92 | AF31: 150988.07 | AG31: 193590.19 | AH31: 198439.67 | AI31: 321295.19 | AJ31: 266300 | AK31: 21931.61 | AL31: 216448.2 | AM31: =IFERROR(AL31/AJ31,0) -> 0.81279835 | AN31: =+AK31+AL31 -> 238379.81 | AO31: =IFERROR(+AN31/AJ31,0) -> 0.89515513
B32: Gastronomia | C32: HERNAN DUARTE | D32: DUARTE HERNAN | E32: 15563.688 | F32: 6529.68 | G32: 13596.12 | H32: 14678.46 | I32: 9463.56 | J32: 14593.56 | K32: 9291.42 | L32: 16646.448 | M32: 9742.44 | N32: 10288.692 | O32: 12602.868 | P32: 7746.18 | Q32: 8890.296 | R32: 11056.5 | S32: 10023.036 | T32: 8287.14 | U32: 7792.272 | V32: 5665.236 | W32: 9906.888 | X32: 8386.164 | Y32: 6911.304 | Z32: 8870.28 | AA32: 4398.06 | AB32: 0 | AC32: 0 | AD32: 0 | AE32: 9707.508 | AF32: 3791.94 | AG32: 5824.092 | AH32: 8138.748 | AI32: 4231.74 | AJ32: 8700 | AK32: 0 | AL32: 4427.1 | AM32: =IFERROR(AL32/AJ32,0) -> 0.50886207 | AN32: =+AK32+AL32 -> 4427.1 | AO32: =IFERROR(+AN32/AJ32,0) -> 0.50886207 | AP32: VACANTE DIRECTO FOOD SERVICE IND
D33: Subtotal Gastronomía | E33: 143177.74 | F33: 148501.8 | G33: 104133.37 | H33: 129594.9 | I33: 137278.72 | J33: 167452.32 | K33: 141301.62 | L33: 119719.81 | M33: 121356.88 | N33: 72798.276 | O33: 99940.656 | P33: 117743.88 | Q33: 153091.6 | R33: 128685.08 | S33: 168589.88 | T33: 198020.48 | U33: 188741.06 | V33: 188425.12 | W33: 200797.88 | X33: 160319.21 | Y33: 113411.36 | Z33: 170784.4 | AA33: 184232.92 | AB33: 196855.32 | AC33: 232244.32 | AD33: 249978.53 | AE33: 266676.43 | AF33: 154780.01 | AG33: 199414.28 | AH33: 206578.42 | AI33: 325526.93 | AJ33: 275000 | AK33: =+AK31+AK32 -> 21931.61 | AL33: =+AL31+AL32 -> 220875.3 | AM33: =IFERROR(AL33/AJ33,0) -> 0.80318291 | AN33: =+AN31+AN32 -> 242806.91 | AO33: =IFERROR(+AN33/AJ33,0) -> 0.88293422
B34: Mayoristas | C34: PABLO ANDREACCHIO | D34: ARUANNO PARODI MARIA NOEL | W34: 0 | X34: 0 | AC34: 0 | AJ34: 0 | AN34: =+AK34+AL34 -> 0
B35: Mayoristas | C35: ARUANNO PARODI MARIA NOEL | D35: MENDEZ NAVARRO MARIA ALEJANDRA | E35: 58746.468 | F35: 57023.544 | G35: 90976.272 | H35: 111856.44 | I35: 92409.444 | J35: 88479.456 | K35: 75440.028 | L35: 63665.844 | M35: 74915.724 | N35: 24370.128 | O35: 46470.276 | P35: 34516.812 | Q35: 54635.124 | R35: 53945.244 | S35: 38589.324 | T35: 58083.768 | U35: 20922.936 | V35: 102486.77 | W35: 105518.29 | X35: 39292.332 | Y35: 93564.78 | Z35: 81737.052 | AA35: 78446.436 | AB35: 67737.504 | AC35: 71218.968 | AD35: 60476.652 | AE35: 78366.96 | AF35: 66031.98 | AG35: 82937.508 | AH35: 69418.296 | AI35: 108291.25 | AJ35: 91100 | AK35: 12875.67 | AL35: 40627.032 | AM35: =IFERROR(AL35/AJ35,0) -> 0.44596083 | AN35: =+AK35+AL35 -> 53502.702 | AO35: =IFERROR(+AN35/AJ35,0) -> 0.5872964
B36: Mayoristas | C36: ARUANNO PARODI MARIA NOEL | D36: RAMONDINO LEONARDO ERNESTO | T36: 5404.2 | U36: 6574.308 | V36: 2935.08 | W36: 7699.452 | X36: 8911.044 | Y36: 3157.008 | Z36: 5592.72 | AA36: 1784.1 | AB36: 6885.948 | AC36: 2200.632 | AD36: 4866.66 | AE36: -66.24 | AF36: 7975.74 | AG36: 5524.92 | AH36: 7387.2 | AI36: 3492.66 | AJ36: 8900 | AK36: 2142.61 | AL36: 1147.2 | AM36: =IFERROR(AL36/AJ36,0) -> 0.12889888 | AN36: =+AK36+AL36 -> 3289.81 | AO36: =IFERROR(+AN36/AJ36,0) -> 0.36964157 | AP36: 100002258
D37: Subtotal Mayoristas | E37: 58746.468 | F37: 57023.544 | G37: 90976.272 | H37: 111856.44 | I37: 92409.444 | J37: 88479.456 | K37: 75440.028 | L37: 63665.844 | M37: 74915.724 | N37: 24370.128 | O37: 46470.276 | P37: 34516.812 | Q37: 54635.124 | R37: 53945.244 | S37: 38589.324 | T37: 63487.968 | U37: 27497.244 | V37: 105421.85 | W37: 113217.74 | X37: 48203.376 | Y37: 96721.788 | Z37: 87329.772 | AA37: 80230.536 | AB37: 74623.452 | AC37: 73419.6 | AD37: 65343.312 | AE37: 78300.72 | AF37: 74007.72 | AG37: 88462.428 | AH37: 76805.496 | AI37: 111783.91 | AJ37: 100000 | AK37: =+SUM(AK34:AK36) -> 15018.28 | AL37: =+SUM(AL34:AL36) -> 41774.232 | AM37: =IFERROR(AL37/AJ37,0) -> 0.41774232 | AN37: =+SUM(AN34:AN36) -> 56792.512 | AO37: =IFERROR(+AN37/AJ37,0) -> 0.56792512
A38: HAMBURGUESAS - ARG | B38: GBA - Cadenas | C38: ARUANNO PARODI MARIA NOEL | D38: BRION SEBASTIAN | E38: 6828.816 | F38: 11209.152 | G38: 4714.884 | H38: 3087.372 | I38: 1034.16 | J38: 2732.964 | K38: 1778.916 | L38: 1883.76 | M38: 1166.592 | N38: 1410.648 | O38: 1180.872 | P38: 1241.472 | Q38: 2444.724 | R38: 719.664 | S38: 907.86 | T38: 1968.36 | U38: 1924.032 | V38: 2972.52 | W38: 244.932 | X38: 2170.008 | Y38: 1813.488 | Z38: 1982.28 | AA38: 1381.644 | AB38: 1540.308 | AC38: 2274.468 | AD38: 1670.748 | AE38: 1081.332 | AF38: 1842 | AG38: 1591.284 | AH38: 2789.628 | AI38: 1020.036 | AJ38: 2300 | AK38: 595.55 | AL38: 1024.776 | AM38: =IFERROR(AL38/AJ38,0) -> 0.44555478 | AN38: =+AK38+AL38 -> 1620.326 | AO38: =IFERROR(+AN38/AJ38,0) -> 0.70448957 | AP38: 100001914 | AQ38: 100001979 | AR38: 100086833
B39: DBU - BAS | C39: RAMONDINO LEONARDO ERNESTO | D39: DELIVERY HERO E-COMMERCE S. A. | O39: 4400.64 | P39: 2039.04 | Q39: 3346.56 | R39: 7438.08 | S39: 1396.8 | T39: 1933.44 | AD39: 1401.6 | AE39: 3310.08 | AF39: 253.44 | AG39: 1228.8 | AH39: 0 | AI39: 3640.32 | AJ39: 1500 | AK39: 0 | AL39: 0 | AM39: =IFERROR(AL39/AJ39,0) -> 0 | AN39: =+AK39+AL39 -> 0 | AO39: =IFERROR(+AN39/AJ39,0) -> 0
A40: HAMBURGUESAS - ARG | B40: DBU - BAS | C40: RAMONDINO LEONARDO ERNESTO | D40: COTO CENTRO INTEGRAL DE COMERCIALIZACON S A | E40: 42352.368 | F40: 22323.888 | G40: 79115.256 | H40: 69215.472 | I40: 69992.7 | J40: 91216.116 | K40: 29227.368 | L40: 54321.852 | M40: 43936.56 | N40: 50221.212 | O40: 38284.284 | P40: 67121.364 | Q40: 45965.664 | R40: 42092.676 | S40: 46653.384 | T40: 58176.084 | U40: 54262.32 | V40: 53165.928 | W40: 67400.976 | X40: 57838.188 | Y40: 54039.408 | Z40: 55744.188 | AA40: 69680.58 | AB40: 48901.968 | AC40: 52931.508 | AD40: 39339.972 | AE40: 45105.888 | AF40: 57024.84 | AG40: 37582.212 | AH40: 77756.736 | AI40: 62541.6 | AJ40: 68000 | AK40: 17559.83 | AL40: 16527.144 | AM40: =IFERROR(AL40/AJ40,0) -> 0.24304624 | AN40: =+AK40+AL40 -> 34086.974 | AO40: =IFERROR(+AN40/AJ40,0) -> 0.50127903
A41: HAMBURGUESAS - ARG | B41: DBU - BAS | C41: BRION SEBASTIAN | D41: S A IMPORTADORA Y EXPORTADORA DE LA PATAGONIA | E41: 47024.16 | F41: 62071.368 | G41: 70259.664 | H41: 70352.976 | I41: 86185.824 | J41: 106367.62 | K41: 91276.632 | L41: 66325.8 | M41: 74856.912 | N41: 94745.4 | O41: 53886.264 | P41: 55169.472 | Q41: 98224.968 | R41: 62883.648 | S41: 100892.57 | T41: 97680.168 | U41: 104697.6 | V41: 92087.184 | W41: 90462.696 | X41: 103485.96 | Y41: 87284.112 | Z41: 108524.54 | AA41: 92184.528 | AB41: 91129.104 | AC41: 65830.44 | AD41: 72110.592 | AE41: 63241.464 | AF41: 62660.832 | AG41: 80310.696 | AH41: 77073.324 | AI41: 87907.512 | AJ41: 87000 | AK41: 24624.96 | AL41: 63637.104 | AM41: =IFERROR(AL41/AJ41,0) -> 0.73146097 | AN41: =+AK41+AL41 -> 88262.064 | AO41: =IFERROR(+AN41/AJ41,0) -> 1.0145065
A42: HAMBURGUESAS - ARG | B42: DBU - BAS | C42: RODRIGUEZ JUDITH | D42: INC SOCIEDAD ANONIMA | E42: 74309.16 | F42: 87425.184 | G42: 65631.876 | H42: 115627.52 | I42: 120082.56 | J42: 89946.12 | K42: 146977.38 | L42: 64860.996 | M42: 44974.008 | N42: 60609.852 | O42: 52481.952 | P42: 61783.104 | Q42: 99067.512 | R42: 89857.008 | S42: 71760.036 | T42: 121057.44 | U42: 99828.564 | V42: 108129.97 | W42: 105245.4 | X42: 101755.99 | Y42: 119505.52 | Z42: 79451.952 | AA42: 62549.4 | AB42: 86782.704 | AC42: 106590.43 | AD42: 71628.204 | AE42: 95563.68 | AF42: 76259.1 | AG42: 103143.41 | AH42: 83936.628 | AI42: 102763.94 | AJ42: 106000 | AK42: 16933.71 | AL42: 45034.956 | AM42: =IFERROR(AL42/AJ42,0) -> 0.42485808 | AN42: =+AK42+AL42 -> 61968.666 | AO42: =IFERROR(+AN42/AJ42,0) -> 0.58461006
A43: HAMBURGUESAS - ARG | B43: DBU - BAS | C43: RODRIGUEZ JUDITH | D43: DIA ARGENTINA S.A. | E43: 40306.56 | F43: 27803.52 | G43: 26319.36 | H43: -633.6 | I43: -633.6 | J43: 0 | K43: -86.832 | L43: 0 | M43: 0 | N43: 0 | O43: 0 | P43: 0 | Q43: 0 | R43: 14024.256 | S43: 28838.544 | T43: 25573.104 | U43: 41931.648 | V43: 22734.96 | W43: 49704.768 | X43: 45015.696 | Y43: 41734.848 | Z43: 35038.704 | AA43: 39213.648 | AB43: 43529.52 | AC43: 76422.192 | AD43: 44203.2 | AE43: 23546.304 | AF43: 42546.336 | AG43: 32524.848 | AH43: 54066.336 | AI43: 73738.896 | AJ43: 55000 | AK43: 610.56 | AL43: 46405.248 | AM43: =IFERROR(AL43/AJ43,0) -> 0.84373178 | AN43: =+AK43+AL43 -> 47015.808 | AO43: =IFERROR(+AN43/AJ43,0) -> 0.85483287
A44: HAMBURGUESAS - ARG | B44: DBU - BAS | C44: BRION SEBASTIAN | D44: DORINKA S.R.L. | E44: 12542.688 | F44: 24315.672 | G44: 28942.776 | H44: 28987.98 | I44: -76.176 | J44: 16182.96 | K44: 38874.768 | L44: 32670.012 | M44: 26004.18 | N44: 13659.672 | O44: 20958.564 | P44: 13737.636 | Q44: 66737.7 | R44: 21894.9 | S44: 22883.1 | T44: 21136.296 | U44: 54060.792 | V44: 68111.628 | W44: 45738.18 | X44: 28811.892 | Y44: 27454.152 | Z44: 49574.964 | AA44: 28774.452 | AB44: 16537.752 | AC44: 19344.324 | AD44: 22471.716 | AE44: 54054.672 | AF44: 16933.596 | AG44: 30539.448 | AH44: 27977.724 | AI44: 62215.968 | AJ44: 32200 | AK44: 10751.99 | AL44: 1074.588 | AM44: =IFERROR(AL44/AJ44,0) -> 0.033372298 | AN44: =+AK44+AL44 -> 11826.578 | AO44: =IFERROR(+AN44/AJ44,0) -> 0.36728503
A45: HAMBURGUESAS - ARG | B45: DBU - BAS | C45: RAMONDINO LEONARDO ERNESTO | D45: CENCOSUD S A | E45: 12403.236 | F45: 16345.08 | G45: 21106.572 | H45: 23388.84 | I45: 23509.476 | J45: 20029.992 | K45: 20434.116 | L45: 16447.896 | M45: 16827.3 | N45: 15609.996 | O45: 13676.496 | P45: 13738.896 | Q45: 15048.36 | R45: 11584.092 | S45: 15103.944 | T45: 16499.052 | U45: 19408.392 | V45: 24219.168 | W45: 19572.432 | X45: 16604.88 | Y45: 17764.392 | Z45: 19178.268 | AA45: 16058.052 | AB45: 17006.076 | AC45: 15366.732 | AD45: 13835.1 | AE45: 14474.88 | AF45: 12023.004 | AG45: 13377.636 | AH45: 19032.096 | AI45: 16413.444 | AJ45: 18000 | AK45: 3273.6 | AL45: 10207.716 | AM45: =IFERROR(AL45/AJ45,0) -> 0.56709533 | AN45: =+AK45+AL45 -> 13481.316 | AO45: =IFERROR(+AN45/AJ45,0) -> 0.748962
A46: HAMBURGUESAS - ARG | D46: Subtotal Cadenas Nacionales | E46: =+SUM(E38:E45) -> 235766.99 | F46: =+SUM(F38:F45) -> 251493.86 | G46: =+SUM(G38:G45) -> 296090.39 | H46: =+SUM(H38:H45) -> 310026.56 | I46: =+SUM(I38:I45) -> 300094.94 | J46: =+SUM(J38:J45) -> 326475.77 | K46: =+SUM(K38:K45) -> 328482.35 | L46: =+SUM(L38:L45) -> 236510.32 | ... AD46: =+SUM(AD38:AD45) -> 266661.13 | AE46: 300378.3 | AF46: 269543.15 | AG46: 300298.33 | AH46: 342632.47 | AI46: 410241.72 | AJ46: 370000 | AK46: =SUM(AK38:AK45) -> 74350.2 | AL46: =SUM(AL38:AL45) -> 183911.53 | AM46: =IFERROR(AL46/AJ46,0) -> 0.49705819 | AN46: =+AK46+AL46 -> 258261.73 | AO46: =IFERROR(+AN46/AJ46,0) -> 0.69800468
A47: HAMBURGUESAS - ARG | B47: Subtotal | D47: Total | E47: =+E18+E22+E28+E30+E33+E37+E46 -> 1175571 | F47: =+F18+F22+F28+F30+F33+F37+F46 -> 1250405.8 | G47: =+G18+G22+G28+G30+G33+G37+G46 -> 1231475.3 | H47: =+H18+H22+H28+H30+H33+H37+H46 -> 1422692.7 | I47: =+I18+I22+I28+I30+I33+I37+I46 -> 1391685.3 | J47: =+J18+J22+J28+J30+J33+J37+J46 -> 1415068.1 | K47: =+K18+K22+K28+K30+K33+K37+K46 -> 1416463.5 | L47: =+L18+L22+L28+L30+L33+L37+L46 -> 1179926.1 | ... R47: =+R18+R22+R28+R30+R33+R37+R46 -> 1168741.7 | S47: 1248448.8 | T47: =+T18+T22+T28+T30+T33+T37+T46 -> 1552063.5 | U47: =+U18+U22+U28+U30+U33+U37+U46 -> 1510196.6 | V47: =+V18+V22+V28+V30+V33+V37+V46 -> 1671080.2 | W47: 1765037.1 | X47: 1619077.1 | Y47: 1508267.3 | Z47: 1616545.5 | AA47: 1554549 | AB47: 1490777.7 | AC47: 1659531.1 | AD47: 1526755.4 | AE47: 1573428.1 | AF47: 1426663.8 | AG47: 1515361.6 | AH47: 1707203.8 | AI47: 1972670.2 | AJ47: 1805000 | AK47: =+AK18+AK22+AK28+AK30+AK33+AK37+AK46 -> 188098.81 | AL47: =+AL18+AL22+AL28+AL30+AL33+AL37+AL46 -> 1135327.4 | AM47: =IFERROR(AL47/AJ47,0) -> 0.62899022 | AN47: =+AN18+AN22+AN28+AN30+AN33+AN37+AN46 -> 1323426.2 | AO47: =IFERROR(+AN47/AJ47,0) -> 0.73320009
A48: HAMBURGUESAS - ARG | B48: CORPORATIVO | C48: VILLEMUR EZEQUIEL | D48: FAST FOOD SUDAMERICANA S A | E48: 98077.2 | F48: 88389.6 | G48: 122397.6 | H48: 120619.2 | I48: 106750.8 | J48: 15802.8 | K48: 113958 | L48: 30841.2 | M48: 41028 | N48: 55910.4 | T48: 0 | U48: 33087.6 | V48: 99387.6 | W48: 108466.8 | X48: 54366 | Y48: 18922.8 | Z48: 0 | AA48: 0 | AB48: 0 | AC48: 0 | AD48: 88998 | AE48: 53383.2 | AF48: 0 | AG48: 0 | AH48: 0 | AI48: 22448.4 | AJ48: 11000 | AK48: 0 | AL48: 22464 | AM48: =IFERROR(AL48/AJ48,0) -> 2.0421818 | AN48: =+AK48+AL48 -> 22464 | AO48: =IFERROR(+AN48/AJ48,0) -> 2.0421818 | AP48: VILLEMUR EZEQUIEL | AQ48: VACANTE CORPO IND
A49: HAMBURGUESAS - ARG | B49: CORPORATIVO | C49: VILLEMUR EZEQUIEL | D49: PALADINI S.A. | E49: 128415.12 | F49: 0 | G49: -2404.8 | H49: 0 | I49: 0 | J49: 21635.808 | K49: 60683.304 | L49: 90085.8 | M49: 55172.928 | N49: 16654.032 | T49: 0 | U49: 18888 | V49: 63846.48 | W49: 12197.76 | X49: 36926.4 | Y49: 66998.448 | Z49: 59553.6 | AA49: 31569.6 | AB49: 33364.8 | AC49: 0 | AD49: 37392 | AE49: 30667.2 | AF49: 70684.8 | AG49: 62014.416 | AH49: 19128 | AI49: 45456 | AJ49: 60000 | AK49: 0 | AL49: 9342.768 | AM49: =IFERROR(AL49/AJ49,0) -> 0.1557128 | AN49: =+AK49+AL49 -> 9342.768 | AO49: =IFERROR(+AN49/AJ49,0) -> 0.1557128 | AP49: VILLEMUR EZEQUIEL | AQ49: VACANTE CORPO IND
A50: HAMBURGUESAS - ARG | B50: CORPORATIVO | C50: VILLEMUR EZEQUIEL | D50: MOSTAZA Y PAN S.A. | E50: 249295.2 | F50: 17372.08 | G50: 268071.76 | H50: 252288.08 | I50: 289607.12 | J50: 176663.52 | K50: 143240.24 | L50: 214484.16 | M50: 281988.3 | N50: 166830.84 | T50: 205124.48 | U50: 207952.36 | V50: 196775.92 | W50: 341340.56 | X50: 241447.58 | Y50: 393013.28 | Z50: 367496.36 | AA50: 268066.92 | AB50: 268893.9 | AC50: 132571.34 | AD50: 0 | AE50: 144761.76 | AF50: 176290.84 | AG50: 20734.56 | AH50: 0 | AI50: 0 | AJ50: 200000 | AK50: 18922.18 | AL50: 146854.8 | AM50: =IFERROR(AL50/AJ50,0) -> 0.734274 | AN50: =+AK50+AL50 -> 165776.98 | AO50: =IFERROR(+AN50/AJ50,0) -> 0.8288849 | AP50: VILLEMUR EZEQUIEL | AQ50: VACANTE CORPO IND | AR50: AXIS LOGISTICA S.A.
B51: CORPORATIVO | C51: VILLEMUR EZEQUIEL | D51: FINCA BALCARCE SA | Z51: 0 | AA51: 24722.88 | AB51: 21000.96 | AC51: 0 | AD51: 0 | AE51: 0 | AF51: 0 | AG51: 0 | AH51: 0 | AI51: 0 | AK51: 0 | AL51: 0 | AM51: =IFERROR(AL51/AJ51,0) -> 0 | AN51: =+AK51+AL51 -> 0 | AO51: =IFERROR(+AN51/AJ51,0) -> 0 | AP51: VILLEMUR EZEQUIEL | AQ51: VACANTE CORPO IND
A52: HAMBURGUESAS - ARG | B52: VENTA - ME | C52: ALEJANDRO SPATARO | D52: VENTA - ME | E52: 46229.4 | F52: 44896.68 | G52: 31181.328 | H52: 0 | I52: 35108.28 | J52: 62056.08 | K52: 12792.6 | L52: 47657.64 | M52: 17971.2 | N52: 0 | T52: 18473.4 | U52: 41438.28 | V52: 30580.56 | W52: 0 | X52: 19353.6 | Y52: 43369.824 | Z52: 21278.58 | AA52: 32770.728 | AB52: 49842.6 | AC52: 44092.08 | AD52: 15120 | AE52: 39859.2 | AF52: 39648 | AG52: 14817.6 | AH52: 18316.8 | AI52: 20966.4 | AJ52: 31600.8 | AK52: 0 | AL52: 0 | AM52: =IFERROR(AL52/AJ52,0) -> 0 | AN52: =+AK52+AL52 -> 0 | AO52: =IFERROR(+AN52/AJ52,0) -> 0 | AP52: COM EXT
A53: HAMBURGUESAS - ARG | B53: CORPORATIVO | C53: SUAREZ MARCOS GABRIEL | D53: CONSUMIDOR FINAL E-COMMERCE | E53: 117.3 | F53: 1218.118 | G53: 395.672 | H53: 539.958 | I53: 760.598 | J53: 2209.282 | K53: 1023.164 | L53: 50.784 | M53: 1341.596 | N53: 372.7 | T53: 200.478 | U53: 251.7 | V53: 551.912 | W53: 250.314 | X53: 136.329 | Y53: 317.468 | Z53: 309.164 | AA53: 197.741 | AB53: 294.156 | AC53: 140.402 | AD53: 0 | AE53: 0 | AF53: 0 | AG53: 0 | AH53: 0 | AI53: 0 | AK53: 0 | AL53: 0 | AM53: =IFERROR(AL53/AJ53,0) -> 0 | AN53: =+AK53+AL53 -> 0 | AO53: =IFERROR(+AN53/AJ53,0) -> 0 | AP53: SUAREZ MARCOS GABRIEL
A54: HAMBURGUESAS - ARG | B54: CORPORATIVO | C54: PIZARRO ROCIO AZUCENA | D54: AXIS LOGISTICA S.A. | E54: 0 | F54: 0 | G54: 0 | H54: 0 | I54: 0 | J54: 0 | K54: 0 | L54: 0 | M54: 0 | N54: 0 | T54: 0 | U54: 0 | V54: 0 | W54: 0 | X54: 0 | Y54: 0 | Z54: 0 | AA54: 0 | AB54: 0 | AC54: 0 | AD54: 0 | AE54: 0 | AF54: 0 | AG54: 0 | AH54: 0 | AI54: 0 | AK54: 0 | AL54: 0 | AM54: =IFERROR(AL54/AJ54,0) -> 0 | AN54: =+AK54+AL54 -> 0 | AO54: =IFERROR(+AN54/AJ54,0) -> 0 | AP54: PIZARRO ROCIO AZUCENA
A55: HAMBURGUESAS - ARG | B55: CORPORATIVO | D55: VARIOS | E55: 0 | F55: 0 | G55: 0 | H55: 0 | I55: 0 | J55: 0 | K55: 0 | L55: 0 | M55: 0 | N55: 0 | T55: 0 | U55: 0 | V55: 0 | W55: 0 | X55: 0 | Y55: 0 | Z55: 0 | AA55: 0 | AB55: 0 | AC55: 0 | AD55: 0 | AE55: 0 | AF55: 0 | AG55: 0 | AH55: 0 | AI55: 0 | AK55: 0 | AL55: 0 | AM55: =IFERROR(AL55/AJ55,0) -> 0 | AN55: =+AK55+AL55 -> 0 | AO55: =IFERROR(+AN55/AJ55,0) -> 0
A56: HAMBURGUESAS - ARG | D56: TOTAL | E56: 1697705.2 | F56: 1402282.3 | G56: 1651116.9 | H56: 1796139.9 | I56: 1823912.1 | J56: 1693435.6 | K56: 1748160.8 | L56: 1563045.7 | M56: 1425063.5 | N56: 1226587.4 | T56: 1775861.8 | U56: 1811814.5 | V56: 2062222.7 | W56: 2227292.5 | X56: 1971307 | Y56: 2030889.2 | Z56: 2065183.2 | AA56: 1911876.9 | AB56: 1864174.1 | AC56: 1700649.4 | AD56: 1668265.4 | AE56: 1842099.4 | AF56: 1713287.4 | AG56: 1612928.2 | AH56: 1744648.6 | AI56: 2061541 | AJ56: 2107600.8 | AK56: =SUM(AK47:AK55) -> 207020.99 | AL56: =SUM(AL47:AL55) -> 1313988.9 | AM56: =IFERROR(AL56/AJ56,0) -> 0.62345247 | AN56: =+AK56+AL56 -> 1521009.9 | AO56: =IFERROR(+AN56/AJ56,0) -> 0.72167837
B57: AXIS LOGISTICA S.A. | D57: NC/DOCUMENTOS SIN VENDEDOR ASIGNADO | AK57: -1.717126e-09 | AL57: 3.9581209e-08

Sheet SCH
B1: SALCHICHAS - ARG | C1: SALCHICHAS - ARG
B2: Área | C2: Jefe | D2: Ejecutivo | E2: Julio '23 | F2: Agosto '23 | G2: Septiembre '23 | H2: Octubre '23 | I2: Noviembre '23 | J2: Diciembre '23 | K2: Enero '24 | L2: Febrero '24 | M2: Marzo '24 | N2: Abril '24 | O2: Mayo '24 | P2: Junio '24 | Q2: Julio '24 | R2: Agosto '24 | S2: Septiembre '24 | T2: Octubre '24 | U2: Noviembre '24 | V2: Diciembre '24 | W2: Enero '25 | X2: Febrero '25 | Y2: Marzo '25 | Z2: Abril '25 | AA2: Mayo '25 | AB2: Junio '25 | AC2: Julio '25 | AD2: Agosto '25 | AE2: Septiembre '25 | AF2: Octubre '25 | AG2: Noviembre '25 | AH2: Diciembre '25 | AI2: Enero '26 | AJ2: Meta Febrero '26 | AK2: Pendiente | AL2: Ventas | AM2: Avance Neto | AN2: Total | AO2: Avance Total
A3: SALCHICHAS - ARG | B3: Rosario | C3: ADRIAN DALLA VERDE | D3: BESSONE JUAN MANUEL (VENDEDOR) | E3: 0 | F3: 75.6 | G3: 0 | H3: 0 | I3: 0 | J3: 0 | K3: 0 | L3: 0 | M3: 0 | N3: 0 | O3: 0 | P3: 0 | Q3: 0 | R3: 0 | S3: 0 | T3: 0 | U3: 0 | V3: 0 | W3: 0 | X3: 0 | Y3: 0 | Z3: 0 | AA3: 0 | AB3: 0 | AC3: 0 | AD3: 0 | AE3: 0 | AF3: 0 | AG3: 0 | AH3: 0 | AI3: 0 | AJ3: 0 | AK3: 0 | AL3: 0 | AM3: =IFERROR(AL3/AJ3,0) -> 0 | AN3: =+AK3+AL3 -> 0 | AO3: =IFERROR(+AN3/AJ3,0) -> 0
A4: SALCHICHAS - ARG | B4: Litoral | C4: ADRIAN DALLA VERDE | D4: FUNES ANDRES | E4: 24108.66 | F4: 22633.74 | G4: 24910.02 | H4: 30240.06 | I4: 31872.96 | J4: 28224.3 | K4: 20769.78 | L4: 19455.3 | M4: 12584.28 | N4: 20253.9 | O4: 20549.64 | P4: 17699.88 | Q4: 15123.48 | R4: 18707.58 | S4: 16854.06 | T4: 16622.58 | U4: 14593.92 | V4: 15767.82 | W4: 12558.3 | X4: 11684.58 | Y4: 10805.28 | Z4: 13638.48 | AA4: 16983.9 | AB4: 18412.8 | AC4: 17069.58 | AD4: 18114.12 | AE4: 15295.92 | AF4: 18650.82 | AG4: 18279 | AH4: 16471.74 | AI4: 16948.68 | AJ4: 17000 | AK4: 0 | AL4: 14891.28 | AM4: =IFERROR(AL4/AJ4,0) -> 0.87595765 | AN4: =+AK4+AL4 -> 14891.28 | AO4: =IFERROR(+AN4/AJ4,0) -> 0.87595765
A5: SALCHICHAS - ARG | B5: Litoral | C5: ADRIAN DALLA VERDE | D5: SCARAFIA YAMIL HERMES | E5: 15103.38 | F5: 20743.14 | G5: 19718.82 | H5: 23346.3 | I5: 25255.32 | J5: 15919.5 | K5: 23695.86 | L5: 17165.34 | M5: 15483.24 | N5: 11336.16 | O5: 14091 | P5: 13200.66 | Q5: 14660.7 | R5: 18184.5 | S5: 16954.38 | T5: 20997.78 | U5: 21534.84 | V5: 27432 | W5: 22627.32 | X5: 16615.14 | Y5: 20764.08 | Z5: 20138.58 | AA5: 24981.06 | AB5: 20143.62 | AC5: 25873.2 | AD5: 26592.3 | AE5: 27670.8 | AF5: 16728.36 | AG5: 28760.1 | AH5: 14224.74 | AI5: 30829.02 | AJ5: 25000 | AK5: 0 | AL5: 12424.8 | AM5: =IFERROR(AL5/AJ5,0) -> 0.496992 | AN5: =+AK5+AL5 -> 12424.8 | AO5: =IFERROR(+AN5/AJ5,0) -> 0.496992 | AP5: VAZQUEZ ALEJANDRO MARCELO
A6: SALCHICHAS - ARG | B6: Litoral | C6: ADRIAN DALLA VERDE | D6: GENTILE NICOLAS | E6: 8658.42 | F6: 10024.02 | G6: 10887.24 | H6: 12059.58 | I6: 13487.46 | J6: 13616.76 | K6: 10472.22 | L6: 10333.14 | M6: 11575.8 | N6: 8632.08 | O6: 9925.62 | P6: 9022.44 | Q6: 6756.96 | R6: 9143.22 | S6: 7995.78 | T6: 8715.3 | U6: 9550.08 | V6: 9668.58 | W6: 7714.08 | X6: 6403.62 | Y6: 8012.76 | Z6: 7659.66 | AA6: 5113.74 | AB6: 3773.28 | AC6: 4565.88 | AD6: 5133.18 | AE6: 3270.72 | AF6: 9102.96 | AG6: 8057.1 | AH6: 7046.52 | AI6: 5381.28 | AJ6: 7000 | AK6: 689.94 | AL6: 2995.86 | AM6: =IFERROR(AL6/AJ6,0) -> 0.42798 | AN6: =+AK6+AL6 -> 3685.8 | AO6: =IFERROR(+AN6/AJ6,0) -> 0.52654286
A7: SALCHICHAS - ARG | B7: NOA | C7: ADRIAN DALLA VERDE | D7: PAZ CARRANZA EDUARDO | E7: 121781.7 | F7: 93161.46 | G7: 134368.86 | H7: 118969.98 | I7: 136866 | J7: 141951.42 | K7: 143845.68 | L7: 115080.36 | M7: 118642.38 | N7: 134159.94 | O7: 105465.96 | P7: 91560.12 | Q7: 75716.82 | R7: 93010.8 | S7: 85629.6 | T7: 94794.12 | U7: 81800.64 | V7: 61785.72 | W7: 66731.34 | X7: 35859.3 | Y7: 48290.1 | Z7: 84400.5 | AA7: 80711.4 | AB7: 43374.36 | AC7: 36401.82 | AD7: 104235 | AE7: 40066.38 | AF7: 55931.52 | AG7: 30480.78 | AH7: 74215.38 | AI7: 53428.5 | AJ7: 51000 | AK7: 3197.4 | AL7: 14461.32 | AM7: =IFERROR(AL7/AJ7,0) -> 0.28355529 | AN7: =+AK7+AL7 -> 17658.72 | AO7: =IFERROR(+AN7/AJ7,0) -> 0.34624941
A8: SALCHICHAS - ARG | B8: NOA | C8: ADRIAN DALLA VERDE | D8: APUD ALEXANDER DARIO | O8: 0 | P8: 94679.94 | Q8: 70382.34 | R8: 92919.3 | S8: 93069 | T8: 81088.26 | U8: 88628.46 | V8: 67316.16 | W8: 63020.7 | X8: 63951.72 | Y8: 64174.98 | Z8: 82422.96 | AA8: 90669.84 | AB8: 95089.92 | AC8: 102778.56 | AD8: 107429.04 | AE8: 99682.86 | AF8: 92547.96 | AG8: 111474 | AH8: 95802.78 | AI8: 72352.68 | AJ8: 88000 | AK8: 22544.64 | AL8: 51848.46 | AM8: =IFERROR(AL8/AJ8,0) -> 0.58918705 | AN8: =+AK8+AL8 -> 74393.1 | AO8: =IFERROR(+AN8/AJ8,0) -> 0.84537614
A9: SALCHICHAS - ARG | B9: NEA | C9: ADRIAN DALLA VERDE | D9: ROBLEDO JORGE LUIS | E9: 15329.52 | F9: 16691.76 | G9: 15189.36 | H9: 14861.16 | I9: 21444.24 | J9: 20481.6 | K9: 22579.32 | L9: 22794.18 | M9: 17228.52 | N9: 16800.06 | O9: 12590.52 | P9: 14342.04 | Q9: 20449.92 | R9: 17418.96 | S9: 24911.34 | T9: 19725.06 | U9: 23083.26 | V9: 22660.14 | W9: 17932.02 | X9: 6482.1 | Y9: 11489.46 | Z9: 10743.84 | AA9: 14865.06 | AB9: 14688.36 | AC9: 14591.7 | AD9: 17657.76 | AE9: 15536.58 | AF9: 14564.88 | AG9: 12946.38 | AH9: 11291.16 | AI9: 10190.64 | AJ9: 11000 | AK9: 122.4 | AL9: 3997.8 | AM9: =IFERROR(AL9/AJ9,0) -> 0.36343636 | AN9: =+AK9+AL9 -> 4120.2 | AO9: =IFERROR(+AN9/AJ9,0) -> 0.37456364
A10: SALCHICHAS - ARG | B10: NEA | C10: ADRIAN DALLA VERDE | D10: SANCHEZ JUAN CARLOS | E10: 14713.98 | F10: 23047.38 | G10: 13735.38 | H10: 17490.66 | I10: 19685.94 | J10: 22175.46 | K10: 16218.42 | L10: 13295.64 | M10: 19132.2 | N10: 15445.26 | O10: 9205.08 | P10: 13179.9 | Q10: 9309.48 | R10: 14797.38 | S10: 15426.84 | T10: 13053.24 | U10: 13530.84 | V10: 15404.22 | W10: 9252.18 | X10: 3912.36 | Y10: 12997.56 | Z10: 8162.22 | AA10: 8972.34 | AB10: 9909.12 | AC10: 11996.34 | AD10: 12193.26 | AE10: 10635.42 | AF10: 9952.38 | AG10: 9442.98 | AH10: 8078.94 | AI10: 8094.06 | AJ10: 8000 | AK10: 68.88 | AL10: 4928.4 | AM10: =IFERROR(AL10/AJ10,0) -> 0.61605 | AN10: =+AK10+AL10 -> 4997.28 | AO10: =IFERROR(+AN10/AJ10,0) -> 0.62466
A11: SALCHICHAS - ARG | B11: Cuyo | C11: MARCELO VEGA | D11: VIVARES ABEL MAURICIO | E11: 27637.14 | F11: 29325.48 | G11: 30682.86 | H11: 31534.02 | I11: 35376.42 | J11: 35028.78 | K11: 31582.08 | L11: 36465.72 | M11: 31919.34 | N11: 29048.76 | O11: 26449.44 | P11: 34260.18 | Q11: 34501.44 | R11: 34702.86 | S11: 35525.22 | T11: 40237.86 | U11: 47833.56 | V11: 41671.92 | W11: 33442.68 | X11: 33961.5 | Y11: 30053.1 | Z11: 33944.82 | AA11: 28700.04 | AB11: 35888.64 | AC11: 39205.8 | AD11: 43779.3 | AE11: 43991.88 | AF11: 46566.54 | AG11: 44158.56 | AH11: 48110.64 | AI11: 46149.6 | AJ11: 40000 | AK11: 3891.9 | AL11: 32438.1 | AM11: =IFERROR(AL11/AJ11,0) -> 0.8109525 | AN11: =+AK11+AL11 -> 36330 | AO11: =IFERROR(+AN11/AJ11,0) -> 0.90825
A12: SALCHICHAS - ARG | B12: Cuyo | C12: MARCELO VEGA | D12: ANDINO FACUNDO NICOLAS | E12: 46322.52 | F12: 65058.72 | G12: 61570.44 | H12: 86626.26 | I12: 98400.78 | J12: 84139.32 | K12: 85330.32 | L12: 82663.32 | M12: 49031.04 | N12: 47202.18 | O12: 38210.28 | P12: 33873.3 | Q12: 35561.82 | R12: 45199.2 | S12: 44487.06 | T12: 46150.8 | U12: 48358.98 | V12: 49637.88 | W12: 31524.96 | X12: 46328.04 | Y12: 35789.88 | Z12: 41146.56 | AA12: 39683.7 | AB12: 33630.48 | AC12: 46105.56 | AD12: 54321.66 | AE12: 46139.88 | AF12: 40783.62 | AG12: 36939.6 | AH12: 43611.18 | AI12: 41325.54 | AJ12: 36000 | AK12: 8494.8 | AL12: 29040.42 | AM12: =IFERROR(AL12/AJ12,0) -> 0.80667833 | AN12: =+AK12+AL12 -> 37535.22 | AO12: =IFERROR(+AN12/AJ12,0) -> 1.042645
A13: SALCHICHAS - ARG | B13: Cordoba | C13: MARCELO VEGA | D13: SCHAIGORODSKY IGNACIO | E13: 5892.3 | F13: 5781.6 | K13: 26452.2 | L13: 26087.04 | M13: 18984.9 | N13: 16883.46 | O13: 14484.72 | P13: 13258.86 | Q13: 17522.88 | R13: 15472.68 | S13: 19191.48 | T13: 19549.98 | U13: 17115.66 | V13: 17339.46 | W13: 17663.04 | X13: 14652.84 | Y13: 11751.3 | Z13: 13281.3 | AA13: 13125.96 | AB13: 14229.3 | AC13: 15896.34 | AD13: 15235.38 | AE13: 17443.74 | AF13: 14765.04 | AG13: 19492.98 | AH13: 18415.2 | AI13: 20278.8 | AJ13: 18500 | AK13: 658.2 | AL13: 10618.26 | AM13: =IFERROR(AL13/AJ13,0) -> 0.57396 | AN13: =+AK13+AL13 -> 11276.46 | AO13: =IFERROR(+AN13/AJ13,0) -> 0.60953838
A14: SALCHICHAS - ARG | B14: Cordoba | C14: MARCELO VEGA | D14: FELLINI FERNANDO JOSE MARIA | E14: 18197.28 | F14: 22976.76 | G14: 24127.68 | H14: 28387.92 | I14: 28483.68 | J14: 28884.24 | K14: 8377.86 | L14: 7841.16 | M14: 4745.58 | N14: 4101.6 | O14: 0 | P14: 0 | Q14: 0 | R14: 0 | S14: 0 | T14: 0 | U14: 0 | V14: 0 | W14: 0 | X14: 0 | Y14: 0 | Z14: 0 | AA14: 0 | AB14: 0 | AC14: 0 | AD14: 0 | AE14: 0 | AF14: 0 | AG14: 0 | AH14: 0 | AI14: 0 | AK14: 0 | AL14: 0 | AM14: =IFERROR(AL14/AJ14,0) -> 0 | AN14: =+AK14+AL14 -> 0 | AO14: =IFERROR(+AN14/AJ14,0) -> 0
A15: SALCHICHAS - ARG | B15: Cordoba | C15: MARCELO VEGA | D15: ORGAZ GUSTAVO EMANUEL | E15: 16125.78 | F15: 18862.5 | G15: 23089.5 | H15: 22665.9 | I15: 24702.96 | J15: 23433 | K15: 19851.24 | L15: 23094.06 | M15: 21710.4 | N15: 14686.68 | O15: 11909.94 | P15: 13068 | Q15: 11361.54 | R15: 12243.6 | S15: 12833.1 | T15: 11784.3 | U15: 10847.04 | V15: 10782.9 | W15: 9351.9 | X15: 8717.4 | Y15: 7497.72 | Z15: 9632.7 | AA15: 10764.66 | AB15: 9675.6 | AC15: 13000.74 | AD15: 13274.34 | AE15: 12940.44 | AF15: 10750.32 | AG15: 10434 | AH15: 14943.24 | AI15: 11704.2 | AJ15: 12000 | AK15: 1206.6 | AL15: 6744.96 | AM15: =IFERROR(AL15/AJ15,0) -> 0.56208 | AN15: =+AK15+AL15 -> 7951.56 | AO15: =IFERROR(+AN15/AJ15,0) -> 0.66263
A16: SALCHICHAS - ARG | B16: Patagonia | C16: MARCELO VEGA | D16: ALONSO GUSTAVO DANIEL | E16: 14359.32 | F16: 12635.94 | G16: 13629.54 | H16: 13588.26 | I16: 13229.4 | J16: 9262.68 | K16: 17165.82 | L16: 11389.14 | M16: 10668.78 | N16: 7878.54 | O16: 11688 | P16: 10839.6 | Q16: 10080.72 | R16: 9074.52 | S16: 13909.8 | T16: 8820.24 | U16: 12358.02 | V16: 12453.54 | W16: 9154.02 | X16: 9284.28 | Y16: 11646.24 | Z16: 22392.6 | AA16: 16379.82 | AB16: 29137.02 | AC16: 22409.88 | AD16: 20832.48 | AE16: 19343.88 | AF16: 12864.84 | AG16: 15241.68 | AH16: 20159.46 | AI16: 24903.54 | AJ16: 18200 | AK16: 12442.8 | AL16: 4616.34 | AM16: =IFERROR(AL16/AJ16,0) -> 0.25364505 | AN16: =+AK16+AL16 -> 17059.14 | AO16: =IFERROR(+AN16/AJ16,0) -> 0.93731538
A17: SALCHICHAS - ARG | B17: Patagonia | C17: MARCELO VEGA | D17: VILOTTA SEBASTIAN | E17: 19920.24 | F17: 16483.98 | G17: 10390.2 | H17: 15990.6 | I17: 14114.82 | J17: 14092.8 | K17: 15500.94 | L17: 14364.3 | M17: 9168 | N17: 12051.42 | O17: 17702.58 | P17: 16041.12 | Q17: 13771.92 | R17: 8993.82 | S17: 15219.12 | T17: 13536.36 | U17: 12578.52 | V17: 12655.02 | W17: 7431.54 | X17: 11242.68 | Y17: 10719.9 | Z17: 13547.1 | AA17: 12042.9 | AB17: 11889.9 | AC17: 9909.3 | AD17: 13209.48 | AE17: 11904.36 | AF17: 11997.48 | AG17: 8639.88 | AH17: 14560.2 | AI17: 12274.44 | AJ17: 11800 | AK17: 864 | AL17: 11325.3 | AM17: =IFERROR(AL17/AJ17,0) -> 0.95977119 | AN17: =+AK17+AL17 -> 12189.3 | AO17: =IFERROR(+AN17/AJ17,0) -> 1.0329915
A18: SALCHICHAS - ARG | D18: Subtotal Distribuidores Interior | E18: =+SUM(E3:E17) -> 348150.24 | F18: =+SUM(F3:F17) -> 357502.08 | G18: =+SUM(G3:G17) -> 382299.9 | H18: =+SUM(H3:H17) -> 415760.7 | I18: =+SUM(I3:I17) -> 462919.98 | J18: =+SUM(J3:J17) -> 437209.86 | K18: =+SUM(K3:K17) -> 441841.74 | L18: =+SUM(L3:L17) -> 400028.7 | ... AD18: =+SUM(AD3:AD17) -> 452007.3 | AE18: 363922.86 | AF18: 355206.72 | AG18: 354347.04 | AH18: 386931.18 | AI18: 353860.98 | AJ18: 343500 | AK18: =+SUM(AK3:AK17) -> 54181.56 | AL18: =+SUM(AL3:AL17) -> 200331.3 | AM18: =IFERROR(AL18/AJ18,0) -> 0.58320611 | AN18: =+SUM(AN3:AN17) -> 254512.86 | AO18: =IFERROR(+AN18/AJ18,0) -> 0.74093991
A19: SALCHICHAS - ARG | B19: Interior - Cadenas | C19: JUAN BESSONE | D19: CABARDOS CLAUDIO SANTIAGO | E19: 6894.96 | F19: 10291.56 | G19: 9117.78 | H19: 10687.98 | I19: 9906.3 | J19: 6731.88 | K19: 4937.64 | L19: 5550.18 | M19: 7282.98 | N19: 7478.04 | O19: 8269.56 | P19: 6914.4 | Q19: 7848.98 | R19: 7367.48 | S19: 6472.82 | T19: 5889.92 | U19: 6885.2 | V19: 4616.88 | W19: 4554.42 | X19: 4150.66 | Y19: 3592.66 | Z19: 6205.74 | AA19: 5483.42 | AB19: 4602.44 | AC19: 5465.76 | AD19: 3934.5 | AE19: 4772.1 | AF19: 3255 | AG19: 3275.34 | AH19: 3876 | AI19: 3748.62 | AJ19: 4500 | AK19: 46.08 | AL19: 3212.22 | AM19: =IFERROR(AL19/AJ19,0) -> 0.71382667 | AN19: =+AK19+AL19 -> 3258.3 | AO19: =IFERROR(+AN19/AJ19,0) -> 0.72406667
A20: SALCHICHAS - ARG | B20: Interior - Cadenas | C20: JUAN BESSONE | D20: MEINERI JOSE MARIA | E20: 44528.28 | F20: 39764.34 | G20: 48175.92 | H20: 66296.58 | I20: 53476.62 | J20: 34486.98 | K20: 30798.54 | L20: 47363.88 | M20: 35907.3 | N20: 41012.76 | O20: 46329.6 | P20: 45846.12 | Q20: 44187.78 | R20: 48106.02 | S20: 29608.2 | T20: 54589.26 | U20: 35370.6 | V20: 41635.08 | W20: 49810.02 | X20: 35403.06 | Y20: 34372.08 | Z20: 35988.48 | AA20: 33899.46 | AB20: 46604.16 | AC20: 34787.82 | AD20: 37246.38 | AE20: 32108.7 | AF20: 29480.4 | AG20: 31524.78 | AH20: 24128.34 | AI20: 30706.2 | AJ20: 33000 | AK20: 7231.26 | AL20: 16863.12 | AM20: =IFERROR(AL20/AJ20,0) -> 0.51100364 | AN20: =+AK20+AL20 -> 24094.38 | AO20: =IFERROR(+AN20/AJ20,0) -> 0.73013273
A21: SALCHICHAS - ARG | B21: Interior - Cadenas | C21: JUAN BESSONE | D21: FERNANDEZ JORGE OSCAR | E21: 32935.98 | F21: 27450.18 | G21: 35359.56 | H21: 40495.14 | I21: 40494.96 | J21: 23206.98 | K21: 30261.36 | L21: 24660.18 | M21: 48618.06 | N21: 57384.54 | O21: 36990.78 | P21: 49652.88 | Q21: 48138.42 | R21: 41774.64 | S21: 72205.8 | T21: 46319.82 | U21: 53755.08 | V21: 65037.96 | W21: 51697.2 | X21: 33644.22 | Y21: 43958.4 | Z21: 70777.56 | AA21: 52361.76 | AB21: 55555.74 | AC21: 48139.86 | AD21: 36960.12 | AE21: 41638.2 | AF21: 32034.18 | AG21: 30394.74 | AH21: 47464.68 | AI21: 51663.18 | AJ21: 45000 | AK21: 8245.14 | AL21: 37972.02 | AM21: =IFERROR(AL21/AJ21,0) -> 0.84382267 | AN21: =+AK21+AL21 -> 46217.16 | AO21: =IFERROR(+AN21/AJ21,0) -> 1.027048
A22: SALCHICHAS - ARG | D22: Subtotal Regionales Interior | E22: =+SUM(E19:E21) -> 84359.22 | F22: =+SUM(F19:F21) -> 77506.08 | G22: =+SUM(G19:G21) -> 92653.26 | H22: =+SUM(H19:H21) -> 117479.7 | I22: =+SUM(I19:I21) -> 103877.88 | J22: =+SUM(J19:J21) -> 64425.84 | K22: =+SUM(K19:K21) -> 65997.54 | L22: =+SUM(L19:L21) -> 77574.24 | ... R22: =+SUM(R19:R21) -> 97248.14 | S22: 108286.82 | T22: =+SUM(T19:T21) -> 106799 | U22: =+SUM(U19:U21) -> 96010.88 | V22: =+SUM(V19:V21) -> 111289.92 | W22: =+SUM(W19:W21) -> 106061.64 | X22: =+SUM(X19:X21) -> 73197.94 | Y22: 81923.14 | Z22: 112971.78 | AA22: 91744.64 | AB22: 106762.34 | AC22: 88393.44 | AD22: 78141 | AE22: 78519 | AF22: 64769.58 | AG22: 65194.86 | AH22: 75469.02 | AI22: 86118 | AJ22: 82500 | AK22: =+SUM(AK19:AK21) -> 15522.48 | AL22: =+SUM(AL19:AL21) -> 58047.36 | AM22: =IFERROR(AL22/AJ22,0) -> 0.70360436 | AN22: =+SUM(AN19:AN21) -> 73569.84 | AO22: =IFERROR(+AN22/AJ22,0) -> 0.89175564
A23: SALCHICHAS - ARG | B23: Capital | C23: FEDERICO JACUM | D23: VELAZQUEZ JONATAN WALTER | E23: 16294.56 | F23: 9241.38 | G23: 15490.5 | H23: 16985.46 | I23: 16565.22 | J23: 17875.68 | K23: 11751.42 | L23: 11667.24 | M23: 11146.8 | N23: 10342.38 | O23: 24960.48 | P23: 18172.68 | Q23: 17166.24 | R23: 27058.32 | S23: 21648.9 | T23: 18600.54 | U23: 20401.08 | V23: 19218.12 | W23: 11779.68 | X23: 14412.48 | Y23: 14059.68 | Z23: 11002.86 | AA23: 13530.3 | AB23: 13140.72 | AC23: 11240.4 | AD23: 21079.8 | AE23: 12360.72 | AF23: 16173.6 | AG23: 9893.22 | AH23: 13930.02 | AI23: 13167.06 | AJ23: 14000 | AK23: 486 | AL23: 10015.08 | AM23: =IFERROR(AL23/AJ23,0) -> 0.71536286 | AN23: =+AK23+AL23 -> 10501.08 | AO23: =IFERROR(+AN23/AJ23,0) -> 0.75007714
A24: SALCHICHAS - ARG | B24: GBA (Oeste) | C24: FEDERICO JACUM | D24: TAPIA NERINA MARIELA | E24: 23863.02 | F24: 17484.3 | G24: 24630.6 | H24: 28144.92 | I24: 29195.4 | J24: 32785.08 | K24: 38384.82 | L24: 42660.36 | M24: 32899.08 | N24: 31105.2 | O24: 26337.6 | P24: 26986.68 | Q24: 19220.4 | R24: 26098.32 | S24: 26501.4 | T24: 17000.16 | U24: 22110.72 | V24: 23864.04 | W24: 16470.36 | X24: 14477.4 | Y24: 14336.46 | Z24: 15027.6 | AA24: 16119 | AB24: 17880.24 | AC24: 21265.98 | AD24: 17800.68 | AE24: 15460.44 | AF24: 18051.12 | AG24: 14053.92 | AH24: 21255.6 | AI24: 17125.98 | AJ24: 16800 | AK24: 648 | AL24: 9897.6 | AM24: =IFERROR(AL24/AJ24,0) -> 0.58914286 | AN24: =+AK24+AL24 -> 10545.6 | AO24: =IFERROR(+AN24/AJ24,0) -> 0.62771429
A25: SALCHICHAS - ARG | B25: GBA (Sur) | C25: FEDERICO JACUM | D25: VINCZE CINTIA LORENA | E25: 34882.8 | F25: 29839.2 | G25: 37211.4 | H25: 37233.6 | I25: 33715.02 | J25: 41355.24 | K25: 35703.3 | L25: 35063.1 | M25: 41224.8 | N25: 35248.2 | O25: 37397.16 | P25: 30973.98 | Q25: 32100.06 | R25: 36486.3 | S25: 39498.18 | T25: 29474.16 | U25: 38307.42 | V25: 39212.7 | W25: 31365.6 | X25: 35002.8 | Y25: 25739.88 | Z25: 34239.6 | AA25: 36015.54 | AB25: 26154.6 | AC25: 28405.2 | AD25: 24042 | AE25: 22510.2 | AF25: 29057.4 | AG25: 28823.4 | AH25: 23829.84 | AI25: 25597.56 | AJ25: 25500 | AK25: 3427.2 | AL25: 14088.72 | AM25: =IFERROR(AL25/AJ25,0) -> 0.55249882 | AN25: =+AK25+AL25 -> 17515.92 | AO25: =IFERROR(+AN25/AJ25,0) -> 0.68689882
A26: SALCHICHAS - ARG | B26: GBA (Sur) | C26: FEDERICO JACUM | D26: GOMEZ OURAL ALBERTO | E26: 35685.6 | F26: 33638.4 | G26: 34844.4 | H26: 33789.9 | I26: 40828.2 | J26: 38242.2 | K26: 52590.96 | L26: 46155.96 | M26: 43379.52 | N26: 40274.04 | O26: 36596.4 | P26: 34023.6 | Q26: 22079.4 | R26: 35971.2 | S26: 31178.4 | T26: 24830.4 | U26: 33460.8 | V26: 26541.6 | W26: 29010.6 | X26: 25492.2 | Y26: 23043.6 | Z26: 28103.4 | AA26: 23828.28 | AB26: 22274.4 | AC26: 26706.6 | AD26: 21070.2 | AE26: 24311.4 | AF26: 22680 | AG26: 17565 | AH26: 25228.32 | AI26: 21525.6 | AJ26: 22900 | AK26: 432 | AL26: 13577.52 | AM26: =IFERROR(AL26/AJ26,0) -> 0.5929048 | AN26: =+AK26+AL26 -> 14009.52 | AO26: =IFERROR(+AN26/AJ26,0) -> 0.61176943
A27: SALCHICHAS - ARG | B27: Costa | C27: FEDERICO JACUM | D27: MARTINO FLAVIO | E27: 13495.8 | F27: 15040.8 | G27: 11033.1 | H27: 14846.1 | I27: 14973.9 | J27: 18412.14 | K27: 31243.98 | L27: 19176.12 | M27: 16669.8 | N27: 13496.28 | O27: 17167.2 | P27: 18609.3 | Q27: 15474.9 | R27: 10677.36 | S27: 17160.3 | T27: 13631.58 | U27: 14991.6 | V27: 18290.88 | W27: 26546.22 | X27: 16558.56 | Y27: 11161.14 | Z27: 12504 | AA27: 11700.12 | AB27: 14082 | AC27: 13680.3 | AD27: 13205.7 | AE27: 12126 | AF27: 13617.3 | AG27: 12336.96 | AH27: 22847.64 | AI27: 27250.38 | AJ27: 20800 | AK27: 489.6 | AL27: 14381.94 | AM27: =IFERROR(AL27/AJ27,0) -> 0.69143942 | AN27: =+AK27+AL27 -> 14871.54 | AO27: =IFERROR(+AN27/AJ27,0) -> 0.71497788
A28: SALCHICHAS - ARG | D28: Subtotal Distribuidores GBA y Costa | E28: =+SUM(E23:E27) -> 124221.78 | F28: =+SUM(F23:F27) -> 105244.08 | G28: =+SUM(G23:G27) -> 123210 | H28: =+SUM(H23:H27) -> 130999.98 | I28: =+SUM(I23:I27) -> 135277.74 | J28: =+SUM(J23:J27) -> 148670.34 | K28: =+SUM(K23:K27) -> 169674.48 | L28: =+SUM(L23:L27) -> 154722.78 | ... AD28: =+SUM(AD23:AD27) -> 97198.38 | AE28: 86768.76 | AF28: 99579.42 | AG28: 82672.5 | AH28: 107091.42 | AI28: 104666.58 | AJ28: 100000 | AK28: =+SUM(AK23:AK27) -> 5482.8 | AL28: =+SUM(AL23:AL27) -> 61960.86 | AM28: =IFERROR(AL28/AJ28,0) -> 0.6196086 | AN28: =+SUM(AN23:AN27) -> 67443.66 | AO28: =IFERROR(+AN28/AJ28,0) -> 0.6744366
A29: SALCHICHAS - ARG | B29: Patagonia / Costa - Cadenas | C29: FEDERICO JACUM | D29: VAL JULIAN | E29: 21260.34 | F29: 11622.66 | G29: 13211.64 | H29: 15844.2 | I29: 19666.38 | J29: 8502.06 | K29: 29082.66 | L29: 14613.42 | M29: 31068.54 | N29: 49595.04 | O29: 42512.52 | P29: 9172.08 | Q29: 27431.34 | R29: 22879.5 | S29: 26528.34 | T29: 18256.98 | U29: 20328.3 | V29: 19045.14 | W29: 31285.38 | X29: 12915.3 | Y29: 6096.12 | Z29: 13529.04 | AA29: 5658.84 | AB29: 2255.52 | AC29: 13742.04 | AD29: 8105.52 | AE29: 2156.88 | AF29: 2792.04 | AG29: 1474.92 | AH29: 2677.32 | AI29: 3992.64 | AJ29: 7000 | AK29: 1572 | AL29: 1399.08 | AM29: =IFERROR(AL29/AJ29,0) -> 0.19986857 | AN29: =+AK29+AL29 -> 2971.08 | AO29: =IFERROR(+AN29/AJ29,0) -> 0.42444 | AP29: 100088964 | AQ29: RAMOS LUCIANO ALEJANDRO
A30: SALCHICHAS - ARG | D30: Subtotal Regionales GBA, Costa y Patagonia | E30: =+SUM(E29) -> 21260.34 | F30: =+SUM(F29) -> 11622.66 | G30: =+SUM(G29) -> 13211.64 | H30: =+SUM(H29) -> 15844.2 | I30: =+SUM(I29) -> 19666.38 | J30: =+SUM(J29) -> 8502.06 | K30: =+SUM(K29) -> 29082.66 | L30: =+SUM(L29) -> 14613.42 | ... R30: =+SUM(R29) -> 22879.5 | S30: 26528.34 | T30: =+SUM(T29) -> 18256.98 | U30: =+SUM(U29) -> 20328.3 | V30: =+SUM(V29) -> 19045.14 | W30: =+SUM(W29) -> 31285.38 | X30: =+SUM(X29) -> 12915.3 | Y30: 6096.12 | Z30: 13529.04 | AA30: 5658.84 | AB30: 2255.52 | AC30: 13742.04 | AD30: 8105.52 | AE30: 2156.88 | AF30: 2792.04 | AG30: 1474.92 | AH30: 2677.32 | AI30: 3992.64 | AJ30: 7000 | AK30: =+SUM(AK29) -> 1572 | AL30: =+SUM(AL29) -> 1399.08 | AM30: =IFERROR(AL30/AJ30,0) -> 0.19986857 | AN30: =+SUM(AN29) -> 2971.08 | AO30: =IFERROR(+AN30/AJ30,0) -> 0.42444
A31: SALCHICHAS - ARG | B31: Gastronomia | C31: HERNAN DUARTE | D31: RAMIREZ ARIEL SEBASTIAN | E31: 12591.6 | F31: 16058.4 | G31: 15248.4 | H31: 14898 | I31: 18070.5 | J31: 14485.38 | K31: 13435.92 | L31: 14706.9 | M31: 9855 | N31: 10754.88 | O31: 11392.5 | P31: 9655.86 | Q31: 13420.38 | R31: 16200.66 | S31: 15079.8 | T31: 9947.58 | U31: 18678.9 | V31: 13146.3 | W31: 17089.26 | X31: 10561.62 | Y31: 7427.7 | Z31: 12121.62 | AA31: 11395.68 | AB31: 8671.32 | AC31: 10780.2 | AD31: 13828.5 | AE31: 11162.52 | AF31: 12324.84 | AG31: 13814.1 | AH31: 15567 | AI31: 14679.78 | AJ31: 16500 | AK31: 69.6 | AL31: 11073.3 | AM31: =IFERROR(AL31/AJ31,0) -> 0.67110909 | AN31: =+AK31+AL31 -> 11142.9 | AO31: =IFERROR(+AN31/AJ31,0) -> 0.67532727
A32: SALCHICHAS - ARG | B32: Gastronomia | C32: HERNAN DUARTE | D32: DUARTE HERNAN | E32: 3108 | F32: 1501.2 | G32: 1121.4 | H32: 502.8 | I32: 4821.9 | J32: 10696.5 | K32: 4887.9 | L32: 1191.9 | M32: 1629.9 | N32: 984.9 | O32: 831.6 | P32: 578.1 | Q32: 787.5 | R32: 473.7 | S32: 1004.4 | T32: 276.9 | U32: 487.5 | V32: 504 | W32: 523.8 | X32: 1004.1 | Y32: 384.9 | Z32: 465 | AA32: 642.6 | AB32: 0 | AC32: 0 | AD32: 0 | AE32: 459.6 | AF32: 270 | AG32: 564.3 | AH32: 186.3 | AI32: 453.6 | AJ32: 500 | AK32: 0 | AL32: 162 | AM32: =IFERROR(AL32/AJ32,0) -> 0.324 | AN32: =+AK32+AL32 -> 162 | AO32: =IFERROR(+AN32/AJ32,0) -> 0.324 | AP32: VACANTE DIRECTO FOOD SERVICE IND
A33: SALCHICHAS - ARG | D33: Subtotal Gastronomía | E33: 15699.6 | F33: 17559.6 | G33: 16369.8 | H33: 15400.8 | I33: 22892.4 | J33: 25181.88 | K33: 18323.82 | L33: 15898.8 | M33: 11484.9 | N33: 11739.78 | O33: 12224.1 | P33: 10233.96 | Q33: 14207.88 | R33: 16674.36 | S33: 16084.2 | T33: 10224.48 | U33: 19166.4 | V33: 13650.3 | W33: 17613.06 | X33: 11565.72 | Y33: 7812.6 | Z33: 12586.62 | AA33: 12038.28 | AB33: 8671.32 | AC33: 10780.2 | AD33: 13828.5 | AE33: 11622.12 | AF33: 12594.84 | AG33: 14378.4 | AH33: 15753.3 | AI33: 15133.38 | AJ33: 17000 | AK33: =+AK31+AK32 -> 69.6 | AL33: =+AL31+AL32 -> 11235.3 | AM33: =IFERROR(AL33/AJ33,0) -> 0.6609 | AN33: =+AN31+AN32 -> 11304.9 | AO33: =IFERROR(+AN33/AJ33,0) -> 0.66499412
A34: SALCHICHAS - ARG | B34: Mayoristas | C34: PABLO ANDREACCHIO | D34: ARUANNO PARODI MARIA NOEL | AC34: 0 | AJ34: 0
A35: SALCHICHAS - ARG | B35: Mayoristas | C35: ARUANNO PARODI MARIA NOEL | D35: MENDEZ NAVARRO MARIA ALEJANDRA | E35: 25042.8 | F35: 21382.08 | G35: 34121.76 | H35: 26597.04 | I35: ARUANNO PARODI MARIA NOEL | J35: 33213.9 | K35: 27179.82 | L35: 24902.4 | M35: 29004.36 | N35: 14703.3 | O35: 17911.14 | P35: 23341.62 | Q35: 14046 | R35: 19015.02 | S35: 19422.66 | T35: 13547.46 | U35: 11330.4 | V35: 26665.32 | W35: 25310.7 | X35: 14732.22 | Y35: 17439.66 | Z35: 25054.14 | AA35: 20149.74 | AB35: 13330.74 | AC35: 17334.9 | AD35: 27416.04 | AE35: 19582.44 | AF35: 22380.18 | AG35: 27803.04 | AH35: 39218.7 | AI35: 23992.14 | AJ35: 32400 | AK35: 3729.24 | AL35: 15933.06 | AM35: =IFERROR(AL35/AJ35,0) -> 0.49176111 | AN35: =+AK35+AL35 -> 19662.3 | AO35: =IFERROR(+AN35/AJ35,0) -> 0.60686111
A36: SALCHICHAS - ARG | B36: Mayoristas | C36: ARUANNO PARODI MARIA NOEL | D36: RAMONDINO LEONARDO ERNESTO | T36: 2138.76 | U36: 4185.36 | V36: 1608.3 | W36: 2026.8 | X36: 3105.9 | Y36: 1364.1 | Z36: 1602.3 | AA36: 2038.92 | AB36: 1803.78 | AC36: 2243.88 | AD36: 1545.3 | AE36: 1761 | AF36: 3037.2 | AG36: 4597.38 | AH36: 1563 | AI36: 109.8 | AJ36: 2600 | AK36: 771.6 | AL36: 597.6 | AM36: =IFERROR(AL36/AJ36,0) -> 0.22984615 | AN36: =+AK36+AL36 -> 1369.2 | AO36: =IFERROR(+AN36/AJ36,0) -> 0.52661538 | AP36: 100002258
A37: SALCHICHAS - ARG | D37: Subtotal Mayoristas | E37: 25042.8 | F37: 21382.08 | G37: 34121.76 | H37: 26597.04 | I37: 34455.66 | J37: 33213.9 | K37: 27179.82 | L37: 24902.4 | M37: 29004.36 | N37: 14703.3 | O37: 17911.14 | P37: 23341.62 | Q37: 14046 | R37: 19015.02 | S37: 19422.66 | T37: 15686.22 | U37: 15515.76 | V37: 28273.62 | W37: 27337.5 | X37: 17838.12 | Y37: 18803.76 | Z37: 26656.44 | AA37: 22188.66 | AB37: 15134.52 | AC37: 19578.78 | AD37: 28961.34 | AE37: 21343.44 | AF37: 25417.38 | AG37: 32400.42 | AH37: 40781.7 | AI37: 24101.94 | AJ37: 35000 | AK37: =+SUM(AK34:AK36) -> 4500.84 | AL37: =+SUM(AL34:AL36) -> 16530.66 | AM37: =IFERROR(AL37/AJ37,0) -> 0.47230457 | AN37: =+SUM(AN34:AN36) -> 21031.5 | AO37: =IFERROR(+AN37/AJ37,0) -> 0.6009
A38: SALCHICHAS - ARG | B38: GBA - Cadenas | C38: ARUANNO PARODI MARIA NOEL | D38: BRION SEBASTIAN | E38: 1209.6 | F38: 3018.66 | G38: 3248.28 | H38: 2685.18 | I38: 3187.44 | J38: 771.96 | K38: 802.2 | L38: 866.7 | M38: 844.08 | N38: 1152.24 | O38: 531.18 | P38: 781.02 | Q38: 1159.08 | R38: 271.02 | S38: 368.4 | T38: 788.76 | U38: 869.28 | V38: 1662.3 | W38: -319.86 | X38: 1148.82 | Y38: 572.04 | Z38: 862.8 | AA38: 725.64 | AB38: 808.38 | AC38: 1362.96 | AD38: 907.44 | AE38: 458.16 | AF38: 405.78 | AG38: 380.82 | AH38: 562.56 | AI38: 505.86 | AJ38: 700 | AK38: 298.2 | AL38: 176.58 | AM38: =IFERROR(AL38/AJ38,0) -> 0.25225714 | AN38: =+AK38+AL38 -> 474.78 | AO38: =IFERROR(+AN38/AJ38,0) -> 0.67825714 | AP38: 100001914 | AQ38: 100001979 | AR38: 100086833
B39: DBU - BAS | C39: RAMONDINO LEONARDO ERNESTO | D39: DELIVERY HERO E-COMMERCE S. A. | O39: 1404 | P39: 1852.2 | Q39: 3310.2 | R39: 1134 | S39: 1512 | T39: 2808 | AD39: 1296 | AE39: 4819.8 | AF39: 3446.4 | AG39: 4500 | AH39: 0 | AI39: 4831.2 | AJ39: 3000 | AK39: 0 | AL39: 0 | AM39: =IFERROR(AL39/AJ39,0) -> 0 | AN39: =+AK39+AL39 -> 0 | AO39: =IFERROR(+AN39/AJ39,0) -> 0
A40: SALCHICHAS - ARG | B40: DBU - BAS | C40: RAMONDINO LEONARDO ERNESTO | D40: COTO CENTRO INTEGRAL DE COMERCIALIZACON S A | E40: 24764.16 | F40: 24565.32 | G40: 24808.56 | H40: 25222.8 | I40: 40113.48 | J40: 25088.64 | K40: 38189.88 | L40: 35272.44 | M40: 35551.2 | N40: 11322.84 | O40: 32581.56 | P40: 29809.44 | Q40: 34379.52 | R40: 24919.56 | S40: 36422.88 | T40: 31748.52 | U40: 9195.72 | V40: 39167.64 | W40: 37036.32 | X40: 34138.56 | Y40: 31411.2 | Z40: 39752.64 | AA40: 39984.12 | AB40: 34160.04 | AC40: 33776.4 | AD40: 35218.44 | AE40: 26233.56 | AF40: 32479.56 | AG40: 33224.4 | AH40: 37089.48 | AI40: 31259.04 | AJ40: 40000 | AK40: 15857.04 | AL40: 13709.16 | AM40: =IFERROR(AL40/AJ40,0) -> 0.342729 | AN40: =+AK40+AL40 -> 29566.2 | AO40: =IFERROR(+AN40/AJ40,0) -> 0.739155
A41: SALCHICHAS - ARG | B41: DBU - BAS | C41: BRION SEBASTIAN | D41: S A IMPORTADORA Y EXPORTADORA DE LA PATAGONIA | E41: 81878.4 | F41: 68408.4 | G41: 69857.4 | H41: 75880.8 | I41: 65015.76 | J41: 82951.8 | K41: 60844.2 | L41: 57835.92 | M41: 51594.84 | N41: 62608.68 | O41: 36556.68 | P41: 49097.4 | Q41: 59064.96 | R41: 56295.6 | S41: 50976 | T41: 37929 | U41: 77350.92 | V41: 42454.8 | W41: 56537.16 | X41: 24000.6 | Y41: 60479.4 | Z41: 32119.8 | AA41: 36052.2 | AB41: 29443.8 | AC41: 54745.68 | AD41: 40506 | AE41: 34583.64 | AF41: 40678.8 | AG41: 32277.6 | AH41: 35574.6 | AI41: 43084.08 | AJ41: 47000 | AK41: 5945.4 | AL41: 14242.8 | AM41: =IFERROR(AL41/AJ41,0) -> 0.3030383 | AN41: =+AK41+AL41 -> 20188.2 | AO41: =IFERROR(+AN41/AJ41,0) -> 0.42953617
A42: SALCHICHAS - ARG | B42: DBU - BAS | C42: RODRIGUEZ JUDITH | D42: INC SOCIEDAD ANONIMA | E42: 150971.52 | F42: 161858.64 | G42: 209351.7 | H42: 183002.52 | I42: 163219.56 | J42: 72648.84 | K42: 169910.76 | L42: 67831.8 | M42: 91606.08 | N42: 74141.22 | O42: 109685.34 | P42: 55186.98 | Q42: 78151.32 | R42: 79346.04 | S42: 69597.18 | T42: 78020.46 | U42: 104964.06 | V42: 82202.34 | W42: 73998.78 | X42: 65037.72 | Y42: 81906.54 | Z42: 108346.56 | AA42: 71630.1 | AB42: 62892.3 | AC42: 85002.9 | AD42: 84247.86 | AE42: 105781.08 | AF42: 81562.68 | AG42: 45075.84 | AH42: 64833.12 | AI42: 52826.22 | AJ42: 61700 | AK42: 10636.86 | AL42: 43052.34 | AM42: =IFERROR(AL42/AJ42,0) -> 0.69776888 | AN42: =+AK42+AL42 -> 53689.2 | AO42: =IFERROR(+AN42/AJ42,0) -> 0.87016532
A43: SALCHICHAS - ARG | B43: DBU - BAS | C43: RODRIGUEZ JUDITH | D43: DIA ARGENTINA S.A. | E43: 66894 | F43: 50381.4 | G43: 16467.6 | H43: -10.8 | I43: 0 | J43: 0 | K43: -40.68 | L43: 0 | M43: 0 | N43: 0 | O43: 0 | P43: 0 | Q43: 0 | R43: 8640 | S43: 23754.6 | T43: 35802 | U43: 17490.6 | V43: 30574.8 | W43: 15552 | X43: 5626.8 | Y43: 31498.2 | Z43: 50976 | AA43: 29863.2 | AB43: 25590.6 | AC43: 29014.32 | AD43: 37432.8 | AE43: 41320.8 | AF43: 32833.2 | AG43: 28591.2 | AH43: 28421.76 | AI43: 38431.32 | AJ43: 44000 | AK43: 3669.6 | AL43: 26190.72 | AM43: =IFERROR(AL43/AJ43,0) -> 0.59524364 | AN43: =+AK43+AL43 -> 29860.32 | AO43: =IFERROR(+AN43/AJ43,0) -> 0.67864364
A44: SALCHICHAS - ARG | B44: DBU - BAS | C44: BRION SEBASTIAN | D44: DORINKA S.R.L. | E44: 45872.52 | F44: 27620.52 | G44: 53287.8 | H44: 48101.16 | I44: 18217.2 | J44: 37481.52 | K44: 32553.72 | L44: 15594.6 | M44: 26876.64 | N44: 19580.52 | O44: 13905.96 | P44: 22827.6 | Q44: 25286.52 | R44: 14444.52 | S44: 13377.48 | T44: 12446.4 | U44: 24021.72 | V44: 14725.8 | W44: 12432.84 | X44: 3997.92 | Y44: 11211.12 | Z44: 14211.6 | AA44: 17045.4 | AB44: 3862.08 | AC44: 7636.2 | AD44: 13923.84 | AE44: 0 | AF44: 8299.8 | AG44: 6143.4 | AH44: 3648.6 | AI44: 11187.12 | AJ44: 10000 | AK44: 6254.88 | AL44: 5840.28 | AM44: =IFERROR(AL44/AJ44,0) -> 0.584028 | AN44: =+AK44+AL44 -> 12095.16 | AO44: =IFERROR(+AN44/AJ44,0) -> 1.209516
A45: SALCHICHAS - ARG | B45: DBU - BAS | C45: RAMONDINO LEONARDO ERNESTO | D45: CENCOSUD S A | E45: 6422.88 | F45: 8508.48 | G45: 8767.68 | H45: 11823.72 | I45: 11847.6 | J45: 6110.64 | K45: 8908.92 | L45: 9549.72 | M45: 7608.12 | N45: 7092.6 | O45: 7494.72 | P45: 7923.96 | Q45: 6848.16 | R45: 5315.04 | S45: 6279.36 | T45: 6375.6 | U45: 9030.48 | V45: 7520.52 | W45: 6184.68 | X45: 8902.8 | Y45: 8479.56 | Z45: 10137.12 | AA45: 6610.2 | AB45: 7748.04 | AC45: 5114.4 | AD45: 6795.12 | AE45: 8190.24 | AF45: 4874.76 | AG45: 6409.08 | AH45: 5515.68 | AI45: 8070.72 | AJ45: 8600 | AK45: 916.56 | AL45: 3900.6 | AM45: =IFERROR(AL45/AJ45,0) -> 0.45355814 | AN45: =+AK45+AL45 -> 4817.16 | AO45: =IFERROR(+AN45/AJ45,0) -> 0.56013488
A46: SALCHICHAS - ARG | D46: Subtotal Cadenas Nacionales | E46: =+SUM(E38:E45) -> 378013.08 | F46: =+SUM(F38:F45) -> 344361.42 | G46: =+SUM(G38:G45) -> 385789.02 | H46: =+SUM(H38:H45) -> 346705.38 | I46: =+SUM(I38:I45) -> 301601.04 | J46: =+SUM(J38:J45) -> 225053.4 | K46: =+SUM(K38:K45) -> 311169 | L46: =+SUM(L38:L45) -> 186951.18 | ... AD46: =+SUM(AD38:AD45) -> 220327.5 | AE46: 221387.28 | AF46: 204580.98 | AG46: 156602.34 | AH46: 175645.8 | AI46: 190195.56 | AJ46: 215000 | AK46: =SUM(AK38:AK45) -> 43578.54 | AL46: =SUM(AL38:AL45) -> 107112.48 | AM46: =IFERROR(AL46/AJ46,0) -> 0.49819758 | AN46: =+AK46+AL46 -> 150691.02 | AO46: =IFERROR(+AN46/AJ46,0) -> 0.70088847
A47: SALCHICHAS - ARG | B47: Subtotal | D47: Total | E47: =+E18+E22+E28+E30+E33+E37+E46 -> 996747.06 | F47: =+F18+F22+F28+F30+F33+F37+F46 -> 935178 | G47: =+G18+G22+G28+G30+G33+G37+G46 -> 1047655.4 | H47: =+H18+H22+H28+H30+H33+H37+H46 -> 1068787.8 | I47: =+I18+I22+I28+I30+I33+I37+I46 -> 1080691.1 | J47: =+J18+J22+J28+J30+J33+J37+J46 -> 942257.28 | K47: =+K18+K22+K28+K30+K33+K37+K46 -> 1063269.1 | L47: =+L18+L22+L28+L30+L33+L37+L46 -> 874691.52 | ... R47: =+R18+R22+R28+R30+R33+R37+R46 -> 872342.72 | S47: 910603.88 | T47: =+T18+T22+T28+T30+T33+T37+T46 -> 855498.14 | U47: =+U18+U22+U28+U30+U33+U37+U46 -> 925029.56 | V47: =+V18+V22+V28+V30+V33+V37+V46 -> 882269.88 | W47: =+W18+W22+W28+W30+W33+W37+W46 -> 807296.04 | X47: =+X18+X22+X28+X30+X33+X37+X46 -> 633409.3 | Y47: 712526.8 | Z47: 884139.18 | AA47: 797728.94 | AB47: 730703.3 | AC47: 810250.5 | AD47: 898569.54 | AE47: 785720.34 | AF47: 764940.96 | AG47: 707070.48 | AH47: 804349.74 | AI47: 778069.08 | AJ47: 800000 | AK47: =+AK18+AK22+AK28+AK30+AK33+AK37+AK46 -> 124907.82 | AL47: =+AL18+AL22+AL28+AL30+AL33+AL37+AL46 -> 456617.04 | AM47: =IFERROR(AL47/AJ47,0) -> 0.5707713 | AN47: =+AN18+AN22+AN28+AN30+AN33+AN37+AN46 -> 581524.86 | AO47: =IFERROR(+AN47/AJ47,0) -> 0.72690608
A48: SALCHICHAS - ARG | B48: CORPORATIVO | D48: FAST FOOD SUDAMERICANA S A | E48: 0 | F48: 0 | G48: 0 | H48: 0 | I48: 0 | J48: 0 | K48: 0 | L48: 0 | M48: 0 | N48: 0 | T48: 0 | U48: 0 | V48: 0 | W48: 0 | X48: 0 | Y48: 0 | Z48: 0 | AA48: 0 | AB48: 0 | AC48: 0 | AD48: 0 | AE48: 0 | AF48: 0 | AG48: 0 | AH48: 0 | AI48: 0 | AK48: 0 | AL48: 0 | AM48: =IFERROR(AL48/AJ48,0) -> 0 | AN48: =+AK48+AL48 -> 0 | AO48: =IFERROR(+AN48/AJ48,0) -> 0 | AP48: VILLEMUR EZEQUIEL
A49: SALCHICHAS - ARG | B49: CORPORATIVO | D49: PALADINI S.A. | E49: 0 | F49: 0 | G49: 0 | H49: 0 | I49: 0 | J49: 0 | K49: 0 | L49: 0 | M49: 0 | N49: 0 | T49: 0 | U49: 0 | V49: 0 | W49: 0 | X49: 0 | Y49: 0 | Z49: 0 | AA49: 0 | AB49: 0 | AC49: 0 | AD49: 0 | AE49: 0 | AF49: 0 | AG49: 0 | AH49: 0 | AI49: 0 | AK49: 0 | AL49: 0 | AM49: =IFERROR(AL49/AJ49,0) -> 0 | AN49: =+AK49+AL49 -> 0 | AO49: =IFERROR(+AN49/AJ49,0) -> 0 | AP49: VILLEMUR EZEQUIEL
A50: SALCHICHAS - ARG | B50: CORPORATIVO | D50: MOSTAZA Y PAN S.A. | E50: 0 | F50: 0 | G50: 0 | H50: 0 | I50: 0 | J50: 0 | K50: 0 | L50: 0 | M50: 0 | N50: 0 | T50: 0 | U50: 0 | V50: 0 | W50: 0 | X50: 0 | Y50: 0 | Z50: 0 | AA50: 0 | AB50: 0 | AC50: 0 | AD50: 0 | AE50: 0 | AF50: 0 | AG50: 0 | AH50: 0 | AI50: 0 | AK50: 0 | AL50: 0 | AM50: =IFERROR(AL50/AJ50,0) -> 0 | AN50: =+AK50+AL50 -> 0 | AO50: =IFERROR(+AN50/AJ50,0) -> 0 | AP50: VILLEMUR EZEQUIEL | AQ50: AXIS LOGISTICA S.A.
B51: CORPORATIVO | C51: VILLEMUR EZEQUIEL | D51: FINCA BALCARCE | Z51: 0 | AA51: 0 | AB51: 0 | AC51: 0 | AD51: 0 | AE51: 0 | AF51: 0 | AG51: 0 | AH51: 0 | AI51: 0 | AK51: 0 | AL51: 0 | AM51: =IFERROR(AL51/AJ51,0) -> 0 | AN51: =+AK51+AL51 -> 0 | AO51: =IFERROR(+AN51/AJ51,0) -> 0 | AP51: VILLEMUR EZEQUIEL
A52: SALCHICHAS - ARG | B52: VENTA - ME | D52: VENTA - ME | E52: 0 | F52: 0 | G52: 0 | H52: 0 | I52: 0 | J52: 0 | K52: 0 | L52: 0 | M52: 0 | N52: 0 | T52: 0 | U52: 0 | V52: 0 | W52: 0 | X52: 0 | Y52: 0 | Z52: 0 | AA52: 0 | AB52: 0 | AC52: 0 | AD52: 0 | AE52: 0 | AF52: 0 | AG52: 0 | AH52: 0 | AI52: 0 | AK52: 0 | AL52: 0 | AM52: =IFERROR(AL52/AJ52,0) -> 0 | AN52: =+AK52+AL52 -> 0 | AO52: =IFERROR(+AN52/AJ52,0) -> 0 | AP52: COM EXT
A53: SALCHICHAS - ARG | B53: CORPORATIVO | C53: SUAREZ MARCOS GABRIEL | D53: CONSUMIDOR FINAL E-COMMERCE | E53: 72.45 | F53: 156.6 | G53: 9.45 | H53: 55.8 | I53: 128.7 | J53: 96.975 | K53: 238.275 | L53: 10.8 | M53: 157.5 | N53: 31.95 | T53: 24.525 | U53: 39.15 | V53: 79.65 | W53: 29.7 | X53: 0.45 | Y53: 5.4 | Z53: 28.35 | AA53: 23.85 | AB53: 21.75 | AC53: 1.575 | AD53: 0 | AE53: 0 | AF53: 0 | AG53: 0 | AH53: 0 | AI53: 0 | AK53: 0 | AL53: 0 | AM53: =IFERROR(AL53/AJ53,0) -> 0 | AN53: =+AK53+AL53 -> 0 | AO53: =IFERROR(+AN53/AJ53,0) -> 0 | AP53: SUAREZ MARCOS GABRIEL
A54: SALCHICHAS - ARG | B54: CORPORATIVO | D54: AXIS LOGISTICA S.A. | E54: 0 | F54: 0 | G54: 0 | H54: 0 | I54: 0 | J54: 0 | K54: 0 | L54: 0 | M54: 0 | N54: 0 | T54: 0 | U54: 0 | V54: 0 | W54: 0 | X54: 0 | Y54: 0 | Z54: 0 | AA54: 0 | AB54: 0 | AC54: 0 | AD54: 0 | AE54: 0 | AF54: 0 | AG54: 0 | AH54: 0 | AI54: 0 | AK54: 0 | AL54: 0 | AM54: =IFERROR(AL54/AJ54,0) -> 0 | AN54: =+AK54+AL54 -> 0 | AO54: =IFERROR(+AN54/AJ54,0) -> 0 | AP54: PIZARRO ROCIO AZUCENA
A55: SALCHICHAS - ARG | B55: CORPORATIVO | D55: VARIOS | E55: 0 | F55: 0 | G55: 0 | H55: 0 | I55: 0 | J55: 0 | K55: 0 | L55: 0 | M55: 0 | N55: 0 | T55: 0 | U55: 0 | V55: 0 | W55: 0 | X55: 0 | Y55: 0 | Z55: 0 | AA55: 0 | AB55: 0 | AC55: 0 | AD55: 0 | AE55: 0 | AF55: 0 | AG55: 0 | AH55: 0 | AI55: 0 | AK55: 0 | AL55: 0 | AM55: =IFERROR(AL55/AJ55,0) -> 0 | AN55: =+AK55+AL55 -> 0 | AO55: =IFERROR(+AN55/AJ55,0) -> 0
A56: SALCHICHAS - ARG | D56: TOTAL | E56: 996819.51 | F56: 935334.6 | G56: 1047664.8 | H56: 1068843.6 | I56: 1080819.8 | J56: 942354.26 | K56: 1063507.3 | L56: 874702.32 | M56: 863799.06 | N56: 826789.65 | T56: 855522.67 | U56: 925068.71 | V56: 882349.53 | W56: 807325.74 | X56: 633409.75 | Y56: 712532.2 | Z56: 884167.53 | AA56: 797752.79 | AB56: 730725.05 | AC56: 722797.88 | AD56: 898569.54 | AE56: 785720.34 | AF56: 764940.96 | AG56: 707070.48 | AH56: 804349.74 | AI56: 778069.08 | AJ56: 800000 | AK56: =+AK47+SUM(AK48:AK55) -> 124907.82 | AL56: =SUM(AL47:AL55) -> 456617.04 | AM56: =IFERROR(AL56/AJ56,0) -> 0.5707713 | AN56: =+AK56+AL56 -> 581524.86 | AO56: =IFERROR(+AN56/AJ56,0) -> 0.72690607
B57: VENDEDOR TRANSFERENCIA | D57: NOTAS DE CREDITO SIN VENDEDOR ASIGNADO | AK57: -7.1304385e-10 | AL57: -1.6880222e-09
AJ58: |

Sheet UNT
B1: UNTABLES - ARG | C1: UNTABLES - ARG
B2: Área | C2: Jefe | D2: Ejecutivo | E2: Julio '23 | F2: Agosto '23 | G2: Septiembre '23 | H2: Octubre '23 | I2: Noviembre '23 | J2: Diciembre '23 | K2: Enero '24 | L2: Febrero '24 | M2: Marzo '24 | N2: Abril '24 | O2: Mayo '24 | P2: Junio '24 | Q2: Julio '24 | R2: Agosto '24 | S2: Septiembre '24 | T2: Octubre '24 | U2: Noviembre '24 | V2: Diciembre '24 | W2: Enero '25 | X2: Febrero '25 | Y2: Marzo '25 | Z2: Abril '25 | AA2: Mayo '25 | AB2: Junio '25 | AC2: Julio '25 | AD2: Agosto '25 | AE2: Septiembre '25 | AF2: Octubre '25 | AG2: Noviembre '25 | AH2: Diciembre '25 | AI2: Enero '26 | AJ2: Meta Febrero '26 | AK2: Pendiente | AL2: Ventas | AM2: Avance Neto | AN2: Total | AO2: Avance Total
B3: Rosario | C3: ADRIAN DALLA VERDE | D3: BESSONE JUAN MANUEL (VENDEDOR) | E3: 35134.56 | F3: 8331.12 | G3: 148627.44 | H3: 40171.68 | I3: 0 | J3: 0 | K3: 0 | L3: 0 | M3: 0 | N3: 0 | O3: 0 | P3: 56.16 | Q3: 0 | R3: 0 | S3: 0 | T3: 0 | U3: 0 | V3: 0 | W3: 0 | X3: 0 | Y3: 0 | Z3: 0 | AA3: 0 | AB3: 51.84 | AC3: 51.84 | AD3: 0 | AE3: 0 | AF3: 0 | AG3: 0 | AH3: 0 | AI3: 0 | AJ3: 0 | AK3: 0 | AL3: 0 | AM3: =IFERROR(AL3/AJ3,0) -> 0 | AN3: =+AK3+AL3 -> 0 | AO3: =IFERROR(+AN3/AJ3,0) -> 0
B4: Litoral | C4: ADRIAN DALLA VERDE | D4: FUNES ANDRES | E4: 23569.368 | F4: 40688.76 | G4: 23805.504 | H4: 38459.544 | I4: 34940.688 | J4: 31840.224 | K4: 31154.304 | L4: 25208.088 | M4: 19174.92 | N4: 32197.224 | O4: 34163.064 | P4: 17554.92 | Q4: 18427.2 | R4: 20383.656 | S4: 11013.336 | T4: 24683.496 | U4: 23466.312 | V4: 16838.424 | W4: 16788.024 | X4: 23961.696 | Y4: 24849.696 | Z4: 21091.92 | AA4: 23334.384 | AB4: 20433.504 | AC4: 25944.816 | AD4: 18744.192 | AE4: 19016.736 | AF4: 19530.888 | AG4: 19464.528 | AH4: 24553.344 | AI4: 31100.928 | AJ4: 22000 | AK4: 0 | AL4: 12366.744 | AM4: =IFERROR(AL4/AJ4,0) -> 0.56212473 | AN4: =+AK4+AL4 -> 12366.744 | AO4: =IFERROR(+AN4/AJ4,0) -> 0.56212473
B5: Litoral | C5: ADRIAN DALLA VERDE | D5: SCARAFIA YAMIL HERMES | E5: 10178.088 | F5: 15492.528 | G5: 12045.216 | H5: 16342.008 | I5: 8966.304 | J5: 24765.36 | K5: 11692.824 | L5: 7666.416 | M5: 4410.936 | N5: 8743.032 | O5: 5756.952 | P5: 4724.64 | Q5: 10323.816 | R5: 6092.184 | S5: 4838.04 | T5: 11387.088 | U5: 13198.008 | V5: 5109.048 | W5: 8025.84 | X5: 6750.672 | Y5: 8952.648 | Z5: 11542.704 | AA5: 12518.544 | AB5: 17217.528 | AC5: 16758.456 | AD5: 18652.344 | AE5: 18542.376 | AF5: 8095.008 | AG5: 6948.888 | AH5: 16080 | AI5: 12037.176 | AJ5: 14000 | AK5: 0 | AL5: 5767.536 | AM5: =IFERROR(AL5/AJ5,0) -> 0.41196686 | AN5: =+AK5+AL5 -> 5767.536 | AO5: =IFERROR(+AN5/AJ5,0) -> 0.41196686 | AP5: VAZQUEZ ALEJANDRO MARCELO
B6: Litoral | C6: ADRIAN DALLA VERDE | D6: GENTILE NICOLAS | E6: 8102.52 | F6: 10768.824 | G6: 16385.016 | H6: 14737.848 | I6: 18283.608 | J6: 13167.552 | K6: 9747.576 | L6: 13961.64 | M6: 14174.52 | N6: 18969.024 | O6: 20981.376 | P6: 10280.544 | Q6: 12631.128 | R6: 14064.936 | S6: 12496.704 | T6: 23848.032 | U6: 13875.552 | V6: 4369.584 | W6: 18353.28 | X6: 9697.968 | Y6: 9038.352 | Z6: 13492.296 | AA6: 11440.656 | AB6: 8895.576 | AC6: 12639 | AD6: 11490.696 | AE6: 4231.68 | AF6: 14968.272 | AG6: 22163.448 | AH6: 4976.424 | AI6: 15353.856 | AJ6: 17000 | AK6: 1000.92 | AL6: 7414.944 | AM6: =IFERROR(AL6/AJ6,0) -> 0.43617318 | AN6: =+AK6+AL6 -> 8415.864 | AO6: =IFERROR(+AN6/AJ6,0) -> 0.49505082
B7: NOA | C7: ADRIAN DALLA VERDE | D7: PAZ CARRANZA EDUARDO | E7: 195408.96 | F7: 133921.32 | G7: 237067.61 | H7: 205196.38 | I7: 244901.88 | J7: 108689.04 | K7: 142981.2 | L7: 141698.69 | M7: 172798.8 | N7: 136438.56 | O7: 138747.6 | P7: 185842.08 | Q7: 150173.33 | R7: 150443.26 | S7: 131472.72 | T7: 89973.168 | U7: 119959.68 | V7: 204407.93 | W7: 134298.96 | X7: 93628.632 | Y7: 51299.184 | Z7: 128629.92 | AA7: 131665.56 | AB7: 80844.936 | AC7: 103172.11 | AD7: 159237.36 | AE7: 93521.4 | AF7: 114478.32 | AG7: 163488.53 | AH7: 116215.66 | AI7: 90972.384 | AJ7: 90000 | AK7: 19051.2 | AL7: 107293.44 | AM7: =IFERROR(AL7/AJ7,0) -> 1.1921493 | AN7: =+AK7+AL7 -> 126344.64 | AO7: =IFERROR(+AN7/AJ7,0) -> 1.4038293
B8: NOA | C8: ADRIAN DALLA VERDE | D8: APUD ALEXANDER DARIO | O8: 0 | P8: 11633.28 | Q8: 31360.68 | R8: 17604.96 | S8: 14405.88 | T8: 27186 | U8: 21768.12 | V8: 29883 | W8: 9716.88 | X8: 33755.424 | Y8: 11175.336 | Z8: 17541.96 | AA8: 21915.192 | AB8: 60882.624 | AC8: 38957.88 | AD8: 50408.52 | AE8: 42464.28 | AF8: 32781.864 | AG8: 22912.032 | AH8: 27673.8 | AI8: 16968.768 | AJ8: 32000 | AK8: 0 | AL8: 729 | AM8: =IFERROR(AL8/AJ8,0) -> 0.02278125 | AN8: =+AK8+AL8 -> 729 | AO8: =IFERROR(+AN8/AJ8,0) -> 0.02278125
B9: NEA | C9: ADRIAN DALLA VERDE | D9: ROBLEDO JORGE LUIS | E9: 21615.648 | F9: 38279.808 | G9: 20757.12 | H9: 30192.336 | I9: 30322.944 | J9: 33319.296 | K9: 26508.816 | L9: 27658.92 | M9: 20270.64 | N9: 54489.12 | O9: 26462.52 | P9: 19166.064 | Q9: 31283.04 | R9: 49586.76 | S9: 40437 | T9: 33828.408 | U9: 4527.288 | V9: 2115.456 | W9: 18792.72 | X9: 27435.72 | Y9: 24577.32 | Z9: 15877.608 | AA9: 22014.84 | AB9: 28765.8 | AC9: 89150.4 | AD9: 33743.736 | AE9: 22353.84 | AF9: 29578.32 | AG9: 2136.6 | AH9: 27107.424 | AI9: 29041.2 | AJ9: 28000 | AK9: 9331.2 | AL9: 3878.304 | AM9: =IFERROR(AL9/AJ9,0) -> 0.13851086 | AN9: =+AK9+AL9 -> 13209.504 | AO9: =IFERROR(+AN9/AJ9,0) -> 0.471768
B10: NEA | C10: ADRIAN DALLA VERDE | D10: SANCHEZ JUAN CARLOS | E10: 101457.12 | F10: 87950.88 | G10: 49970.52 | H10: 80390.64 | I10: 97414.8 | J10: 89334.168 | K10: 64221.24 | L10: 63905.88 | M10: 46002.72 | N10: 66211.68 | O10: 61067.16 | P10: 78577.2 | Q10: 62570.28 | R10: 68957.136 | S10: 63850.56 | T10: 53432.4 | U10: 59752.176 | V10: 55964.64 | W10: 66532.8 | X10: 61366.848 | Y10: 66688.848 | Z10: 55254.48 | AA10: 47304.72 | AB10: 50011.584 | AC10: 71816.76 | AD10: 55529.256 | AE10: 43455.816 | AF10: 51108.288 | AG10: 52531.44 | AH10: 24051.504 | AI10: 55201.872 | AJ10: 49000 | AK10: 0 | AL10: 19750.632 | AM10: =IFERROR(AL10/AJ10,0) -> 0.40307412 | AN10: =+AK10+AL10 -> 19750.632 | AO10: =IFERROR(+AN10/AJ10,0) -> 0.40307412
B11: Cuyo | C11: MARCELO VEGA | D11: VIVARES ABEL MAURICIO | E11: 22442.472 | F11: 35196.216 | G11: 34041.552 | H11: 46231.56 | I11: 38794.68 | J11: 39446.64 | K11: 26998.728 | L11: 35661.24 | M11: 16688.544 | N11: 20750.16 | O11: 16009.44 | P11: 16563.72 | Q11: 14792.208 | R11: 16736.496 | S11: 16036.392 | T11: 16618.944 | U11: 15940.344 | V11: 16713.72 | W11: 19580.4 | X11: 17037.864 | Y11: 18115.08 | Z11: 18423.12 | AA11: 17468.976 | AB11: 18804.192 | AC11: 20132.784 | AD11: 19930.056 | AE11: 22656.312 | AF11: 25501.56 | AG11: 24075.984 | AH11: 23979.192 | AI11: 27778.488 | AJ11: 25000 | AK11: 5424.72 | AL11: 21897.72 | AM11: =IFERROR(AL11/AJ11,0) -> 0.8759088 | AN11: =+AK11+AL11 -> 27322.44 | AO11: =IFERROR(+AN11/AJ11,0) -> 1.0928976
B12: Cuyo | C12: MARCELO VEGA | D12: ANDINO FACUNDO NICOLAS | E12: 26213.784 | F12: 27063.024 | G12: 21649.56 | H12: 36280.848 | I12: 32207.376 | J12: 29258.904 | K12: 27378.024 | L12: 28722.12 | M12: 10996.68 | N12: 13529.64 | O12: 12562.44 | P12: 17053.08 | Q12: 13659.84 | R12: 3868.56 | S12: 15003.36 | T12: 14596.104 | U12: 19306.944 | V12: 16014.432 | W12: 11806.392 | X12: 15290.472 | Y12: 14894.4 | Z12: 14575.608 | AA12: 13541.088 | AB12: 10399.176 | AC12: 17530.44 | AD12: 16288.776 | AE12: 17081.184 | AF12: 16507.56 | AG12: 20229 | AH12: 18394.056 | AI12: 20637.48 | AJ12: 19000 | AK12: 4743.36 | AL12: 10039.992 | AM12: =IFERROR(AL12/AJ12,0) -> 0.52842063 | AN12: =+AK12+AL12 -> 14783.352 | AO12: =IFERROR(+AN12/AJ12,0) -> 0.77807116
B13: Cordoba | C13: MARCELO VEGA | D13: SCHAIGORODSKY IGNACIO | E13: 703.056 | F13: 903.144 | K13: 4705.8 | L13: 4249.56 | M13: 1630.32 | N13: 10512.288 | O13: 12996.072 | P13: 4226.496 | Q13: 9994.272 | R13: 5726.064 | S13: 3148.848 | T13: 10691.808 | U13: 8634.288 | V13: 5085.6 | W13: 13087.632 | X13: 10454.352 | Y13: 2360.424 | Z13: 8576.208 | AA13: 7789.944 | AB13: 8574.72 | AC13: 8722.584 | AD13: 8567.568 | AE13: 8056.128 | AF13: 5177.784 | AG13: 8103.264 | AH13: 14297.568 | AI13: 13133.136 | AJ13: 8500 | AK13: 43.2 | AL13: 5576.712 | AM13: =IFERROR(AL13/AJ13,0) -> 0.65608376 | AN13: =+AK13+AL13 -> 5619.912 | AO13: =IFERROR(+AN13/AJ13,0) -> 0.66116612
B14: Cordoba | C14: MARCELO VEGA | D14: FELLINI FERNANDO JOSE MARIA | E14: 3677.76 | F14: 4069.92 | G14: 3690.048 | H14: 5531.76 | I14: 4939.92 | J14: 8911.8 | K14: 4211.88 | L14: 2977.296 | M14: 7983.216 | N14: 6202.968 | O14: 0 | P14: 0 | Q14: 0 | R14: 0 | S14: 0 | T14: 0 | U14: 0 | V14: 0 | W14: 0 | X14: 0 | Y14: 0 | Z14: 0 | AA14: 0 | AB14: 0 | AC14: 0 | AD14: 0 | AE14: 0 | AF14: 0 | AG14: 0 | AH14: 0 | AI14: 0 | AK14: 0 | AL14: 0 | AM14: =IFERROR(AL14/AJ14,0) -> 0 | AN14: =+AK14+AL14 -> 0 | AO14: =IFERROR(+AN14/AJ14,0) -> 0
B15: Cordoba | C15: MARCELO VEGA | D15: ORGAZ GUSTAVO EMANUEL | E15: 16360.008 | F15: 16373.928 | G15: 16196.496 | H15: 24970.392 | I15: 25745.544 | J15: 25993.2 | K15: 17002.512 | L15: 17548.584 | M15: 18886.032 | N15: 20565.84 | O15: 17564.28 | P15: 25984.968 | Q15: 16137 | R15: 14021.328 | S15: 16589.16 | T15: 11495.76 | U15: 3300.216 | V15: 2625 | W15: 4861.344 | X15: 9909.36 | Y15: 12244.08 | Z15: 11335.056 | AA15: 16350.48 | AB15: 17876.328 | AC15: 6457.68 | AD15: 16352.472 | AE15: 16186.584 | AF15: 14648.784 | AG15: 12799.008 | AH15: 3450.432 | AI15: 13509.456 | AJ15: 13500 | AK15: 323.54 | AL15: 5908.944 | AM15: =IFERROR(AL15/AJ15,0) -> 0.43769956 | AN15: =+AK15+AL15 -> 6232.484 | AO15: =IFERROR(+AN15/AJ15,0) -> 0.46166548
B16: Patagonia | C16: MARCELO VEGA | D16: ALONSO GUSTAVO DANIEL | E16: 5692.344 | F16: 5828.928 | G16: 4233.36 | H16: 8198.16 | I16: 4085.28 | J16: 3355.08 | K16: 7166.376 | L16: 6887.184 | M16: 6415.896 | N16: 5845.08 | O16: 4608.936 | P16: 3759.336 | Q16: 5916.912 | R16: 6938.808 | S16: 5046.96 | T16: 5049.744 | U16: 925.992 | V16: 3892.968 | W16: 3725.4 | X16: 4718.16 | Y16: 9873 | Z16: 10079.424 | AA16: 10118.04 | AB16: 4099.584 | AC16: 8179.536 | AD16: 10296.552 | AE16: 11849.928 | AF16: 12199.248 | AG16: 2327.832 | AH16: 11962.968 | AI16: 11594.328 | AJ16: 12000 | AK16: 1617.72 | AL16: 5614.848 | AM16: =IFERROR(AL16/AJ16,0) -> 0.467904 | AN16: =+AK16+AL16 -> 7232.568 | AO16: =IFERROR(+AN16/AJ16,0) -> 0.602714
B17: Patagonia | C17: MARCELO VEGA | D17: VILOTTA SEBASTIAN | E17: 16550.88 | F17: 12888.528 | G17: 8553.6 | H17: 9115.248 | I17: 8864.76 | J17: 13957.416 | K17: 9142.68 | L17: 10555.44 | M17: 13752.672 | N17: 19733.88 | O17: 41352.768 | P17: 36388.008 | Q17: 57665.52 | R17: 28457.04 | S17: 41893.2 | T17: 46555.056 | U17: 29976.864 | V17: 7646.88 | W17: 2477.544 | X17: 10212.24 | Y17: 7230.36 | Z17: 10514.544 | AA17: 5708.352 | AB17: 8078.52 | AC17: 10135.128 | AD17: 8467.944 | AE17: 11678.76 | AF17: 9653.328 | AG17: 8333.568 | AH17: 11628.24 | AI17: 11131.848 | AJ17: 10000 | AK17: 2419.2 | AL17: 11544.864 | AM17: =IFERROR(AL17/AJ17,0) -> 1.1544864 | AN17: =+AK17+AL17 -> 13964.064 | AO17: =IFERROR(+AN17/AJ17,0) -> 1.3964064
D18: Subtotal Distribuidores Interior | E18: =+SUM(E3:E17) -> 487106.57 | F18: =+SUM(F3:F17) -> 437756.93 | G18: =+SUM(G3:G17) -> 597023.04 | H18: =+SUM(H3:H17) -> 555818.4 | I18: =+SUM(I3:I17) -> 549467.78 | J18: =+SUM(J3:J17) -> 422038.68 | K18: =+SUM(K3:K17) -> 382911.96 | L18: =+SUM(L3:L17) -> 386701.06 | ... AD18: =+SUM(AD3:AD17) -> 427709.47 | AE18: 331095.02 | AF18: 354229.22 | AG18: 365514.12 | AH18: 324370.61 | AI18: 348460.92 | AJ18: 340000 | AK18: =+SUM(AK3:AK17) -> 43955.06 | AL18: =+SUM(AL3:AL17) -> 217783.68 | AM18: =IFERROR(AL18/AJ18,0) -> 0.64054024 | AN18: =+SUM(AN3:AN17) -> 261738.74 | AO18: =IFERROR(+AN18/AJ18,0) -> 0.76981982
A19: UNTABLES - ARG | B19: Interior - Cadenas | C19: JUAN BESSONE | D19: CABARDOS CLAUDIO SANTIAGO | E19: 4397.616 | F19: 7733.088 | G19: 5304.84 | H19: 7235.088 | I19: 6588.264 | J19: 2104.152 | K19: 4970.064 | L19: 1012.92 | M19: 6163.56 | N19: 1705.416 | O19: 14457.552 | P19: 10431 | Q19: 30727.328 | R19: 29968.664 | S19: 4628.768 | T19: 23503.736 | U19: 12294.896 | V19: 23040.984 | W19: 1591.344 | X19: 7526.248 | Y19: 2014.84 | Z19: 22727.88 | AA19: 27688.016 | AB19: 20709.8 | AC19: 26108.784 | AD19: -19335.672 | AE19: 23156.904 | AF19: 14418.84 | AG19: 5004.768 | AH19: 13954.728 | AI19: 2539.032 | AJ19: 14000 | AK19: 48.5 | AL19: 2080.968 | AM19: =IFERROR(AL19/AJ19,0) -> 0.14864057 | AN19: =+AK19+AL19 -> 2129.468 | AO19: =IFERROR(+AN19/AJ19,0) -> 0.15210486
A20: UNTABLES - ARG | B20: Interior - Cadenas | C20: JUAN BESSONE | D20: MEINERI JOSE MARIA | E20: 41083.752 | F20: 20634.192 | G20: 28239.048 | H20: 55186.632 | I20: 57596.064 | J20: 74147.856 | K20: 41058.768 | L20: 58901.328 | M20: 27511.344 | N20: 61118.4 | O20: 56336.544 | P20: 51229.152 | Q20: 36048.528 | R20: 15465.528 | S20: 33824.088 | T20: 50548.296 | U20: 28566.432 | V20: 39466.968 | W20: 45337.104 | X20: 24611.4 | Y20: 30666.408 | Z20: 45691.2 | AA20: 37685.496 | AB20: 42416.088 | AC20: 25552.44 | AD20: 25512.192 | AE20: 43505.616 | AF20: 41502.384 | AG20: 40203.192 | AH20: 32985.6 | AI20: 60615.336 | AJ20: 43000 | AK20: 7319.74 | AL20: 36555.072 | AM20: =IFERROR(AL20/AJ20,0) -> 0.85011795 | AN20: =+AK20+AL20 -> 43874.812 | AO20: =IFERROR(+AN20/AJ20,0) -> 1.0203445
A21: UNTABLES - ARG | B21: Interior - Cadenas | C21: JUAN BESSONE | D21: FERNANDEZ JORGE OSCAR | E21: 14767.08 | F21: 38347.488 | G21: 11655.888 | H21: 31498.44 | I21: 42333.552 | J21: 72375.504 | K21: 31568.16 | L21: 10372.32 | M21: 25690.944 | N21: 66011.832 | O21: 68463.024 | P21: 29214.744 | Q21: 41746.152 | R21: 58927.464 | S21: 49810.2 | T21: 46271.16 | U21: 36680.088 | V21: 55158.72 | W21: 69846.6 | X21: 54946.8 | Y21: 57291.624 | Z21: 57577.8 | AA21: 65394.12 | AB21: 43345.752 | AC21: 36038.592 | AD21: 27638.136 | AE21: 57486.072 | AF21: 19503 | AG21: 72438.48 | AH21: 37938.936 | AI21: 70138.776 | AJ21: 43000 | AK21: 5092.8 | AL21: 31719.696 | AM21: =IFERROR(AL21/AJ21,0) -> 0.73766735 | AN21: =+AK21+AL21 -> 36812.496 | AO21: =IFERROR(+AN21/AJ21,0) -> 0.85610456
D22: Subtotal Regionales Interior | E22: =+SUM(E19:E21) -> 60248.448 | F22: =+SUM(F19:F21) -> 66714.768 | G22: =+SUM(G19:G21) -> 45199.776 | H22: =+SUM(H19:H21) -> 93920.16 | I22: =+SUM(I19:I21) -> 106517.88 | J22: =+SUM(J19:J21) -> 148627.51 | K22: =+SUM(K19:K21) -> 77596.992 | L22: =+SUM(L19:L21) -> 70286.568 | ... R22: =+SUM(R19:R21) -> 104361.66 | S22: 88263.056 | T22: =+SUM(T19:T21) -> 120323.19 | U22: =+SUM(U19:U21) -> 77541.416 | V22: =+SUM(V19:V21) -> 117666.67 | W22: =+SUM(W19:W21) -> 116775.05 | X22: =+SUM(X19:X21) -> 87084.448 | Y22: 89972.872 | Z22: 125996.88 | AA22: 130767.63 | AB22: 106471.64 | AC22: 87699.816 | AD22: 33814.656 | AE22: 124148.59 | AF22: 75424.224 | AG22: 117646.44 | AH22: 84879.264 | AI22: 133293.14 | AJ22: 100000 | AK22: =+SUM(AK19:AK21) -> 12461.04 | AL22: =+SUM(AL19:AL21) -> 70355.736 | AM22: =IFERROR(AL22/AJ22,0) -> 0.70355736 | AN22: =+SUM(AN19:AN21) -> 82816.776 | AO22: =IFERROR(+AN22/AJ22,0) -> 0.82816776
B23: Capital | C23: FEDERICO JACUM | D23: VELAZQUEZ JONATAN WALTER | E23: 16219.512 | F23: 14105.52 | G23: 15879.936 | H23: 22817.232 | I23: 20304.528 | J23: 28615.824 | K23: 12076.8 | L23: 14334.96 | M23: 13860.24 | N23: 17407.248 | O23: 46025.616 | P23: 19253.64 | Q23: 16558.272 | R23: 18399.144 | S23: 19637.136 | T23: 7107.456 | U23: 19524.768 | V23: 18612.816 | W23: 17863.536 | X23: 25654.752 | Y23: 15018.048 | Z23: 19221.336 | AA23: 29728.488 | AB23: 33720.312 | AC23: 14296.008 | AD23: 36444.216 | AE23: 15982.968 | AF23: 26872.728 | AG23: 20182.152 | AH23: 29337.984 | AI23: 22112.832 | AJ23: 25100 | AK23: 7203.89 | AL23: 19403.208 | AM23: =IFERROR(AL23/AJ23,0) -> 0.77303618 | AN23: =+AK23+AL23 -> 26607.098 | AO23: =IFERROR(+AN23/AJ23,0) -> 1.0600437
B24: GBA (Oeste) | C24: FEDERICO JACUM | D24: TAPIA NERINA MARIELA | E24: 33293.04 | F24: 30226.08 | G24: 35007.936 | H24: 39306 | I24: 42535.488 | J24: 34454.016 | K24: 43364.88 | L24: 41086.2 | M24: 39548.16 | N24: 62059.968 | O24: 30652.32 | P24: 45852.48 | Q24: 20670.288 | R24: 43096.032 | S24: 36350.16 | T24: 34274.64 | U24: 20377.44 | V24: 33024.48 | W24: 37519.968 | X24: 40722.84 | Y24: 38003.904 | Z24: 33151.344 | AA24: 57534.096 | AB24: 48036.912 | AC24: 48850.32 | AD24: 44555.688 | AE24: 45173.328 | AF24: 34369.44 | AG24: 47212.752 | AH24: 53355.768 | AI24: 56694.096 | AJ24: 45100 | AK24: 41418.96 | AL24: 12689.76 | AM24: =IFERROR(AL24/AJ24,0) -> 0.2813694 | AN24: =+AK24+AL24 -> 54108.72 | AO24: =IFERROR(+AN24/AJ24,0) -> 1.1997499
B25: GBA (Sur) | C25: FEDERICO JACUM | D25: VINCZE CINTIA LORENA | E25: 18564.144 | F25: 16516.416 | G25: 16643.76 | H25: 21629.28 | I25: 25209.24 | J25: 22904.304 | K25: 18891.504 | L25: 21171.624 | M25: 21256.128 | N25: 31989 | O25: 29537.304 | P25: 23708.16 | Q25: 18380.4 | R25: 24587.88 | S25: 22723.68 | T25: 16182.696 | U25: 20652.672 | V25: 25174.416 | W25: 24207 | X25: 25226.76 | Y25: 11341.56 | Z25: 35298.48 | AA25: 29638.56 | AB25: 29938.56 | AC25: 37499.928 | AD25: 38198.952 | AE25: 11354.04 | AF25: 36716.28 | AG25: 35803.128 | AH25: 13033.2 | AI25: 51400.608 | AJ25: 29100 | AK25: 0 | AL25: 8921.088 | AM25: =IFERROR(AL25/AJ25,0) -> 0.3065666 | AN25: =+AK25+AL25 -> 8921.088 | AO25: =IFERROR(+AN25/AJ25,0) -> 0.3065666
B26: GBA (Sur) | C26: FEDERICO JACUM | D26: GOMEZ OURAL ALBERTO | E26: 21033.384 | F26: 21661.68 | G26: 20735.928 | H26: 21583.128 | I26: 23634.648 | J26: 18972.672 | K26: 48630.408 | L26: 35693.808 | M26: 31570.584 | N26: 32871.216 | O26: 15910.44 | P26: 19813.488 | Q26: 1694.352 | R26: 35382.768 | S26: 33237.84 | T26: 19785.96 | U26: 5173.44 | V26: 21564.552 | W26: 18905.52 | X26: 20451.6 | Y26: 33347.52 | Z26: 3308.4 | AA26: 40146.72 | AB26: 28703.88 | AC26: 24443.64 | AD26: 13183.416 | AE26: 16537.56 | AF26: 31187.544 | AG26: 32078.16 | AH26: 20502.288 | AI26: 31023.984 | AJ26: 27600 | AK26: 27216 | AL26: 488.256 | AM26: =IFERROR(AL26/AJ26,0) -> 0.017690435 | AN26: =+AK26+AL26 -> 27704.256 | AO26: =IFERROR(+AN26/AJ26,0) -> 1.0037774
B27: Costa | C27: FEDERICO JACUM | D27: MARTINO FLAVIO | E27: 1591.92 | F27: 1582.272 | G27: 1512 | H27: 2987.328 | I27: 388.8 | J27: 2830.656 | K27: 3633.072 | L27: 14774.4 | M27: 5486.4 | N27: 4467.36 | O27: 10476.768 | P27: 3799.68 | Q27: 5371.776 | R27: 3482.496 | S27: 4820.4 | T27: 864 | U27: 3773.52 | V27: 818.64 | W27: 8659.8 | X27: 3280.8 | Y27: 3196.8 | Z27: 2275.272 | AA27: 2942.304 | AB27: 5178.24 | AC27: 4574.16 | AD27: 4108.584 | AE27: 3611.832 | AF27: 10028.28 | AG27: 8742.96 | AH27: 9245.616 | AI27: 6934.8 | AJ27: 8100 | AK27: 0 | AL27: 3927.24 | AM27: =IFERROR(AL27/AJ27,0) -> 0.48484444 | AN27: =+AK27+AL27 -> 3927.24 | AO27: =IFERROR(+AN27/AJ27,0) -> 0.48484444
D28: Subtotal Distribuidores GBA y Costa | E28: =+SUM(E23:E27) -> 90702 | F28: =+SUM(F23:F27) -> 84091.968 | G28: =+SUM(G23:G27) -> 89779.56 | H28: =+SUM(H23:H27) -> 108322.97 | I28: =+SUM(I23:I27) -> 112072.7 | J28: =+SUM(J23:J27) -> 107777.47 | K28: =+SUM(K23:K27) -> 126596.66 | L28: =+SUM(L23:L27) -> 127060.99 | ... AD28: =+SUM(AD23:AD27) -> 136490.86 | AE28: 92659.728 | AF28: 139174.27 | AG28: 144019.15 | AH28: 125474.86 | AI28: 168166.32 | AJ28: 135000 | AK28: =+SUM(AK23:AK27) -> 75838.85 | AL28: =+SUM(AL23:AL27) -> 45429.552 | AM28: =IFERROR(AL28/AJ28,0) -> 0.3365152 | AN28: =+SUM(AN23:AN27) -> 121268.4 | AO28: =IFERROR(+AN28/AJ28,0) -> 0.89828446
A29: UNTABLES - ARG | B29: Patagonia / Costa - Cadenas | C29: FEDERICO JACUM | D29: VAL JULIAN | E29: 9932.352 | F29: 10315.272 | G29: 8794.56 | H29: 12493.416 | I29: 4386.792 | J29: 23216.136 | K29: 7944.744 | L29: 12335.136 | M29: 13568.304 | N29: 31112.232 | O29: 27752.952 | P29: 17182.464 | Q29: 17571.456 | R29: 26735.232 | S29: 21074.808 | T29: 28529.208 | U29: 22902.84 | V29: 6353.16 | W29: 17872.8 | X29: 14191.152 | Y29: 4119 | Z29: 6014.04 | AA29: 1801.92 | AB29: 6798.96 | AC29: 9352.008 | AD29: 1833.048 | AE29: 2266.56 | AF29: 2416.2 | AG29: 4737.288 | AH29: 4104.504 | AI29: 8605.68 | AJ29: 6000 | AK29: 905.16 | AL29: 2282.04 | AM29: =IFERROR(AL29/AJ29,0) -> 0.38034 | AN29: =+AK29+AL29 -> 3187.2 | AO29: =IFERROR(+AN29/AJ29,0) -> 0.5312 | AP29: 100088964 | AQ29: RAMOS LUCIANO ALEJANDRO
D30: Subtotal Regionales GBA, Costa y Patagonia | E30: =+SUM(E29) -> 9932.352 | F30: =+SUM(F29) -> 10315.272 | G30: =+SUM(G29) -> 8794.56 | H30: =+SUM(H29) -> 12493.416 | I30: =+SUM(I29) -> 4386.792 | J30: =+SUM(J29) -> 23216.136 | K30: =+SUM(K29) -> 7944.744 | L30: =+SUM(L29) -> 12335.136 | ... R30: =+SUM(R29) -> 26735.232 | S30: 21074.808 | T30: =+SUM(T29) -> 28529.208 | U30: =+SUM(U29) -> 22902.84 | V30: =+SUM(V29) -> 6353.16 | W30: =+SUM(W29) -> 17872.8 | X30: =+SUM(X29) -> 14191.152 | Y30: 4119 | Z30: 6014.04 | AA30: 1801.92 | AB30: 6798.96 | AC30: 9352.008 | AD30: 1833.048 | AE30: 2266.56 | AF30: 2416.2 | AG30: 4737.288 | AH30: 4104.504 | AI30: 8605.68 | AJ30: 6000 | AK30: =+SUM(AK29) -> 905.16 | AL30: =+SUM(AL29) -> 2282.04 | AM30: =IFERROR(AL30/AJ30,0) -> 0.38034 | AN30: =+SUM(AN29) -> 3187.2 | AO30: =IFERROR(+AN30/AJ30,0) -> 0.5312
B31: Gastronomia | C31: HERNAN DUARTE | D31: RAMIREZ ARIEL SEBASTIAN | E31: 1773.36 | F31: 0 | G31: 0 | H31: 8.64 | I31: 272.16 | J31: 0 | K31: 0 | L31: 0 | M31: 0 | N31: 4.32 | O31: 0 | P31: 0 | Q31: 0 | R31: 0 | S31: 0 | T31: 0 | U31: 0 | V31: 0 | W31: 0 | X31: 0 | Y31: 0 | Z31: 0 | AA31: 108 | AB31: 4.32 | AC31: 2674.08 | AD31: 3602.88 | AE31: 0 | AF31: 0 | AG31: 0 | AH31: 0 | AI31: 0 | AJ31: 0 | AK31: 2652.48 | AL31: 0 | AM31: =IFERROR(AL31/AJ31,0) -> 0 | AN31: =+AK31+AL31 -> 2652.48 | AO31: =IFERROR(+AN31/AJ31,0) -> 0
B32: Gastronomia | C32: HERNAN DUARTE | D32: DUARTE HERNAN | E32: 0 | F32: 0 | G32: 0 | H32: 0 | I32: 0 | J32: 0 | K32: 0 | L32: 0 | M32: 0 | N32: 0 | O32: 4663.44 | P32: 0 | Q32: 0 | R32: 0 | S32: 0 | T32: 0 | U32: 0 | V32: 2652.48 | W32: 2652.48 | X32: 0 | Y32: 691.2 | Z32: 0 | AA32: 2652.48 | AB32: 0 | AC32: 0 | AD32: 0 | AE32: 2652.48 | AF32: 2652.48 | AG32: 2652.48 | AH32: 2652.48 | AI32: 2652.48 | AJ32: 0 | AK32: 777.6 | AL32: 777.6 | AM32: =IFERROR(AL32/AJ32,0) -> 0 | AN32: =+AK32+AL32 -> 1555.2 | AO32: =IFERROR(+AN32/AJ32,0) -> 0 | AP32: VACANTE DIRECTO FOOD SERVICE IND
D33: Subtotal Gastronomía | E33: 1773.36 | F33: 0 | G33: 0 | H33: 8.64 | I33: 272.16 | J33: 0 | K33: 0 | L33: 0 | M33: 0 | N33: 4.32 | O33: 4663.44 | P33: 0 | Q33: 0 | R33: 0 | S33: 0 | T33: 0 | U33: 0 | V33: 2652.48 | W33: 2652.48 | X33: 0 | Y33: 691.2 | Z33: 0 | AA33: 2760.48 | AB33: 4.32 | AC33: 2674.08 | AD33: 3602.88 | AE33: 2652.48 | AF33: 2652.48 | AG33: 2652.48 | AH33: 2652.48 | AI33: 2652.48 | AJ33: 0 | AK33: =+AK31+AK32 -> 3430.08 | AL33: =+AL31+AL32 -> 777.6 | AM33: =IFERROR(AL33/AJ33,0) -> 0 | AN33: =+AN31+AN32 -> 4207.68 | AO33: =IFERROR(+AN33/AJ33,0) -> 0
B34: Mayoristas | C34: PABLO ANDREACCHIO | D34: ARUANNO PARODI MARIA NOEL | AJ34: 0
B35: Mayoristas | C35: ARUANNO PARODI MARIA NOEL | D35: MENDEZ NAVARRO MARIA ALEJANDRA | E35: 128708.88 | F35: 211918.66 | G35: 212149.56 | H35: 234575.88 | I35: 221326.08 | J35: 212943.98 | K35: 87041.28 | L35: 269200.01 | M35: 119781.84 | N35: 67784.4 | O35: 103164.38 | P35: 95461.824 | Q35: 59860.56 | R35: 119559.17 | S35: 51611.808 | T35: 80483.184 | U35: 20416.176 | V35: 170428.08 | W35: 110072.74 | X35: 171847.56 | Y35: 194005.37 | Z35: 170036.59 | AA35: 194967.07 | AB35: 114325.25 | AC35: 34623.6 | AD35: 137934.96 | AE35: 134457.05 | AF35: 148591.42 | AG35: 198839.9 | AH35: 152785.85 | AI35: 117864.38 | AJ35: 159600 | AK35: 101170.73 | AL35: 35481.696 | AM35: =IFERROR(AL35/AJ35,0) -> 0.22231639 | AN35: =+AK35+AL35 -> 136652.43 | AO35: =IFERROR(+AN35/AJ35,0) -> 0.85621821
B36: Mayoristas | C36: ARUANNO PARODI MARIA NOEL | D36: RAMONDINO LEONARDO ERNESTO | T36: -2.112 | U36: 19174.176 | V36: 0 | W36: 23809.176 | X36: 21162.528 | Y36: 20364.096 | Z36: 23982.864 | AA36: 43417.56 | AB36: 28076.472 | AC36: 11830.08 | AD36: 28646.4 | AE36: 0 | AF36: 20111.904 | AG36: 27823.296 | AH36: 19692.72 | AI36: 0 | AJ36: 20400 | AK36: 35928.38 | AL36: -972 | AM36: =IFERROR(AL36/AJ36,0) -> -0.047647059 | AN36: =+AK36+AL36 -> 34956.38 | AO36: =IFERROR(+AN36/AJ36,0) -> 1.713548 | AP36: 100002258
A37: UNTABLES - ARG | D37: Subtotal Mayoristas | E37: 128708.88 | F37: 211918.66 | G37: 212149.56 | H37: 234575.88 | I37: 221326.08 | J37: 212943.98 | K37: 87041.28 | L37: 269200.01 | M37: 119781.84 | N37: 67784.4 | O37: 103164.38 | P37: 95461.824 | Q37: 59860.56 | R37: 119559.17 | S37: 51611.808 | T37: 80481.072 | U37: 39590.352 | V37: 170428.08 | W37: 133881.91 | X37: 193010.09 | Y37: 214369.46 | Z37: 194019.46 | AA37: 238384.63 | AB37: 142401.72 | AC37: 46453.68 | AD37: 166581.36 | AE37: 134457.05 | AF37: 168703.32 | AG37: 226663.2 | AH37: 172478.57 | AI37: 117864.38 | AJ37: 180000 | AK37: =+SUM(AK34:AK36) -> 137099.11 | AL37: =+SUM(AL34:AL36) -> 34509.696 | AM37: =IFERROR(AL37/AJ37,0) -> 0.19172053 | AN37: =+SUM(AN34:AN36) -> 171608.81 | AO37: =IFERROR(+AN37/AJ37,0) -> 0.95338226
A38: UNTABLES - ARG | B38: GBA - Cadenas | C38: ARUANNO PARODI MARIA NOEL | D38: BRION SEBASTIAN | E38: 539.52 | F38: 654.96 | G38: 102.816 | H38: 676.08 | I38: 1857.6 | J38: -2.16 | K38: 240.504 | L38: 600.6 | M38: 192.72 | N38: 453.216 | O38: 0 | P38: 431.04 | Q38: 493.368 | R38: 327.096 | S38: 70.896 | T38: 1035.072 | U38: 1096.104 | V38: 715.896 | W38: -50.616 | X38: 107.184 | Y38: 156.456 | Z38: 1098.792 | AA38: 163.464 | AB38: 0 | AC38: 515.04 | AD38: 648.48 | AE38: 432.864 | AF38: 289.44 | AG38: 462 | AH38: 281.784 | AI38: 188.28 | AJ38: 300 | AK38: 0 | AL38: 153.48 | AM38: =IFERROR(AL38/AJ38,0) -> 0.5116 | AN38: =+AK38+AL38 -> 153.48 | AO38: =IFERROR(+AN38/AJ38,0) -> 0.5116 | AP38: 100001914 | AQ38: 100001979 | AR38: 100086833
B39: DBU - BAS | C39: RAMONDINO LEONARDO ERNESTO | D39: DELIVERY HERO E-COMMERCE S. A. | R39: 183.6 | AE39: 0 | AF39: 0 | AG39: 0 | AH39: 0 | AI39: 0 | AJ39: 0 | AK39: 0 | AL39: 0 | AM39: =IFERROR(AL39/AJ39,0) -> 0 | AN39: =+AK39+AL39 -> 0 | AO39: =IFERROR(+AN39/AJ39,0) -> 0
A40: UNTABLES - ARG | B40: DBU - BAS | C40: RAMONDINO LEONARDO ERNESTO | D40: COTO CENTRO INTEGRAL DE COMERCIALIZACON S A | E40: 42871.68 | F40: 33610.8 | G40: 27108 | H40: 46104.36 | I40: 29080.08 | J40: 80996.88 | K40: 27177.12 | L40: 13217.04 | M40: 18662.4 | N40: 37320.48 | O40: 13787.28 | P40: 18480.96 | Q40: 18662.4 | R40: 43798.08 | S40: 0 | T40: 26590.464 | U40: 12502.56 | V40: 41199.456 | W40: 45977.88 | X40: 17549.4 | Y40: 30116.76 | Z40: 30636.6 | AA40: 15195.6 | AB40: 10906.368 | AC40: 28605.6 | AD40: -2198.88 | AE40: 41990.4 | AF40: 0 | AG40: 0 | AH40: 40599.36 | AI40: 4166.64 | AJ40: 18000 | AK40: 0 | AL40: 26659.44 | AM40: =IFERROR(AL40/AJ40,0) -> 1.48108 | AN40: =+AK40+AL40 -> 26659.44 | AO40: =IFERROR(+AN40/AJ40,0) -> 1.48108
A41: UNTABLES - ARG | B41: DBU - BAS | C41: BRION SEBASTIAN | D41: S A IMPORTADORA Y EXPORTADORA DE LA PATAGONIA | E41: 25374.84 | F41: 16886.16 | G41: 9727.2 | H41: 0 | I41: 41943.648 | J41: 28197.12 | K41: 25014 | L41: 23245.08 | M41: 13740.528 | N41: 47544 | O41: 24288.24 | P41: 17230.08 | Q41: 36166.2 | R41: 21376.32 | S41: 41381.28 | T41: 29806.56 | U41: 16539.36 | V41: 33634.512 | W41: 20868.816 | X41: 25239.96 | Y41: 30729.6 | Z41: 24893.64 | AA41: 24408 | AB41: 20880.288 | AC41: 21528.096 | AD41: 12966.48 | AE41: 21023.28 | AF41: 14335.92 | AG41: 29008.392 | AH41: 18152.472 | AI41: 36454.512 | AJ41: 20400 | AK41: 13364.4 | AL41: -2.04 | AM41: =IFERROR(AL41/AJ41,0) -> -0.0001 | AN41: =+AK41+AL41 -> 13362.36 | AO41: =IFERROR(+AN41/AJ41,0) -> 0.65501765
A42: UNTABLES - ARG | B42: DBU - BAS | C42: RODRIGUEZ JUDITH | D42: INC SOCIEDAD ANONIMA | E42: 152688.24 | F42: 19998.336 | G42: 41870.376 | H42: 86501.232 | I42: 114671.52 | J42: 23695.2 | K42: 156717.5 | L42: 112808.16 | M42: 0 | N42: 77520.24 | O42: 42977.52 | P42: 85142.88 | Q42: 102569.76 | R42: 65143.44 | S42: 20167.92 | T42: 39290.4 | U42: 124896.91 | V42: 24932.784 | W42: 39176.856 | X42: 32242.272 | Y42: 42103.296 | Z42: 30448.272 | AA42: 38101.296 | AB42: 35305.08 | AC42: 100024.61 | AD42: 51393.504 | AE42: 34344.24 | AF42: 70744.872 | AG42: 51252.12 | AH42: 32567.88 | AI42: 119215.68 | AJ42: 53600 | AK42: 12858.96 | AL42: 33671.16 | AM42: =IFERROR(AL42/AJ42,0) -> 0.62819328 | AN42: =+AK42+AL42 -> 46530.12 | AO42: =IFERROR(+AN42/AJ42,0) -> 0.86809925
A43: UNTABLES - ARG | B43: DBU - BAS | C43: RODRIGUEZ JUDITH | D43: DIA ARGENTINA S.A. | E43: 38905.92 | F43: 27088.56 | G43: 19563.12 | H43: 3110.4 | I43: 60006.96 | J43: 35361.36 | K43: 51321.6 | L43: 24757.92 | M43: 31691.52 | N43: 54794.88 | O43: 25114.32 | P43: 14230.08 | Q43: 19617.12 | R43: 22502.88 | S43: 25557.12 | T43: 15178.32 | U43: 19656 | V43: 16042.32 | W43: 18846 | X43: 26803.44 | Y43: 8298.72 | Z43: 29311.2 | AA43: 35881.92 | AB43: 21211.2 | AC43: 15552 | AD43: 24662.88 | AE43: 5006.88 | AF43: 41891.04 | AG43: 3913.92 | AH43: 28555.2 | AI43: 32719.68 | AJ43: 24700 | AK43: 0 | AL43: 25122.96 | AM43: =IFERROR(AL43/AJ43,0) -> 1.0171239 | AN43: =+AK43+AL43 -> 25122.96 | AO43: =IFERROR(+AN43/AJ43,0) -> 1.0171239
A44: UNTABLES - ARG | B44: DBU - BAS | C44: BRION SEBASTIAN | D44: DORINKA S.R.L. | E44: 14893.824 | F44: 33824.592 | G44: 12243.192 | H44: 50034.864 | I44: 38277.36 | J44: 19904.4 | K44: 72370.08 | L44: 56389.056 | M44: 60447.6 | N44: 14572.656 | O44: 11965.272 | P44: 15848.616 | Q44: 29334.096 | R44: 16109.424 | S44: 38030.088 | T44: 24241.896 | U44: 32552.52 | V44: 37877.424 | W44: 43102.152 | X44: 27770.496 | Y44: 29934.624 | Z44: 24379.872 | AA44: 18615.528 | AB44: 11238.672 | AC44: 30452.376 | AD44: 17986.08 | AE44: 28060.632 | AF44: 0 | AG44: 28857.36 | AH44: 31208.208 | AI44: 44940.72 | AJ44: 30400 | AK44: 2877.74 | AL44: 20492.112 | AM44: =IFERROR(AL44/AJ44,0) -> 0.67408263 | AN44: =+AK44+AL44 -> 23369.852 | AO44: =IFERROR(+AN44/AJ44,0) -> 0.76874513
A45: UNTABLES - ARG | B45: DBU - BAS | C45: RAMONDINO LEONARDO ERNESTO | D45: CENCOSUD S A | E45: 10498.584 | F45: -5494.632 | G45: 2936.16 | H45: 8342.304 | I45: 6865.104 | J45: 17089.92 | K45: 13242.24 | L45: 1301.76 | M45: 0 | N45: 0 | O45: 11240.496 | P45: 0 | Q45: 3329.856 | R45: 13092.552 | S45: 451.008 | T45: 2678.424 | U45: 3823.2 | V45: 8457.6 | W45: 4891.104 | X45: 1710.72 | Y45: 2631.744 | Z45: 11648.16 | AA45: -3344.736 | AB45: 4666.032 | AC45: -3794.976 | AD45: 1798.56 | AE45: 4066.272 | AF45: 1162.656 | AG45: 4286.592 | AH45: 0 | AI45: 9381.504 | AJ45: 2600 | AK45: 1054.66 | AL45: 283.368 | AM45: =IFERROR(AL45/AJ45,0) -> 0.10898769 | AN45: =+AK45+AL45 -> 1338.028 | AO45: =IFERROR(+AN45/AJ45,0) -> 0.51462615
A46: UNTABLES - ARG | D46: Subtotal Cadenas Nacionales | E46: =+SUM(E38:E45) -> 285772.61 | F46: =+SUM(F38:F45) -> 126568.78 | G46: =+SUM(G38:G45) -> 113550.86 | H46: =+SUM(H38:H45) -> 194769.24 | I46: =+SUM(I38:I45) -> 292702.27 | J46: =+SUM(J38:J45) -> 205242.72 | K46: =+SUM(K38:K45) -> 346083.05 | L46: =+SUM(L38:L45) -> 232319.62 | ... AD46: =+SUM(AD38:AD45) -> 107257.1 | AE46: 134924.57 | AF46: 128423.93 | AG46: 117780.38 | AH46: 151364.9 | AI46: 247067.02 | AJ46: 150000 | AK46: =SUM(AK38:AK45) -> 30155.76 | AL46: =SUM(AL38:AL45) -> 106380.48 | AM46: =IFERROR(AL46/AJ46,0) -> 0.7092032 | AN46: =+AK46+AL46 -> 136536.24 | AO46: =IFERROR(+AN46/AJ46,0) -> 0.9102416
A47: UNTABLES - ARG | B47: Subtotal | D47: Total | E47: =+E18+E22+E28+E30+E33+E37+E46 -> 1064244.2 | F47: =+F18+F22+F28+F30+F33+F37+F46 -> 937366.37 | G47: =+G18+G22+G28+G30+G33+G37+G46 -> 1066497.4 | H47: =+H18+H22+H28+H30+H33+H37+H46 -> 1199908.7 | I47: =+I18+I22+I28+I30+I33+I37+I46 -> 1286745.7 | J47: =+J18+J22+J28+J30+J33+J37+J46 -> 1119846.5 | K47: =+K18+K22+K28+K30+K33+K37+K46 -> 1028174.7 | L47: =+L18+L22+L28+L30+L33+L37+L46 -> 1097903.4 | ... R47: =+R18+R22+R28+R30+R33+R37+R46 -> 961018.95 | S47: 779609.36 | T47: =+T18+T22+T28+T30+T33+T37+T46 -> 815715.37 | U47: =+U18+U22+U28+U30+U33+U37+U46 -> 755234.89 | V47: =+V18+V22+V28+V30+V33+V37+V46 -> 929821.97 | W47: =+W18+W22+W28+W30+W33+W37+W46 -> 879197.47 | X47: =+X18+X22+X28+X30+X33+X37+X46 -> 865265.32 | Y47: 815330.3 | Z47: 908636.59 | AA47: 1003896.7 | AB47: 840398.1 | AC47: 898375.8 | AD47: 877289.38 | AE47: 822204 | AF47: 871023.65 | AG47: 979013.06 | AH47: 865325.18 | AI47: 1026109.9 | AJ47: 911000 | AK47: =+AK18+AK22+AK28+AK30+AK33+AK37+AK46 -> 303845.06 | AL47: =+AL18+AL22+AL28+AL30+AL33+AL37+AL46 -> 477518.78 | AM47: =IFERROR(AL47/AJ47,0) -> 0.52416991 | AN47: =+AN18+AN22+AN28+AN30+AN33+AN37+AN46 -> 781363.84 | AO47: =IFERROR(+AN47/AJ47,0) -> 0.85769906
A48: UNTABLES - ARG | B48: CORPORATIVO | C48: VILLEMUR EZEQUIEL | D48: FAST FOOD SUDAMERICANA S A | E48: 0 | F48: 0 | G48: 0 | H48: 0 | I48: 0 | J48: 0 | K48: 0 | L48: 0 | M48: 0 | N48: 0 | T48: 0 | U48: 0 | V48: 0 | W48: 0 | X48: 0 | Y48: 0 | Z48: 0 | AA48: 0 | AB48: 0 | AC48: 0 | AD48: 0 | AE48: 0 | AF48: 0 | AG48: 0 | AH48: 0 | AI48: 0 | AK48: 0 | AL48: 0 | AM48: =IFERROR(AL48/AJ48,0) -> 0 | AN48: =+AK48+AL48 -> 0 | AO48: =IFERROR(+AN48/AJ48,0) -> 0 | AP48: VILLEMUR EZEQUIEL
A49: UNTABLES - ARG | B49: CORPORATIVO | C49: VILLEMUR EZEQUIEL | D49: PALADINI S.A. | E49: 0 | F49: 0 | G49: 0 | H49: 0 | I49: 0 | J49: 0 | K49: 0 | L49: 0 | M49: 0 | N49: 0 | T49: 0 | U49: 77142.24 | V49: 6419.52 | W49: 123478.56 | X49: 5693.76 | Y49: 0 | Z49: 0 | AA49: 35663.76 | AB49: 2993.76 | AC49: 0 | AD49: 0 | AE49: 0 | AF49: 21816 | AG49: 24941.52 | AH49: 60652.8 | AI49: 31838.4 | AK49: 0 | AL49: 0 | AM49: =IFERROR(AL49/AJ49,0) -> 0 | AN49: =+AK49+AL49 -> 0 | AO49: =IFERROR(+AN49/AJ49,0) -> 0 | AP49: VILLEMUR EZEQUIEL
A50: UNTABLES - ARG | B50: CORPORATIVO | C50: VILLEMUR EZEQUIEL | D50: MOSTAZA Y PAN S.A. | E50: 0 | F50: 0 | G50: 0 | H50: 0 | I50: 0 | J50: 0 | K50: 0 | L50: 0 | M50: 0 | N50: 0 | T50: 0 | U50: 0 | V50: 0 | W50: 0 | X50: 0 | Y50: 0 | Z50: 0 | AA50: 0 | AB50: 0 | AC50: 0 | AD50: 0 | AE50: 0 | AF50: 0 | AG50: 0 | AH50: 0 | AI50: 0 | AK50: 0 | AL50: 0 | AM50: =IFERROR(AL50/AJ50,0) -> 0 | AN50: =+AK50+AL50 -> 0 | AO50: =IFERROR(+AN50/AJ50,0) -> 0 | AP50: VILLEMUR EZEQUIEL | AQ50: AXIS LOGISTICA S.A.
B51: CORPORATIVO | C51: VILLEMUR EZEQUIEL | D51: FINCA BALCARCE | Z51: 0 | AA51: 0 | AB51: 0 | AC51: 0 | AD51: 0 | AE51: 0 | AF51: 0 | AG51: 0 | AH51: 0 | AI51: 0 | AK51: 0 | AL51: 0 | AM51: =IFERROR(AL51/AJ51,0) -> 0 | AN51: =+AK51+AL51 -> 0 | AO51: =IFERROR(+AN51/AJ51,0) -> 0 | AP51: VILLEMUR EZEQUIEL
A52: UNTABLES - ARG | B52: VENTA - ME | C52: ALEJANDRO SPATARO | D52: VENTA - ME | E52: 21600 | F52: 21600 | G52: 0 | H52: 43200 | I52: 41275.44 | J52: 21600 | K52: 78701.76 | L52: 62691.84 | M52: 86400 | N52: 64800 | T52: 86400 | U52: 64478.16 | V52: 64800 | W52: 85281.12 | X52: 85017.6 | Y52: 64800 | Z52: 60413.04 | AA52: 64800 | AB52: 86400 | AC52: 64800 | AD52: 86076 | AE52: 21600 | AF52: 43200 | AG52: 43200 | AH52: 64800 | AI52: 28900.8 | AJ52: 64800 | AK52: 0 | AL52: 0 | AM52: =IFERROR(AL52/AJ52,0) -> 0 | AN52: =+AK52+AL52 -> 0 | AO52: =IFERROR(+AN52/AJ52,0) -> 0 | AP52: COM EXT
A53: UNTABLES - ARG | B53: CORPORATIVO | C53: SUAREZ MARCOS GABRIEL | D53: CONSUMIDOR FINAL E-COMMERCE | E53: 28.069 | F53: 4686.09 | G53: 1555.455 | H53: 3174.25 | I53: 1785.261 | J53: 60.948 | K53: 89.264 | L53: 8.64 | M53: 273.42 | N53: 120.408 | T53: 3.096 | U53: 2.503 | V53: 23.828 | W53: 17.263 | X53: 0.258 | Y53: 7.253 | Z53: 39.169 | AA53: 67.737 | AB53: 43.625 | AC53: 4.5 | AD53: 0 | AE53: 0 | AF53: 0 | AG53: 0 | AH53: 0 | AI53: 0 | AK53: 0 | AL53: 0 | AM53: =IFERROR(AL53/AJ53,0) -> 0 | AN53: =+AK53+AL53 -> 0 | AO53: =IFERROR(+AN53/AJ53,0) -> 0 | AP53: SUAREZ MARCOS GABRIEL
A54: UNTABLES - ARG | B54: CORPORATIVO | C54: PIZARRO ROCIO AZUCENA | D54: AXIS LOGISTICA S.A. | E54: 0 | F54: 0 | G54: 0 | H54: 0 | I54: 0 | J54: 0 | K54: 0 | L54: 0 | M54: 0 | N54: 0 | T54: 0 | U54: 0 | V54: 0 | W54: 0 | X54: 0 | Y54: 0 | Z54: 0 | AA54: 0 | AB54: 0 | AC54: 0 | AD54: 0 | AE54: 0 | AF54: 0 | AG54: 0 | AH54: 0 | AI54: 0 | AK54: 0 | AL54: 0 | AM54: =IFERROR(AL54/AJ54,0) -> 0 | AN54: =+AK54+AL54 -> 0 | AO54: =IFERROR(+AN54/AJ54,0) -> 0 | AP54: PIZARRO ROCIO AZUCENA
A55: UNTABLES - ARG | B55: CORPORATIVO | D55: VARIOS | E55: 0 | F55: 0 | G55: 0 | H55: 0 | I55: 0 | J55: 0 | K55: 0 | L55: 0 | M55: 0 | N55: 0 | T55: 0 | U55: 0 | V55: 0 | W55: 0 | X55: 0 | Y55: 0 | Z55: 0 | AA55: 0 | AB55: 0 | AC55: 0 | AD55: 0 | AE55: 0 | AF55: 0 | AG55: 0 | AH55: 0 | AI55: 0 | AK55: 0 | AL55: 0 | AM55: =IFERROR(AL55/AJ55,0) -> 0 | AN55: =+AK55+AL55 -> 0 | AO55: =IFERROR(+AN55/AJ55,0) -> 0
A56: UNTABLES - ARG | D56: TOTAL | E56: 1085872.3 | F56: 963652.46 | G56: 1068052.8 | H56: 1246283 | I56: 1329806.4 | J56: 1141507.5 | K56: 1106965.7 | L56: 1160603.9 | M56: 869031.59 | N56: 1087845.8 | T56: 902118.46 | U56: 896857.79 | V56: 1001065.3 | W56: 1087974.4 | X56: 955976.94 | Y56: 880137.55 | Z56: 969088.8 | AA56: 1104428.2 | AB56: 929835.48 | AC56: 800432.08 | AD56: 963365.38 | AE56: 843804 | AF56: 936039.65 | AG56: 1047154.6 | AH56: 990777.98 | AI56: 1086849.1 | AJ56: 975800 | AK56: =+AK47+SUM(AK48:AK55) -> 303845.06 | AL56: =SUM(AL47:AL55) -> 477518.78 | AM56: =IFERROR(AL56/AJ56,0) -> 0.48936133 | AN56: =+AK56+AL56 -> 781363.84 | AO56: =IFERROR(+AN56/AJ56,0) -> 0.8007418
A57: UNTABLES - ARG | D57: NOTAS DE CREDITO SIN VENDEDOR ASIGNADO | AK57: -2.910383e-10 | AL57: -1.2223609e-09
B59: SIN CARGOS | W59: Enero '25 | X59: Febrero '25 | Y59: Marzo '25 | Z59: Abril '25 | AA59: Mayo '25 | AB59: Junio '25 | AC59: Julio '25 | AD59: Agosto '25 | AE59: Septiembre '25 | AF59: Octubre '25 | AG59: Noviembre '25 | AH59: Ventas | AI59: Ventas | AJ59: =+AJ2 -> Meta Febrero '26 | AK59: Pendiente | AL59: Ventas | AM59: Avance Neto | AN59: Total | AO59: Avance Total
D60: NAVAZA ALEJANDRO MAXIMILIANO | W60: 0 | X60: 2652.48 | Y60: 2652.48 | Z60: 2652.48 | AA60: 0 | AB60: 2652.48 | AC60: 0 | AD60: 0 | AE60: 0 | AG60: 0 | AH60: 0 | AI60: 0 | AK60: 0 | AL60: 0

Sheet RB
B1: REBOZADOS DE CARNE - ARG | C1: REBOZADOS DE CARNE - ARG
B2: Área | C2: Jefe | D2: Ejecutivo | E2: Julio '23 | F2: Agosto '23 | G2: Septiembre '23 | H2: Octubre '23 | I2: Noviembre '23 | J2: Diciembre '23 | K2: Enero '24 | L2: Febrero '24 | M2: Marzo '24 | N2: Abril '24 | O2: Mayo '24 | P2: Junio '24 | Q2: Julio '24 | R2: Agosto '24 | S2: Septiembre '24 | T2: Octubre '24 | U2: Noviembre '24 | V2: Diciembre '24 | W2: Enero '25 | X2: Febrero '25 | Y2: Marzo '25 | Z2: Abril '25 | AA2: Mayo '25 | AB2: Junio '25 | AC2: Julio '25 | AD2: Agosto '25 | AE2: Septiembre '25 | AF2: Octubre '25 | AG2: Noviembre '25 | AH2: Diciembre '25 | AI2: Enero '26 | AJ2: Meta Febrero '26 | AK2: Pendiente | AL2: Ventas | AM2: Avance Neto | AN2: Total | AO2: Avance Total
A3: REBOZADOS DE CARNE - ARG | B3: Rosario | C3: ADRIAN DALLA VERDE | D3: BESSONE JUAN MANUEL (VENDEDOR) | E3: 0 | F3: 0 | G3: 0 | H3: 0 | I3: 0 | J3: 0 | K3: 0 | L3: 0 | M3: 0 | N3: 0 | O3: 0 | P3: 0 | Q3: 0 | R3: 0 | S3: 0 | T3: 0 | U3: 0 | V3: 0 | W3: 0 | X3: 0 | Y3: 0 | Z3: 0 | AA3: 0 | AB3: 0 | AC3: 0 | AD3: 0 | AE3: 0 | AF3: 0 | AG3: 0 | AH3: 0 | AI3: 0 | AJ3: 0 | AK3: 0 | AL3: 0 | AM3: =IFERROR(AL3/AJ3,0) -> 0 | AN3: =+AK3+AL3 -> 0 | AO3: =IFERROR(+AN3/AJ3,0) -> 0
A4: REBOZADOS DE CARNE - ARG | B4: Litoral | C4: ADRIAN DALLA VERDE | D4: FUNES ANDRES | E4: 5528.64 | F4: 6588 | G4: 6656.32 | H4: 8380.8 | I4: 8726.16 | J4: 5469.44 | K4: 6471.2 | L4: 5684.88 | M4: 5509.68 | N4: 5945.2 | O4: 6251.04 | P4: 5872 | Q4: 7558.16 | R4: 7737.52 | S4: 5312.48 | T4: 7273.68 | U4: 6357.12 | V4: 7040.24 | W4: 4750.64 | X4: 8330 | Y4: 8022.48 | Z4: 5656.88 | AA4: 5690.24 | AB4: 6312.64 | AC4: 4879.2 | AD4: 5207.36 | AE4: 5288.24 | AF4: 7574.08 | AG4: 4602.88 | AH4: 5374.8 | AI4: 5151.68 | AJ4: 5583.5207 | AK4: 0 | AL4: 4368.64 | AM4: =IFERROR(AL4/AJ4,0) -> 0.78241673 | AN4: =+AK4+AL4 -> 4368.64 | AO4: =IFERROR(+AN4/AJ4,0) -> 0.78241673
A5: REBOZADOS DE CARNE - ARG | B5: Litoral | C5: ADRIAN DALLA VERDE | D5: SCARAFIA YAMIL HERMES | E5: 6461.28 | F5: 9802.48 | G5: 5295.68 | H5: 6652.56 | I5: 3683.2 | J5: 6817.68 | K5: 3358.4 | L5: 4869.92 | M5: 4798.64 | N5: 3336 | O5: 4851.68 | P5: 1285.12 | Q5: 3038 | R5: 2182.24 | S5: 1764.88 | T5: 2167.52 | U5: 2703.04 | V5: 2320.16 | W5: 1514.72 | X5: 2486.4 | Y5: 2363.2 | Z5: 968.64 | AA5: 3746.16 | AB5: 760.88 | AC5: 2632 | AD5: 1549.28 | AE5: 3548.88 | AF5: 1048 | AG5: 1307.92 | AH5: 3266.88 | AI5: 590.96 | AJ5: 3169.2063 | AK5: 0 | AL5: 471.36 | AM5: =IFERROR(AL5/AJ5,0) -> 0.14873124 | AN5: =+AK5+AL5 -> 471.36 | AO5: =IFERROR(+AN5/AJ5,0) -> 0.14873124 | AP5: VAZQUEZ ALEJANDRO MARCELO
A6: REBOZADOS DE CARNE - ARG | B6: Litoral | C6: ADRIAN DALLA VERDE | D6: GENTILE NICOLAS | E6: 1702 | F6: 2790 | G6: 2205.68 | H6: 3058.8 | I6: 2501.6 | J6: 1711.76 | K6: 1512 | L6: 1851.76 | M6: 2033.92 | N6: 1852.64 | O6: 2850.56 | P6: 1746.8 | Q6: 1859.92 | R6: 2221.2 | S6: 2128.24 | T6: 2122.4 | U6: 2431.2 | V6: 1903.2 | W6: 1234.32 | X6: 2090.96 | Y6: 2408.16 | Z6: 1512.48 | AA6: 985.44 | AB6: 956.88 | AC6: 1608.48 | AD6: 915.92 | AE6: 1244.72 | AF6: 1919.76 | AG6: 1609.92 | AH6: 2572.72 | AI6: 531.6 | AJ6: 2791.7603 | AK6: 135.52 | AL6: 1087.84 | AM6: =IFERROR(AL6/AJ6,0) -> 0.38966096 | AN6: =+AK6+AL6 -> 1223.36 | AO6: =IFERROR(+AN6/AJ6,0) -> 0.4382038
A7: REBOZADOS DE CARNE - ARG | B7: NOA | C7: ADRIAN DALLA VERDE | D7: PAZ CARRANZA EDUARDO | E7: 6167.44 | F7: 4474.24 | G7: 5952.96 | H7: 5032.8 | I7: 6530.56 | J7: 4234.72 | K7: 4346.4 | L7: 5743.76 | M7: 4681.04 | N7: 6715.52 | O7: 7125.92 | P7: 4773.76 | Q7: 5389.68 | R7: 6366.16 | S7: 4571.04 | T7: 7718.56 | U7: 6177.04 | V7: 5676.64 | W7: 3366.72 | X7: 6319.84 | Y7: 5639.44 | Z7: 5607.12 | AA7: 4507.44 | AB7: 3466 | AC7: 4457.68 | AD7: 3362.72 | AE7: 5843.92 | AF7: 4235.68 | AG7: 4758.8 | AH7: 6612.32 | AI7: 3065.36 | AJ7: 5185.974 | AK7: 599.6 | AL7: 3193.44 | AM7: =IFERROR(AL7/AJ7,0) -> 0.61578404 | AN7: =+AK7+AL7 -> 3793.04 | AO7: =IFERROR(+AN7/AJ7,0) -> 0.73140359
A8: REBOZADOS DE CARNE - ARG | B8: NOA | C8: ADRIAN DALLA VERDE | D8: APUD ALEXANDER DARIO | O8: 0 | P8: 1329.04 | Q8: 1387.2 | R8: 1250.64 | S8: 1943.04 | T8: 1829.12 | U8: 1579.6 | V8: 1540 | W8: 1395.12 | X8: 1621.44 | Y8: 1681.52 | Z8: 1292.88 | AA8: 1182.48 | AB8: 1457.2 | AC8: 1456.4 | AD8: 1351.84 | AE8: 1051.04 | AF8: 2819.68 | AG8: 1975.92 | AH8: 2069.28 | AI8: 963.44 | AJ8: 2400.9139 | AK8: 184.32 | AL8: 1239.68 | AM8: =IFERROR(AL8/AJ8,0) -> 0.51633672 | AN8: =+AK8+AL8 -> 1424 | AO8: =IFERROR(+AN8/AJ8,0) -> 0.59310749
A9: REBOZADOS DE CARNE - ARG | B9: NEA | C9: ADRIAN DALLA VERDE | D9: ROBLEDO JORGE LUIS | E9: 2692.24 | F9: 4853.28 | G9: 3252.56 | H9: 4161.44 | I9: 4577.92 | J9: 2751.52 | K9: 3909.2 | L9: 3181.04 | M9: 1915.12 | N9: 4147.84 | O9: 3132.64 | P9: 2483.76 | Q9: 3842.56 | R9: 4336 | S9: 3780.48 | T9: 5170.96 | U9: 4268.8 | V9: 2461.28 | W9: 2089.68 | X9: 2269.2 | Y9: 3781.6 | Z9: 2640.88 | AA9: 2506.88 | AB9: 1869.6 | AC9: 2431.12 | AD9: 2431.6 | AE9: 2091.28 | AF9: 3390.16 | AG9: 4388.16 | AH9: 2260.8 | AI9: 3933.6 | AJ9: 3361.2794 | AK9: 21.2 | AL9: 1107.12 | AM9: =IFERROR(AL9/AJ9,0) -> 0.32937458 | AN9: =+AK9+AL9 -> 1128.32 | AO9: =IFERROR(+AN9/AJ9,0) -> 0.3356817
A10: REBOZADOS DE CARNE - ARG | B10: NEA | C10: ADRIAN DALLA VERDE | D10: SANCHEZ JUAN CARLOS | E10: 3609.2 | F10: 3932.96 | G10: 3439.04 | H10: 3334.32 | I10: 3796.56 | J10: 3266.8 | K10: 3013.2 | L10: 3002.24 | M10: 1842.96 | N10: 2161.12 | O10: 3397.76 | P10: 3145.12 | Q10: 3739.28 | R10: 3497.04 | S10: 4919.2 | T10: 1833.44 | U10: 4040.4 | V10: 2426.56 | W10: 2163.84 | X10: 3533.12 | Y10: 4245.76 | Z10: 2151.2 | AA10: 2303.6 | AB10: 1890.32 | AC10: 3498.8 | AD10: 1302.16 | AE10: 3538.24 | AF10: 2495.6 | AG10: 2460.48 | AH10: 2068.4 | AI10: 2224.64 | AJ10: 3841.4622 | AK10: 243.6 | AL10: 1986.72 | AM10: =IFERROR(AL10/AJ10,0) -> 0.51717807 | AN10: =+AK10+AL10 -> 2230.32 | AO10: =IFERROR(+AN10/AJ10,0) -> 0.58059142
A11: REBOZADOS DE CARNE - ARG | B11: Cuyo | C11: MARCELO VEGA | D11: VIVARES ABEL MAURICIO | E11: 2449.04 | F11: 2767.92 | G11: 2876.56 | H11: 2606 | I11: 3043.12 | J11: 2050 | K11: 2004.4 | L11: 2611.2 | M11: 1962.32 | N11: 2075.92 | O11: 2738.16 | P11: 2802.96 | Q11: 3944 | R11: 3581.52 | S11: 3528.4 | T11: 3195.92 | U11: 3580.08 | V11: 2453.44 | W11: 2563.28 | X11: 3275.12 | Y11: 3495.84 | Z11: 3763.68 | AA11: 3269.28 | AB11: 2970.4 | AC11: 3132.96 | AD11: 2444.32 | AE11: 3871.76 | AF11: 3007.68 | AG11: 3523.76 | AH11: 2655.6 | AI11: 3138.96 | AJ11: 3361.2794 | AK11: 115.92 | AL11: 804.16 | AM11: =IFERROR(AL11/AJ11,0) -> 0.23924223 | AN11: =+AK11+AL11 -> 920.08 | AO11: =IFERROR(+AN11/AJ11,0) -> 0.2737291
A12: REBOZADOS DE CARNE - ARG | B12: Cuyo | C12: MARCELO VEGA | D12: ANDINO FACUNDO NICOLAS | E12: 4702 | F12: 3514.96 | G12: 4380.56 | H12: 4220.48 | I12: 3522.32 | J12: 3257.76 | K12: 4155.28 | L12: 3992.8 | M12: 3526.96 | N12: 2076.64 | O12: 3306.24 | P12: 2505.04 | Q12: 2228.08 | R12: 1899.68 | S12: 1623.52 | T12: 1835.76 | U12: 1954.72 | V12: 1460.88 | W12: 1807.6 | X12: 1822.96 | Y12: 1925.36 | Z12: 1967.6 | AA12: 1774.72 | AB12: 1905.36 | AC12: 2196.88 | AD12: 1882.64 | AE12: 2085.76 | AF12: 2044.48 | AG12: 2577.76 | AH12: 2652.64 | AI12: 1739.44 | AJ12: 2112.8042 | AK12: 516 | AL12: 742.24 | AM12: =IFERROR(AL12/AJ12,0) -> 0.35130562 | AN12: =+AK12+AL12 -> 1258.24 | AO12: =IFERROR(+AN12/AJ12,0) -> 0.59553081
A13: REBOZADOS DE CARNE - ARG | B13: Cordoba | C13: MARCELO VEGA | D13: SCHAIGORODSKY IGNACIO | E13: 287.76 | F13: 697.84 | K13: 693.76 | L13: 820.8 | M13: 530.88 | N13: 643.68 | O13: 1227.68 | P13: 1067.28 | Q13: 1058.32 | R13: 1260.88 | S13: 986.16 | T13: 1121.44 | U13: 1042.96 | V13: 1243.12 | W13: 2581.92 | X13: 1172 | Y13: 1544.48 | Z13: 1284.08 | AA13: 1236.72 | AB13: 899.76 | AC13: 1186.16 | AD13: 1122.48 | AE13: 1400.88 | AF13: 1877.84 | AG13: 1586.8 | AH13: 2004.32 | AI13: 2067.36 | AJ13: 1920.7311 | AK13: 26 | AL13: 1078.56 | AM13: =IFERROR(AL13/AJ13,0) -> 0.56153617 | AN13: =+AK13+AL13 -> 1104.56 | AO13: =IFERROR(+AN13/AJ13,0) -> 0.57507269
A14: REBOZADOS DE CARNE - ARG | B14: Cordoba | C14: MARCELO VEGA | D14: FELLINI FERNANDO JOSE MARIA | E14: 683.92 | F14: 706.24 | G14: 781.6 | H14: 759.52 | I14: 799.52 | J14: 737.36 | K14: 1791.84 | L14: 807.84 | M14: 231.2 | N14: 414.8 | O14: 0 | P14: 0 | Q14: 0 | R14: 0 | S14: 0 | T14: 0 | U14: 0 | V14: 0 | W14: 0 | X14: 0 | Y14: 0 | Z14: 0 | AA14: 0 | AB14: 0 | AC14: 0 | AD14: 0 | AE14: 0 | AF14: 0 | AG14: 0 | AH14: 0 | AI14: 0 | AK14: 0 | AL14: 0 | AM14: =IFERROR(AL14/AJ14,0) -> 0 | AN14: =+AK14+AL14 -> 0 | AO14: =IFERROR(+AN14/AJ14,0) -> 0
A15: REBOZADOS DE CARNE - ARG | B15: Cordoba | C15: MARCELO VEGA | D15: ORGAZ GUSTAVO EMANUEL | E15: 1532.64 | F15: 1881.2 | G15: 1569.04 | H15: 1455.44 | I15: 2230 | J15: 1551.04 | K15: 1229.68 | L15: 1399.04 | M15: 868.24 | N15: 928.96 | O15: 1746.4 | P15: 1165.92 | Q15: 1322.72 | R15: 1149.92 | S15: 1074.8 | T15: 1279.92 | U15: 1585.76 | V15: 1204.64 | W15: 1127.52 | X15: 1224 | Y15: 1540.56 | Z15: 1143.28 | AA15: 1122.8 | AB15: 808.32 | AC15: 1185.44 | AD15: 1211.2 | AE15: 1636.88 | AF15: 1094.96 | AG15: 947.92 | AH15: 2587.52 | AI15: 1242.56 | AJ15: 1920.7311 | AK15: 94.32 | AL15: 1269.04 | AM15: =IFERROR(AL15/AJ15,0) -> 0.66070674 | AN15: =+AK15+AL15 -> 1363.36 | AO15: =IFERROR(+AN15/AJ15,0) -> 0.70981305
A16: REBOZADOS DE CARNE - ARG | B16: Patagonia | C16: MARCELO VEGA | D16: ALONSO GUSTAVO DANIEL | E16: 2325.84 | F16: 1834.16 | G16: 1755.6 | H16: 1957.28 | I16: 1343.04 | J16: 868.32 | K16: 2634.16 | L16: 936.48 | M16: 2020.16 | N16: 1081.68 | O16: 2992 | P16: 2007.76 | Q16: 1536.16 | R16: 1543.68 | S16: 2291.36 | T16: 1780 | U16: 1874.88 | V16: 2003.2 | W16: 913.92 | X16: 2127.36 | Y16: 7371.44 | Z16: 6646.56 | AA16: 5881.52 | AB16: 4739.12 | AC16: 4652.72 | AD16: 2589.92 | AE16: 6513.6 | AF16: 5115.44 | AG16: 2484.4 | AH16: 4906.88 | AI16: 5235.36 | AJ16: 5441.8727 | AK16: 1303.36 | AL16: 1500.4 | AM16: =IFERROR(AL16/AJ16,0) -> 0.27571391 | AN16: =+AK16+AL16 -> 2803.76 | AO16: =IFERROR(+AN16/AJ16,0) -> 0.51521969
A17: REBOZADOS DE CARNE - ARG | B17: Patagonia | C17: MARCELO VEGA | D17: VILOTTA SEBASTIAN | E17: 3746 | F17: 4516.96 | G17: 2963.76 | H17: 3828.56 | I17: 3868.56 | J17: 2324.08 | K17: 3710.88 | L17: 2742.4 | M17: 2461.76 | N17: 5312 | O17: 10586.16 | P17: 6316.88 | Q17: 11160 | R17: 8938.24 | S17: 12009.12 | T17: 6958.8 | U17: 8047.2 | V17: 3342.64 | W17: 2012.32 | X17: 3952 | Y17: 4100.4 | Z17: 3637.52 | AA17: 2168.56 | AB17: 2429.2 | AC17: 3574.72 | AD17: 2413.12 | AE17: 3030.32 | AF17: 3120.8 | AG17: 2496.56 | AH17: 3200.56 | AI17: 3682.96 | AJ17: 3908.4645 | AK17: 209.6 | AL17: 3175.12 | AM17: =IFERROR(AL17/AJ17,0) -> 0.81237018 | AN17: =+AK17+AL17 -> 3384.72 | AO17: =IFERROR(+AN17/AJ17,0) -> 0.86599738
A18: REBOZADOS DE CARNE - ARG | D18: Subtotal Distribuidores Interior | E18: =+SUM(E3:E17) -> 41888 | F18: =+SUM(F3:F17) -> 48360.24 | G18: =+SUM(G3:G17) -> 41129.36 | H18: =+SUM(H3:H17) -> 45448 | I18: =+SUM(I3:I17) -> 44622.56 | J18: =+SUM(J3:J17) -> 35040.48 | K18: =+SUM(K3:K17) -> 38830.4 | L18: =+SUM(L3:L17) -> 37644.16 | ... AD18: =+SUM(AD3:AD17) -> 27784.56 | AE18: 41145.52 | AF18: 39744.16 | AG18: 34721.28 | AH18: 42232.72 | AI18: 33567.92 | AJ18: 45000 | AK18: =+SUM(AK3:AK17) -> 3449.44 | AL18: =+SUM(AL3:AL17) -> 22024.32 | AM18: =IFERROR(AL18/AJ18,0) -> 0.48942933 | AN18: =+SUM(AN3:AN17) -> 25473.76 | AO18: =IFERROR(+AN18/AJ18,0) -> 0.56608356
A19: REBOZADOS DE CARNE - ARG | B19: Interior - Cadenas | C19: JUAN BESSONE | D19: CABARDOS CLAUDIO SANTIAGO | E19: 2838.24 | F19: 2254.16 | G19: 4738.32 | H19: 4135.36 | I19: 5725.04 | J19: 2976.64 | K19: 3235.12 | L19: 2259.2 | M19: 3353.92 | N19: 2972.48 | O19: 4923.92 | P19: 5796.4 | Q19: 6062.08 | R19: 4774.72 | S19: 3459.92 | T19: 5633.04 | U19: 5851.28 | V19: 3321.2 | W19: 3514.88 | X19: 4073.04 | Y19: 4753.6 | Z19: 4011.6 | AA19: 3479.68 | AB19: 2996.64 | AC19: 3555.68 | AD19: 1890.32 | AE19: 3593.44 | AF19: 2988.8 | AG19: 2100.48 | AH19: 2912.8 | AI19: 2944.16 | AJ19: 3594.5946 | AK19: 19.04 | AL19: 2361.44 | AM19: =IFERROR(AL19/AJ19,0) -> 0.65694195 | AN19: =+AK19+AL19 -> 2380.48 | AO19: =IFERROR(+AN19/AJ19,0) -> 0.6622388
A20: REBOZADOS DE CARNE - ARG | B20: Interior - Cadenas | C20: JUAN BESSONE | D20: MEINERI JOSE MARIA | E20: 7425.12 | F20: 6170.24 | G20: 9741.52 | H20: 9330.64 | I20: 11075.52 | J20: 7326.64 | K20: 7334.8 | L20: 8814.48 | M20: 3464.56 | N20: 7293.92 | O20: 5694.16 | P20: 4835.92 | Q20: 7490.4 | R20: 6014.8 | S20: 6560.16 | T20: 7817.6 | U20: 6089.28 | V20: 7146.8 | W20: 6243.52 | X20: 4380.08 | Y20: 7538.16 | Z20: 5414.32 | AA20: 3935.92 | AB20: 3906.72 | AC20: 7212.96 | AD20: 3246.56 | AE20: 8115.28 | AF20: 9045.76 | AG20: 8465.84 | AH20: 6802.96 | AI20: 8932.56 | AJ20: 8216.2162 | AK20: 1956.48 | AL20: 3765.84 | AM20: =IFERROR(AL20/AJ20,0) -> 0.45834237 | AN20: =+AK20+AL20 -> 5722.32 | AO20: =IFERROR(+AN20/AJ20,0) -> 0.69646658
A21: REBOZADOS DE CARNE - ARG | B21: Interior - Cadenas | C21: JUAN BESSONE | D21: FERNANDEZ JORGE OSCAR | E21: 7483.44 | F21: 4531.28 | G21: 10128.64 | H21: 7832.4 | I21: 10266.48 | J21: 6494.48 | K21: 8332.56 | L21: 6782.48 | M21: 4983.28 | N21: 5915.68 | O21: 7039.84 | P21: 6375.04 | Q21: 7622.4 | R21: 8362.16 | S21: 6205.2 | T21: 7160.32 | U21: 6336.64 | V21: 6732.48 | W21: 7279.84 | X21: 6706.16 | Y21: 6309.92 | Z21: 6774.96 | AA21: 5115.44 | AB21: 5986.64 | AC21: 4311.04 | AD21: 4176.08 | AE21: 6383.36 | AF21: 5131.2 | AG21: 6184 | AH21: 6459.36 | AI21: 6566.96 | AJ21: 7189.1892 | AK21: 1645.68 | AL21: 4589.28 | AM21: =IFERROR(AL21/AJ21,0) -> 0.6383585 | AN21: =+AK21+AL21 -> 6234.96 | AO21: =IFERROR(+AN21/AJ21,0) -> 0.86726887
A22: REBOZADOS DE CARNE - ARG | D22: Subtotal Regionales Interior | E22: =+SUM(E19:E21) -> 17746.8 | F22: =+SUM(F19:F21) -> 12955.68 | G22: =+SUM(G19:G21) -> 24608.48 | H22: =+SUM(H19:H21) -> 21298.4 | I22: =+SUM(I19:I21) -> 27067.04 | J22: =+SUM(J19:J21) -> 16797.76 | K22: =+SUM(K19:K21) -> 18902.48 | L22: =+SUM(L19:L21) -> 17856.16 | ... R22: =+SUM(R19:R21) -> 19151.68 | S22: 16225.28 | T22: =+SUM(T19:T21) -> 20610.96 | U22: =+SUM(U19:U21) -> 18277.2 | V22: =+SUM(V19:V21) -> 17200.48 | W22: 17038.24 | X22: =+SUM(X19:X21) -> 15159.28 | Y22: 18601.68 | Z22: 16200.88 | AA22: 12531.04 | AB22: 12890 | AC22: 15079.68 | AD22: 9312.96 | AE22: 18092.08 | AF22: 17165.76 | AG22: 16750.32 | AH22: 16175.12 | AI22: 18443.68 | AJ22: 19000 | AK22: =+SUM(AK19:AK21) -> 3621.2 | AL22: =+SUM(AL19:AL21) -> 10716.56 | AM22: =IFERROR(AL22/AJ22,0) -> 0.56402947 | AN22: =+SUM(AN19:AN21) -> 14337.76 | AO22: =IFERROR(+AN22/AJ22,0) -> 0.75461895
A23: REBOZADOS DE CARNE - ARG | B23: Capital | C23: FEDERICO JACUM | D23: VELAZQUEZ JONATAN WALTER | E23: 4490.96 | F23: 4507.44 | G23: 5212 | H23: 3746.16 | I23: 6183.44 | J23: 4559.04 | K23: 2769.76 | L23: 2431.04 | M23: 3909.76 | N23: 2047.84 | O23: 6091.36 | P23: 6518.48 | Q23: 6378.48 | R23: 6360.08 | S23: 4686.56 | T23: 5231.6 | U23: 4407.76 | V23: 5443.92 | W23: 4085.04 | X23: 4791.68 | Y23: 5750.56 | Z23: 4707.12 | AA23: 3844.48 | AB23: 3767.68 | AC23: 3152.4 | AD23: 2895.44 | AE23: 4327.36 | AF23: 5357.12 | AG23: 1204.56 | AH23: 4837.6 | AI23: 2970.96 | AJ23: 5200 | AK23: 224.4 | AL23: 978.64 | AM23: =IFERROR(AL23/AJ23,0) -> 0.1882 | AN23: =+AK23+AL23 -> 1203.04 | AO23: =IFERROR(+AN23/AJ23,0) -> 0.23135385
A24: REBOZADOS DE CARNE - ARG | B24: GBA (Oeste) | C24: FEDERICO JACUM | D24: TAPIA NERINA MARIELA | E24: 9126.16 | F24: 6270.72 | G24: 7675.36 | H24: 8147.36 | I24: 9901.68 | J24: 6600.96 | K24: 5407.52 | L24: 6813.6 | M24: 7003.84 | N24: 4853.76 | O24: 8266.48 | P24: 5739.12 | Q24: 8114.64 | R24: 8715.2 | S24: 6123.6 | T24: 8960.72 | U24: 6396.56 | V24: 8128.8 | W24: 6699.28 | X24: 9051.52 | Y24: 8015.92 | Z24: 8259.36 | AA24: 5455.6 | AB24: 5055.12 | AC24: 6391.52 | AD24: 3792.88 | AE24: 5010.8 | AF24: 5500.32 | AG24: 5621.12 | AH24: 4777.6 | AI24: 5952.96 | AJ24: 7900 | AK24: 396 | AL24: 2698.96 | AM24: =IFERROR(AL24/AJ24,0) -> 0.34164051 | AN24: =+AK24+AL24 -> 3094.96 | AO24: =IFERROR(+AN24/AJ24,0) -> 0.39176709
A25: REBOZADOS DE CARNE - ARG | B25: GBA (Sur) | C25: FEDERICO JACUM | D25: VINCZE CINTIA LORENA | E25: 2760.48 | F25: 3730.4 | G25: 3626.88 | H25: 3561.12 | I25: 3371.04 | J25: 1607.28 | K25: 3132.24 | L25: 3478.88 | M25: 3147.76 | N25: 2930.72 | O25: 3846.32 | P25: 2322.56 | Q25: 4139.36 | R25: 3103.04 | S25: 2772.88 | T25: 3545.12 | U25: 3401.52 | V25: 2389.28 | W25: 3744.4 | X25: 4048 | Y25: 3396 | Z25: 3310.8 | AA25: 2984.8 | AB25: 2818 | AC25: 3285.12 | AD25: 1697.28 | AE25: 2998.32 | AF25: 5148.4 | AG25: 2165.92 | AH25: 2888.48 | AI25: 4914.88 | AJ25: 4500 | AK25: 113.28 | AL25: 1297.92 | AM25: =IFERROR(AL25/AJ25,0) -> 0.28842667 | AN25: =+AK25+AL25 -> 1411.2 | AO25: =IFERROR(+AN25/AJ25,0) -> 0.3136
A26: REBOZADOS DE CARNE - ARG | B26: GBA (Sur) | C26: FEDERICO JACUM | D26: GOMEZ OURAL ALBERTO | E26: 4726.8 | F26: 4821.12 | G26: 5252.64 | H26: 5920.4 | I26: 5972.4 | J26: 3597.84 | K26: 6632.48 | L26: 8612.72 | M26: 6372.72 | N26: 8388.08 | O26: 4945.68 | P26: 4520.4 | Q26: 5628.4 | R26: 5503.68 | S26: 5743.6 | T26: 5988.4 | U26: 4622.8 | V26: 6558.16 | W26: 5446.72 | X26: 5625.12 | Y26: 6646.56 | Z26: 6208.96 | AA26: 3395.44 | AB26: 6384.96 | AC26: 3469.6 | AD26: 5507.04 | AE26: 5985.44 | AF26: 4039.04 | AG26: 4018.48 | AH26: 4358.8 | AI26: 4881.36 | AJ26: 6400 | AK26: 180 | AL26: 1848.96 | AM26: =IFERROR(AL26/AJ26,0) -> 0.2889 | AN26: =+AK26+AL26 -> 2028.96 | AO26: =IFERROR(+AN26/AJ26,0) -> 0.317025
A27: REBOZADOS DE CARNE - ARG | B27: Costa | C27: FEDERICO JACUM | D27: MARTINO FLAVIO | E27: 1761.04 | F27: 2159.92 | G27: 2244.48 | H27: 2862 | I27: 4412.8 | J27: 2036.88 | K27: 5974.8 | L27: 3989.84 | M27: 2556.48 | N27: 2287.76 | O27: 1436.48 | P27: 1251.68 | Q27: 1782.4 | R27: 1492.08 | S27: 1462.88 | T27: 3202.56 | U27: 2491.12 | V27: 4251.84 | W27: 9425.84 | X27: 3928.56 | Y27: 1653.28 | Z27: 2414 | AA27: 829.04 | AB27: 1254.8 | AC27: 1538.48 | AD27: 2780 | AE27: 2519.12 | AF27: 2348.24 | AG27: 4143.04 | AH27: 4152.64 | AI27: 5292 | AJ27: 5000 | AK27: 140.4 | AL27: 4436.64 | AM27: =IFERROR(AL27/AJ27,0) -> 0.887328 | AN27: =+AK27+AL27 -> 4577.04 | AO27: =IFERROR(+AN27/AJ27,0) -> 0.915408
A28: REBOZADOS DE CARNE - ARG | D28: Subtotal Distribuidores GBA y Costa | E28: =+SUM(E23:E27) -> 22865.44 | F28: =+SUM(F23:F27) -> 21489.6 | G28: =+SUM(G23:G27) -> 24011.36 | H28: =+SUM(H23:H27) -> 24237.04 | I28: =+SUM(I23:I27) -> 29841.36 | J28: =+SUM(J23:J27) -> 18402 | K28: =+SUM(K23:K27) -> 23916.8 | L28: =+SUM(L23:L27) -> 25326.08 | ... AD28: =+SUM(AD23:AD27) -> 16672.64 | AE28: 20841.04 | AF28: 22393.12 | AG28: 17153.12 | AH28: 21015.12 | AI28: 24012.16 | AJ28: 29000 | AK28: =+SUM(AK23:AK27) -> 1054.08 | AL28: =+SUM(AL23:AL27) -> 11261.12 | AM28: =IFERROR(AL28/AJ28,0) -> 0.38831448 | AN28: =+SUM(AN23:AN27) -> 12315.2 | AO28: =IFERROR(+AN28/AJ28,0) -> 0.42466207
A29: REBOZADOS DE CARNE - ARG | B29: Patagonia / Costa - Cadenas | C29: FEDERICO JACUM | D29: VAL JULIAN | E29: 3067.36 | F29: 4736.4 | G29: 5672.8 | H29: 3510 | I29: 7089.36 | J29: 7375.28 | K29: 9645.44 | L29: 4285.84 | M29: 3259.36 | N29: 5002.48 | O29: 6627.84 | P29: 5336.88 | Q29: 7749.04 | R29: 7946 | S29: 6341.44 | T29: 10426.48 | U29: 7271.52 | V29: 5070.32 | W29: 8784.24 | X29: 6449.12 | Y29: 1443.2 | Z29: 3039.6 | AA29: 941.92 | AB29: 515.76 | AC29: 1558.64 | AD29: 520.48 | AE29: 706.96 | AF29: 678.08 | AG29: 378.32 | AH29: 1454.96 | AI29: 2509.12 | AJ29: 3000 | AK29: 332.08 | AL29: 423.52 | AM29: =IFERROR(AL29/AJ29,0) -> 0.14117333 | AN29: =+AK29+AL29 -> 755.6 | AO29: =IFERROR(+AN29/AJ29,0) -> 0.25186667 | AP29: 100088964 | AQ29: RAMOS LUCIANO ALEJANDRO
A30: REBOZADOS DE CARNE - ARG | D30: Subtotal Regionales GBA, Costa y Patagonia | E30: =+SUM(E29) -> 3067.36 | F30: =+SUM(F29) -> 4736.4 | G30: =+SUM(G29) -> 5672.8 | H30: =+SUM(H29) -> 3510 | I30: =+SUM(I29) -> 7089.36 | J30: =+SUM(J29) -> 7375.28 | K30: =+SUM(K29) -> 9645.44 | L30: =+SUM(L29) -> 4285.84 | ... R30: =+SUM(R29) -> 7946 | S30: 6341.44 | T30: =+SUM(T29) -> 10426.48 | U30: =+SUM(U29) -> 7271.52 | V30: =+SUM(V29) -> 5070.32 | W30: 8784.24 | X30: =+SUM(X29) -> 6449.12 | Y30: 1443.2 | Z30: 3039.6 | AA30: 941.92 | AB30: 515.76 | AC30: 1558.64 | AD30: 520.48 | AE30: 706.96 | AF30: 678.08 | AG30: 378.32 | AH30: 1454.96 | AI30: 2509.12 | AJ30: 3000 | AK30: =+SUM(AK29) -> 332.08 | AL30: =+SUM(AL29) -> 423.52 | AM30: =IFERROR(AL30/AJ30,0) -> 0.14117333 | AN30: =+SUM(AN29) -> 755.6 | AO30: =IFERROR(+AN30/AJ30,0) -> 0.25186667
A31: REBOZADOS DE CARNE - ARG | B31: Gastronomia | C31: HERNAN DUARTE | D31: RAMIREZ ARIEL SEBASTIAN | E31: 6260.48 | F31: 12942.32 | G31: 7875.04 | H31: 6291.6 | I31: 5208.4 | J31: 5037.6 | K31: 7096.24 | L31: 4702.96 | M31: 5765.52 | N31: 4198.16 | O31: 2835.44 | P31: 1989.12 | Q31: 3877.68 | R31: 5287.2 | S31: 5385.12 | T31: 5554.48 | U31: 6249.92 | V31: 5718.72 | W31: 5464.16 | X31: 5880.32 | Y31: 4131.84 | Z31: 6644.72 | AA31: 6225.04 | AB31: 2774.4 | AC31: 8708.56 | AD31: 4355.12 | AE31: 8551.76 | AF31: 7666.64 | AG31: 6135.2 | AH31: 3322.4 | AI31: 6284.16 | AJ31: 9800 | AK31: 1039.6 | AL31: 5106.56 | AM31: =IFERROR(AL31/AJ31,0) -> 0.52107755 | AN31: =+AK31+AL31 -> 6146.16 | AO31: =IFERROR(+AN31/AJ31,0) -> 0.62715918
A32: REBOZADOS DE CARNE - ARG | B32: Gastronomia | C32: HERNAN DUARTE | D32: DUARTE HERNAN | E32: 5342.08 | F32: 4608 | G32: 691.2 | H32: 3732.08 | I32: 53.36 | J32: 156 | K32: 296.8 | L32: 495.76 | M32: 3080 | N32: 3048.16 | O32: 3042.48 | P32: 2724 | Q32: 642.64 | R32: 76 | S32: 488.64 | T32: 3916 | U32: 241.2 | V32: 277.44 | W32: 1156.08 | X32: 1119.2 | Y32: 1077.44 | Z32: 1020.24 | AA32: 138.24 | AB32: 0 | AC32: 0 | AD32: 0 | AE32: 175.2 | AF32: 38 | AG32: 107.6 | AH32: 78 | AI32: 0 | AJ32: 200 | AK32: 0 | AL32: 0 | AM32: =IFERROR(AL32/AJ32,0) -> 0 | AN32: =+AK32+AL32 -> 0 | AO32: =IFERROR(+AN32/AJ32,0) -> 0 | AP32: VACANTE DIRECTO FOOD SERVICE IND
A33: REBOZADOS DE CARNE - ARG | D33: Subtotal Gastronomía | E33: 11602.56 | F33: 17550.32 | G33: 8566.24 | H33: 10023.68 | I33: 5261.76 | J33: 5193.6 | K33: 7393.04 | L33: 5198.72 | M33: 8845.52 | N33: 7246.32 | O33: 5877.92 | P33: 4713.12 | Q33: 4520.32 | R33: 5363.2 | S33: 5873.76 | T33: 9470.48 | U33: 6491.12 | V33: 5996.16 | W33: 6620.24 | X33: 6999.52 | Y33: 5209.28 | Z33: 7664.96 | AA33: 6363.28 | AB33: 2774.4 | AC33: 8708.56 | AD33: 4355.12 | AE33: 8726.96 | AF33: 7704.64 | AG33: 6242.8 | AH33: 3400.4 | AI33: 6284.16 | AJ33: 10000 | AK33: =+AK31+AK32 -> 1039.6 | AL33: =+AL31+AL32 -> 5106.56 | AM33: =IFERROR(AL33/AJ33,0) -> 0.510656 | AN33: =+AN31+AN32 -> 6146.16 | AO33: =IFERROR(+AN33/AJ33,0) -> 0.614616
A34: REBOZADOS DE CARNE - ARG | B34: Mayoristas | C34: PABLO ANDREACCHIO | D34: ARUANNO PARODI MARIA NOEL | W34: 0 | AJ34: 0
A35: REBOZADOS DE CARNE - ARG | B35: Mayoristas | C35: ARUANNO PARODI MARIA NOEL | D35: MENDEZ NAVARRO MARIA ALEJANDRA | E35: 21715.68 | F35: 26589.12 | G35: 48763.28 | H35: 37741.36 | I35: ARUANNO PARODI MARIA NOEL | J35: 33930.88 | K35: 40204.72 | L35: 17720.88 | M35: 34263.2 | N35: 11412.16 | O35: 24235.6 | P35: 19824.48 | Q35: 16463.6 | R35: 21428.48 | S35: 21878.48 | T35: 19670.72 | U35: 9667.28 | V35: 34678.08 | W35: 18651.04 | X35: 14031.44 | Y35: 26941.52 | Z35: 17103.44 | AA35: 9026.96 | AB35: 11126.72 | AC35: 15229.2 | AD35: 13423.92 | AE35: 23462.64 | AF35: 16123.84 | AG35: 22973.04 | AH35: 14858.72 | AI35: 17929.44 | AJ35: 18500 | AK35: 6470.96 | AL35: 9973.04 | AM35: =IFERROR(AL35/AJ35,0) -> 0.53908324 | AN35: =+AK35+AL35 -> 16444 | AO35: =IFERROR(+AN35/AJ35,0) -> 0.88886486
A36: REBOZADOS DE CARNE - ARG | B36: Mayoristas | C36: ARUANNO PARODI MARIA NOEL | D36: RAMONDINO LEONARDO ERNESTO | T36: 2215.6 | U36: 2078.4 | V36: 524.4 | W36: 445.6 | X36: 2441.6 | Y36: 831.2 | Z36: 992.4 | AA36: 856.48 | AB36: 2357.68 | AC36: 442 | AD36: 762.4 | AE36: 227.6 | AF36: 1754.4 | AG36: 1480.4 | AH36: 1230.32 | AI36: 1265.6 | AJ36: 1500 | AK36: 675.2 | AL36: 120 | AM36: =IFERROR(AL36/AJ36,0) -> 0.08 | AN36: =+AK36+AL36 -> 795.2 | AO36: =IFERROR(+AN36/AJ36,0) -> 0.53013333 | AP36: 100002258
A37: REBOZADOS DE CARNE - ARG | D37: Subtotal Mayoristas | E37: 21715.68 | F37: 26589.12 | G37: 48763.28 | H37: 37741.36 | I37: 55825.04 | J37: 33930.88 | K37: 40204.72 | L37: 17720.88 | M37: 34263.2 | N37: 11412.16 | O37: 24235.6 | P37: 19824.48 | Q37: 16463.6 | R37: 21428.48 | S37: 21878.48 | T37: 21886.32 | U37: 11745.68 | V37: 35202.48 | W37: 19096.64 | X37: 16473.04 | Y37: 27772.72 | Z37: 18095.84 | AA37: 9883.44 | AB37: 13484.4 | AC37: 15671.2 | AD37: 14186.32 | AE37: 23690.24 | AF37: 17878.24 | AG37: 24453.44 | AH37: 16089.04 | AI37: 19195.04 | AJ37: 20000 | AK37: =+SUM(AK34:AK36) -> 7146.16 | AL37: =+SUM(AL34:AL36) -> 10093.04 | AM37: =IFERROR(AL37/AJ37,0) -> 0.504652 | AN37: =+SUM(AN34:AN36) -> 17239.2 | AO37: =IFERROR(+AN37/AJ37,0) -> 0.86196
A38: REBOZADOS DE CARNE - ARG | B38: GBA - Cadenas | C38: ARUANNO PARODI MARIA NOEL | D38: BRION SEBASTIAN | E38: 1352.64 | F38: 3617.04 | G38: 5137.2 | H38: 1337.6 | I38: 1025.28 | J38: 526.88 | K38: 359.52 | L38: 308.8 | M38: 340.88 | N38: 320.96 | O38: 329.44 | P38: 275.04 | Q38: 481.2 | R38: 187.92 | S38: 261.2 | T38: 441.76 | U38: 448.16 | V38: 504.48 | W38: -3.36 | X38: 452 | Y38: 370.96 | Z38: 462 | AA38: 266.16 | AB38: 340.24 | AC38: 342.08 | AD38: 238.96 | AE38: 281.2 | AF38: 395.2 | AG38: 245.6 | AH38: 496.64 | AI38: 84.56 | AJ38: 300 | AK38: 64.08 | AL38: 115.84 | AM38: =IFERROR(AL38/AJ38,0) -> 0.38613333 | AN38: =+AK38+AL38 -> 179.92 | AO38: =IFERROR(+AN38/AJ38,0) -> 0.59973333 | AP38: 100001914 | AQ38: 100001979 | AR38: 100086833
B39: DBU - BAS | C39: RAMONDINO LEONARDO ERNESTO | D39: DELIVERY HERO E-COMMERCE S. A. | O39: 1584.96 | P39: 985.92 | Q39: 1123.2 | R39: 1238.64 | S39: 1407.12 | AE39: 1400.64 | AF39: 0 | AG39: 149.52 | AH39: 0 | AI39: 1243.92 | AJ39: 200 | AK39: 0 | AL39: 0 | AM39: =IFERROR(AL39/AJ39,0) -> 0 | AN39: =+AK39+AL39 -> 0 | AO39: =IFERROR(+AN39/AJ39,0) -> 0
A40: REBOZADOS DE CARNE - ARG | B40: DBU - BAS | C40: RAMONDINO LEONARDO ERNESTO | D40: COTO CENTRO INTEGRAL DE COMERCIALIZACON S A | E40: 2923.76 | F40: 1104.56 | G40: 14950.64 | H40: 9982.32 | I40: 13405.36 | J40: 12780.24 | K40: 6512.48 | L40: 8624.8 | M40: 11139.52 | N40: 4006.08 | O40: 10460.96 | P40: 12484.72 | Q40: 11782 | R40: 14070.4 | S40: 10167.44 | T40: 11660.96 | U40: 14464.88 | V40: 12525.36 | W40: 11540.4 | X40: 8215.68 | Y40: 10778.72 | Z40: 10490.08 | AA40: 11475.12 | AB40: 9026.72 | AC40: 4159.76 | AD40: 3784.16 | AE40: 13036.16 | AF40: 8764.64 | AG40: 5074.32 | AH40: 18594.56 | AI40: 6980.4 | AJ40: 9000 | AK40: 1875.2 | AL40: 8764.48 | AM40: =IFERROR(AL40/AJ40,0) -> 0.97383111 | AN40: =+AK40+AL40 -> 10639.68 | AO40: =IFERROR(+AN40/AJ40,0) -> 1.1821867
A41: REBOZADOS DE CARNE - ARG | B41: DBU - BAS | C41: BRION SEBASTIAN | D41: S A IMPORTADORA Y EXPORTADORA DE LA PATAGONIA | E41: 5299.68 | F41: 9938.4 | G41: 19556.08 | H41: 7745.2 | I41: 23031.2 | J41: 11256 | K41: 14603.84 | L41: 6798.4 | M41: 8140.8 | N41: 31442.4 | O41: 11268.64 | P41: 4127.6 | Q41: 8380.32 | R41: 7927.68 | S41: 7774.56 | T41: 8240.88 | U41: 13988.56 | V41: 9020.72 | W41: 13270.24 | X41: 5796.24 | Y41: 10982.4 | Z41: 13243.68 | AA41: 2944.8 | AB41: 7288 | AC41: 7263.6 | AD41: 8468.4 | AE41: 8940 | AF41: 6724.8 | AG41: 3312.24 | AH41: 7653.6 | AI41: 9424.8 | AJ41: 8000 | AK41: 0 | AL41: 6981.6 | AM41: =IFERROR(AL41/AJ41,0) -> 0.8727 | AN41: =+AK41+AL41 -> 6981.6 | AO41: =IFERROR(+AN41/AJ41,0) -> 0.8727
A42: REBOZADOS DE CARNE - ARG | B42: DBU - BAS | C42: RODRIGUEZ JUDITH | D42: INC SOCIEDAD ANONIMA | E42: 25741.2 | F42: 30812.48 | G42: 28350.56 | H42: 37433.04 | I42: 27318.96 | J42: 23736.8 | K42: 16674.88 | L42: 9930.48 | M42: 13527.28 | N42: 11336.56 | O42: 14341.68 | P42: 20009.36 | Q42: 27400.4 | R42: 21413.52 | S42: 20094.64 | T42: 15530.4 | U42: 17339.92 | V42: 11519.92 | W42: 9271.52 | X42: 17482.24 | Y42: 10986.4 | Z42: 11249.84 | AA42: 12522.16 | AB42: 5733.04 | AC42: 10275.84 | AD42: 8908.56 | AE42: 11130.88 | AF42: 16698.16 | AG42: 17836.8 | AH42: 15334.96 | AI42: 8444.48 | AJ42: 14800 | AK42: 5902.56 | AL42: 13612.96 | AM42: =IFERROR(AL42/AJ42,0) -> 0.91979459 | AN42: =+AK42+AL42 -> 19515.52 | AO42: =IFERROR(+AN42/AJ42,0) -> 1.3186162
A43: REBOZADOS DE CARNE - ARG | B43: DBU - BAS | C43: RODRIGUEZ JUDITH | D43: DIA ARGENTINA S.A. | E43: 21517.92 | F43: 8963.04 | G43: 5129.28 | H43: 0 | I43: 0 | J43: 0 | K43: 0 | L43: 0 | M43: 0 | N43: 0 | O43: 0 | P43: 0 | Q43: 0 | R43: 0 | S43: 0 | T43: 0 | U43: 0 | V43: 0 | W43: 0 | X43: 0 | Y43: 0 | Z43: 0 | AA43: 0 | AB43: 0 | AC43: 0 | AD43: 0 | AE43: 0 | AF43: 0 | AG43: 0 | AH43: 0 | AI43: 0 | AJ43: 7000 | AK43: 528 | AL43: 8448 | AM43: =IFERROR(AL43/AJ43,0) -> 1.2068571 | AN43: =+AK43+AL43 -> 8976 | AO43: =IFERROR(+AN43/AJ43,0) -> 1.2822857
A44: REBOZADOS DE CARNE - ARG | B44: DBU - BAS | C44: BRION SEBASTIAN | D44: DORINKA S.R.L. | E44: 4704.8 | F44: 5967.12 | G44: 9076.88 | H44: 4559.36 | I44: 0 | J44: 0 | K44: 3012.4 | L44: 4156.32 | M44: 2545.36 | N44: 1493.04 | O44: 2790.64 | P44: 2120.96 | Q44: 7352.16 | R44: 4671.6 | S44: 3160.88 | T44: 1310.88 | U44: 6903.76 | V44: 7059.28 | W44: 1373.52 | X44: 1955.92 | Y44: 3527.28 | Z44: 5256.32 | AA44: 3988.16 | AB44: 1458.72 | AC44: 1848 | AD44: 1047.84 | AE44: 3664.96 | AF44: 1000.08 | AG44: 2642.32 | AH44: 2225.76 | AI44: 2022 | AJ44: 2400 | AK44: 630.16 | AL44: 1123.28 | AM44: =IFERROR(AL44/AJ44,0) -> 0.46803333 | AN44: =+AK44+AL44 -> 1753.44 | AO44: =IFERROR(+AN44/AJ44,0) -> 0.7306
A45: REBOZADOS DE CARNE - ARG | B45: DBU - BAS | C45: RAMONDINO LEONARDO ERNESTO | D45: CENCOSUD S A | E45: 5608.08 | F45: 8594.64 | G45: 8553.68 | H45: 7837.28 | I45: 9528.24 | J45: 6857.76 | K45: 6409.36 | L45: 4927.6 | M45: 5197.44 | N45: 6114.72 | O45: 6604.96 | P45: 4924.24 | Q45: 7368.72 | R45: 5035.6 | S45: 5666.16 | T45: 5917.92 | U45: 6514.48 | V45: 6897.36 | W45: 4142.96 | X45: 4805.28 | Y45: 5594.08 | Z45: 6118.64 | AA45: 4403.28 | AB45: 5527.6 | AC45: 3269.68 | AD45: 3476.88 | AE45: 5378.32 | AF45: 3282.56 | AG45: 4923.92 | AH45: 6263.44 | AI45: 5739.68 | AJ45: 6300 | AK45: 984 | AL45: 2617.28 | AM45: =IFERROR(AL45/AJ45,0) -> 0.41544127 | AN45: =+AK45+AL45 -> 3601.28 | AO45: =IFERROR(+AN45/AJ45,0) -> 0.57163175
A46: REBOZADOS DE CARNE - ARG | D46: Subtotal Cadenas Nacionales | E46: =+SUM(E38:E45) -> 67148.08 | F46: =+SUM(F38:F45) -> 68997.28 | G46: =+SUM(G38:G45) -> 90754.32 | H46: =+SUM(H38:H45) -> 68894.8 | I46: =+SUM(I38:I45) -> 74309.04 | J46: =+SUM(J38:J45) -> 55157.68 | K46: =+SUM(K38:K45) -> 47572.48 | L46: =+SUM(L38:L45) -> 34746.4 | ... AD46: =+SUM(AD38:AD45) -> 25924.8 | AE46: 43832.16 | AF46: 36865.44 | AG46: 34184.72 | AH46: 50568.96 | AI46: 33939.84 | AJ46: 48000 | AK46: =SUM(AK38:AK45) -> 9984 | AL46: =SUM(AL38:AL45) -> 41663.44 | AM46: =IFERROR(AL46/AJ46,0) -> 0.86798833 | AN46: =+AK46+AL46 -> 51647.44 | AO46: =IFERROR(+AN46/AJ46,0) -> 1.0759883
A47: REBOZADOS DE CARNE - ARG | B47: Subtotal | D47: Total | E47: =+E18+E22+E28+E30+E33+E37+E46 -> 186033.92 | F47: =+F18+F22+F28+F30+F33+F37+F46 -> 200678.64 | G47: =+G18+G22+G28+G30+G33+G37+G46 -> 243505.84 | H47: =+H18+H22+H28+H30+H33+H37+H46 -> 211153.28 | I47: =+I18+I22+I28+I30+I33+I37+I46 -> 244016.16 | J47: =+J18+J22+J28+J30+J33+J37+J46 -> 171897.68 | K47: =+K18+K22+K28+K30+K33+K37+K46 -> 186465.36 | L47: =+L18+L22+L28+L30+L33+L37+L46 -> 142778.24 | ... R47: =+R18+R22+R28+R30+R33+R37+R46 -> 179573.52 | S47: 165573.2 | T47: =+T18+T22+T28+T30+T33+T37+T46 -> 176712.96 | U47: =+U18+U22+U28+U30+U33+U37+U46 -> 170407.84 | V47: =+V18+V22+V28+V30+V33+V37+V46 -> 172844.56 | W47: 148057.52 | X47: =+X18+X22+X28+X30+X33+X37+X46 -> 151457.6 | Y47: 168849.28 | Z47: 154994.88 | AA47: 118204.56 | AB47: 108785.12 | AC47: 122906.72 | AD47: 98756.88 | AE47: 157034.96 | AF47: 142429.44 | AG47: 133884 | AH47: 150936.32 | AI47: 137951.92 | AJ47: 174000 | AK47: =+AK18+AK22+AK28+AK30+AK33+AK37+AK46 -> 26626.56 | AL47: =+AL18+AL22+AL28+AL30+AL33+AL37+AL46 -> 101288.56 | AM47: =IFERROR(AL47/AJ47,0) -> 0.58211816 | AN47: =+AN18+AN22+AN28+AN30+AN33+AN37+AN46 -> 127915.12 | AO47: =IFERROR(+AN47/AJ47,0) -> 0.73514437
A48: REBOZADOS DE CARNE - ARG | B48: CORPORATIVO | D48: FAST FOOD SUDAMERICANA S A | E48: 0 | F48: 0 | G48: 0 | H48: 0 | I48: 0 | J48: 0 | K48: 0 | L48: 0 | M48: 0 | N48: 0 | T48: 0 | U48: 0 | V48: 0 | W48: 0 | X48: 0 | Y48: 0 | Z48: 0 | AA48: 0 | AB48: 0 | AC48: 0 | AD48: 0 | AE48: 0 | AF48: 0 | AG48: 0 | AH48: 0 | AI48: 0 | AK48: 0 | AL48: 0 | AM48: =IFERROR(AL48/AJ48,0) -> 0 | AN48: =+AK48+AL48 -> 0 | AO48: =IFERROR(+AN48/AJ48,0) -> 0 | AP48: VILLEMUR EZEQUIEL
A49: REBOZADOS DE CARNE - ARG | B49: CORPORATIVO | D49: PALADINI S.A. | E49: 0 | F49: 0 | G49: 0 | H49: 0 | I49: 0 | J49: 0 | K49: 0 | L49: 0 | M49: 0 | N49: 0 | T49: 0 | U49: 0 | V49: 0 | W49: 0 | X49: 0 | Y49: 0 | Z49: 0 | AA49: 0 | AB49: 0 | AC49: 0 | AD49: 0 | AE49: 0 | AF49: 0 | AG49: 0 | AH49: 0 | AI49: 0 | AK49: 0 | AL49: 0 | AM49: =IFERROR(AL49/AJ49,0) -> 0 | AN49: =+AK49+AL49 -> 0 | AO49: =IFERROR(+AN49/AJ49,0) -> 0 | AP49: VILLEMUR EZEQUIEL
A50: REBOZADOS DE CARNE - ARG | B50: CORPORATIVO | C50: VILLEMUR EZEQUIEL | D50: MOSTAZA Y PAN S.A. | E50: 0 | F50: 0 | G50: 0 | H50: 0 | I50: 0 | J50: 0 | K50: 0 | L50: 0 | M50: 0 | N50: 0 | T50: 0 | U50: 0 | V50: 0 | W50: 0 | X50: 0 | Y50: 0 | Z50: 0 | AA50: 12480 | AB50: 27928 | AC50: 37440 | AD50: 12480 | AE50: 0 | AF50: 24960 | AG50: 25800 | AH50: 45184 | AI50: 37440 | AJ50: 26000 | AK50: 0 | AL50: 10344 | AM50: =IFERROR(AL50/AJ50,0) -> 0.39784615 | AN50: =+AK50+AL50 -> 10344 | AO50: =IFERROR(+AN50/AJ50,0) -> 0.39784615 | AP50: VILLEMUR EZEQUIEL | AQ50: AXIS LOGISTICA S.A.
B51: CORPORATIVO | C51: VILLEMUR EZEQUIEL | D51: FINCA BALCARCE | Z51: 0 | AA51: 0 | AB51: 0 | AC51: 0 | AD51: 0 | AE51: 0 | AF51: 0 | AG51: 0 | AH51: 0 | AI51: 0 | AK51: 0 | AL51: 0 | AM51: =IFERROR(AL51/AJ51,0) -> 0 | AN51: =+AK51+AL51 -> 0 | AO51: =IFERROR(+AN51/AJ51,0) -> 0 | AP51: VILLEMUR EZEQUIEL
A52: REBOZADOS DE CARNE - ARG | B52: VENTA - ME | D52: VENTA - ME | E52: 0 | F52: 0 | G52: 720 | H52: 0 | I52: 0 | J52: 0 | K52: 0 | L52: 0 | M52: 0 | N52: 0 | T52: 0 | U52: 0 | V52: 0 | W52: 0 | X52: 0 | Y52: 0 | Z52: 55 | AA52: 0 | AB52: 0 | AC52: 0 | AD52: 0 | AE52: 0 | AF52: 0 | AG52: 0 | AH52: 0 | AI52: 0 | AK52: 0 | AL52: 0 | AM52: =IFERROR(AL52/AJ52,0) -> 0 | AN52: =+AK52+AL52 -> 0 | AO52: =IFERROR(+AN52/AJ52,0) -> 0 | AP52: COM EXT
A53: REBOZADOS DE CARNE - ARG | B53: CORPORATIVO | C53: SUAREZ MARCOS GABRIEL | D53: CONSUMIDOR FINAL E-COMMERCE | E53: 22.52 | F53: 204.78 | G53: 73.32 | H53: 86.96 | I53: 150.38 | J53: 137.18 | K53: 170.7 | L53: 0 | M53: 189.16 | N53: 77.52 | T53: 68.36 | U53: 65.98 | V53: 111.86 | W53: 52.42 | X53: 15.78 | Y53: 111.3 | Z53: 57.76 | AA53: 25.84 | AB53: 73.38 | AC53: 15.06 | AD53: 0 | AE53: 0 | AF53: 0 | AG53: 0 | AH53: 0 | AI53: 0 | AK53: 0 | AL53: 0 | AM53: =IFERROR(AL53/AJ53,0) -> 0 | AN53: =+AK53+AL53 -> 0 | AO53: =IFERROR(+AN53/AJ53,0) -> 0 | AP53: SUAREZ MARCOS GABRIEL
A54: REBOZADOS DE CARNE - ARG | B54: CORPORATIVO | D54: AXIS LOGISTICA S.A. | E54: 0 | F54: 0 | G54: 0 | H54: 0 | I54: 0 | J54: 0 | K54: 0 | L54: 0 | M54: 0 | N54: 0 | T54: 0 | U54: 0 | V54: 0 | W54: 0 | X54: 0 | Y54: 0 | Z54: 0 | AA54: 0 | AB54: 0 | AC54: 0 | AD54: 0 | AE54: 0 | AF54: 0 | AG54: 0 | AH54: 0 | AI54: 0 | AK54: 0 | AL54: 0 | AM54: =IFERROR(AL54/AJ54,0) -> 0 | AN54: =+AK54+AL54 -> 0 | AO54: =IFERROR(+AN54/AJ54,0) -> 0 | AP54: PIZARRO ROCIO AZUCENA
A55: REBOZADOS DE CARNE - ARG | B55: CORPORATIVO | D55: VARIOS | E55: 0 | F55: 0 | G55: 0 | H55: 0 | I55: 0 | J55: 0 | K55: 0 | L55: 0 | M55: 0 | N55: 0 | T55: 0 | U55: 0 | V55: 0 | W55: 0 | X55: 0 | Y55: 0 | Z55: 0 | AA55: 0 | AB55: 0 | AC55: 0 | AD55: 0 | AE55: 0 | AF55: 0 | AG55: 0 | AH55: 0 | AI55: 0 | AK55: 0 | AL55: 0 | AM55: =IFERROR(AL55/AJ55,0) -> 0 | AN55: =+AK55+AL55 -> 0 | AO55: =IFERROR(+AN55/AJ55,0) -> 0
A56: REBOZADOS DE CARNE - ARG | D56: TOTAL | E56: 186056.44 | F56: 200883.42 | G56: 244299.16 | H56: 211240.24 | I56: 244166.54 | J56: 172034.86 | K56: 186636.06 | L56: 142778.24 | M56: 154623.72 | N56: 151834.48 | T56: 176781.32 | U56: 170473.82 | V56: 172956.42 | W56: 148109.94 | X56: 151473.38 | Y56: 168960.58 | Z56: 155107.64 | AA56: 130710.4 | AB56: 136786.5 | AC56: 149457.78 | AD56: 111236.88 | AE56: 157034.96 | AF56: 167389.44 | AG56: 159684 | AH56: 196120.32 | AI56: 175391.92 | AJ56: 200000 | AK56: =+AK47+SUM(AK48:AK55) -> 26626.56 | AL56: =SUM(AL47:AL55) -> 111632.56 | AM56: =IFERROR(AL56/AJ56,0) -> 0.5581628 | AN56: =+AK56+AL56 -> 138259.12 | AO56: =IFERROR(+AN56/AJ56,0) -> 0.6912956
D57: NOTAS DE CREDITO SIN VENDEDOR ASIGNADO | AK57: -3.6379788e-11 | AL57: -5.9662852e-10

Sheet SJ
B1: REBOZADOS DE VEGETALES - ARG | C1: REBOZADOS DE VEGETALES - ARG
B2: Área | C2: Jefe | D2: Ejecutivo | E2: Julio '23 | F2: Agosto '23 | G2: Septiembre '23 | H2: Octubre '23 | I2: Noviembre '23 | J2: Diciembre '23 | K2: Enero '24 | L2: Febrero '24 | M2: Marzo '24 | N2: Abril '24 | O2: Mayo '24 | P2: Junio '24 | Q2: Julio '24 | R2: Agosto '24 | S2: Septiembre '24 | T2: Octubre '24 | U2: Noviembre '24 | V2: Diciembre '24 | W2: Enero '25 | X2: Febrero '25 | Y2: Marzo '25 | Z2: Abril '25 | AA2: Mayo '25 | AB2: Junio '25 | AC2: Julio '25 | AD2: Agosto '25 | AE2: Septiembre '25 | AF2: Octubre '25 | AG2: Noviembre '25 | AH2: Diciembre '25 | AI2: Enero '26 | AJ2: Meta Febrero '26 | AK2: Pendiente | AL2: Ventas | AM2: Avance Neto | AN2: Total | AO2: Avance Total
A3: REBOZADOS DE VEGETALES - ARG | B3: Rosario | C3: ADRIAN DALLA VERDE | D3: BESSONE JUAN MANUEL (VENDEDOR) | E3: 0 | F3: 0 | G3: 0 | H3: 0 | I3: 0 | J3: 0 | K3: 0 | L3: 0 | M3: 0 | N3: 0 | O3: 0 | P3: 0 | Q3: 0 | R3: 0 | S3: 0 | T3: 0 | U3: 0 | V3: 0 | W3: 0 | X3: 0 | Y3: 0 | Z3: 0 | AA3: 0 | AB3: 0 | AC3: 0 | AD3: 0 | AE3: 0 | AF3: 0 | AG3: 0 | AH3: 0 | AI3: 0 | AJ3: 0 | AK3: 0 | AL3: 0 | AM3: =IFERROR(AL3/AJ3,0) -> 0 | AN3: =+AK3+AL3 -> 0 | AO3: =IFERROR(+AN3/AJ3,0) -> 0
A4: REBOZADOS DE VEGETALES - ARG | B4: Litoral | C4: ADRIAN DALLA VERDE | D4: FUNES ANDRES | E4: 634 | F4: 451.8 | G4: 655.6 | H4: 340.6 | I4: -29 | J4: 1063.2 | K4: 367 | L4: 293.2 | M4: 171 | N4: 265.4 | O4: 190.8 | P4: 111.8 | Q4: 180.4 | R4: 156 | S4: 157.2 | T4: 243.2 | U4: 633.8 | V4: 741.8 | W4: 216.6 | X4: 552 | Y4: 451.6 | Z4: 1871.4 | AA4: 1547.8 | AB4: 755.2 | AC4: 1200.2 | AD4: 900 | AE4: 880.4 | AF4: 756 | AG4: 751.2 | AH4: 405.4 | AI4: 917.8 | AJ4: 800 | AK4: 0 | AL4: 533.8 | AM4: =IFERROR(AL4/AJ4,0) -> 0.66725 | AN4: =+AK4+AL4 -> 533.8 | AO4: =IFERROR(+AN4/AJ4,0) -> 0.66725
A5: REBOZADOS DE VEGETALES - ARG | B5: Litoral | C5: ADRIAN DALLA VERDE | D5: SCARAFIA YAMIL HERMES | E5: 467 | F5: 538 | G5: 592.8 | H5: 454.2 | I5: 56.8 | J5: 590.2 | K5: 474.6 | L5: 286 | M5: 66.4 | N5: 186.2 | O5: 111.8 | P5: 117.4 | Q5: 265.2 | R5: 277.2 | S5: 109.2 | T5: 327 | U5: 378.4 | V5: 410.2 | W5: 214.8 | X5: 414 | Y5: 286.8 | Z5: 1136 | AA5: 1514 | AB5: 656.4 | AC5: 901.4 | AD5: 740.6 | AE5: 663.8 | AF5: 378.8 | AG5: 293.2 | AH5: 277.4 | AI5: 267.2 | AJ5: 300 | AK5: 0 | AL5: 205.4 | AM5: =IFERROR(AL5/AJ5,0) -> 0.68466667 | AN5: =+AK5+AL5 -> 205.4 | AO5: =IFERROR(+AN5/AJ5,0) -> 0.68466667 | AP5: VAZQUEZ ALEJANDRO MARCELO
A6: REBOZADOS DE VEGETALES - ARG | B6: Litoral | C6: ADRIAN DALLA VERDE | D6: GENTILE NICOLAS | E6: 390.2 | F6: 665.2 | G6: 433.6 | H6: 416.4 | I6: 39.4 | J6: 961 | K6: 156 | L6: 341.2 | M6: 355.4 | N6: 499.8 | O6: 134 | P6: 251.4 | Q6: 240 | R6: 294.6 | S6: 326.2 | T6: 427.4 | U6: 618.6 | V6: 159.6 | W6: 434.4 | X6: 462.6 | Y6: 278.4 | Z6: 1986 | AA6: 493.4 | AB6: 488.8 | AC6: 704.2 | AD6: 554.8 | AE6: 438.6 | AF6: 526 | AG6: 1029.2 | AH6: 649 | AI6: 477.2 | AJ6: 800 | AK6: 77.6 | AL6: 203.6 | AM6: =IFERROR(AL6/AJ6,0) -> 0.2545 | AN6: =+AK6+AL6 -> 281.2 | AO6: =IFERROR(+AN6/AJ6,0) -> 0.3515
A7: REBOZADOS DE VEGETALES - ARG | B7: NOA | C7: ADRIAN DALLA VERDE | D7: PAZ CARRANZA EDUARDO | E7: 1512.6 | F7: 1512.6 | G7: 1602.4 | H7: 450.8 | I7: 370.6 | J7: 1402.4 | K7: 717.6 | L7: 651.8 | M7: 467.4 | N7: 804.2 | O7: 1072.4 | P7: 44 | Q7: 249 | R7: 539.2 | S7: 205 | T7: 671.8 | U7: 653.4 | V7: 529 | W7: 570.2 | X7: 852.8 | Y7: 893.2 | Z7: 986 | AA7: 794.4 | AB7: 1506.4 | AC7: 2667.4 | AD7: 1183.4 | AE7: 971 | AF7: 1479.2 | AG7: 732.8 | AH7: 915 | AI7: 954.8 | AJ7: 800 | AK7: 350.6 | AL7: 350.8 | AM7: =IFERROR(AL7/AJ7,0) -> 0.4385 | AN7: =+AK7+AL7 -> 701.4 | AO7: =IFERROR(+AN7/AJ7,0) -> 0.87675
A8: REBOZADOS DE VEGETALES - ARG | B8: NOA | C8: ADRIAN DALLA VERDE | D8: APUD ALEXANDER DARIO | O8: 0 | P8: 346.8 | Q8: 160.6 | R8: 876.8 | S8: 430.8 | T8: 754.8 | U8: 606.8 | V8: 524.4 | W8: 813.2 | X8: 851.4 | Y8: 615 | Z8: 1062 | AA8: 1276 | AB8: 1562.8 | AC8: 1285.2 | AD8: 994.6 | AE8: 430.6 | AF8: 495 | AG8: 755 | AH8: 374.2 | AI8: 509.4 | AJ8: 800 | AK8: 105.2 | AL8: 741.2 | AM8: =IFERROR(AL8/AJ8,0) -> 0.9265 | AN8: =+AK8+AL8 -> 846.4 | AO8: =IFERROR(+AN8/AJ8,0) -> 1.058
A9: REBOZADOS DE VEGETALES - ARG | B9: NEA | C9: ADRIAN DALLA VERDE | D9: ROBLEDO JORGE LUIS | E9: 798.8 | F9: 848 | G9: 642.8 | H9: 334.4 | I9: 251 | J9: 486 | K9: 525.2 | L9: 338.6 | M9: 294.8 | N9: 391.2 | O9: 366.8 | P9: 300 | Q9: 719.8 | R9: 328.6 | S9: 251.2 | T9: 592.4 | U9: 1157.4 | V9: 394.2 | W9: 351.8 | X9: 983.6 | Y9: 877.6 | Z9: 713.2 | AA9: 551 | AB9: 1021.2 | AC9: 1261.2 | AD9: 574.6 | AE9: 762.8 | AF9: 594.2 | AG9: 259.8 | AH9: 378.4 | AI9: 229 | AJ9: 400 | AK9: 0 | AL9: 600 | AM9: =IFERROR(AL9/AJ9,0) -> 1.5 | AN9: =+AK9+AL9 -> 600 | AO9: =IFERROR(+AN9/AJ9,0) -> 1.5
A10: REBOZADOS DE VEGETALES - ARG | B10: NEA | C10: ADRIAN DALLA VERDE | D10: SANCHEZ JUAN CARLOS | E10: 292.4 | F10: 575 | G10: 129.4 | H10: 289.6 | I10: -3.6 | J10: 766.4 | K10: 296 | L10: 239 | M10: 89.6 | N10: 266.2 | O10: 59.4 | P10: 246 | Q10: 290.8 | R10: 384 | S10: 325.8 | T10: 319.4 | U10: 464.6 | V10: 377.4 | W10: 752.6 | X10: 150.2 | Y10: 452 | Z10: 582.6 | AA10: 1032.6 | AB10: 520.6 | AC10: 516.2 | AD10: 404.6 | AE10: 566.2 | AF10: 652.8 | AG10: 195.2 | AH10: 212 | AI10: 328.8 | AJ10: 300 | AK10: 0 | AL10: 159.8 | AM10: =IFERROR(AL10/AJ10,0) -> 0.53266667 | AN10: =+AK10+AL10 -> 159.8 | AO10: =IFERROR(+AN10/AJ10,0) -> 0.53266667
A11: REBOZADOS DE VEGETALES - ARG | B11: Cuyo | C11: MARCELO VEGA | D11: VIVARES ABEL MAURICIO | E11: 1187.4 | F11: 1373 | G11: 754.6 | H11: 533 | I11: 59.4 | J11: 1347.2 | K11: 445.8 | L11: 746.8 | M11: 743 | N11: 428.6 | O11: 640.2 | P11: 673.4 | Q11: 407.8 | R11: 722.8 | S11: 763 | T11: 596.2 | U11: 726.6 | V11: 515.6 | W11: 690.4 | X11: 812.6 | Y11: 706.6 | Z11: 1305.2 | AA11: 1520 | AB11: 1206 | AC11: 1015.8 | AD11: 1127 | AE11: 1061 | AF11: 1179.6 | AG11: 807.2 | AH11: 866.8 | AI11: 1169.6 | AJ11: 900 | AK11: 172.6 | AL11: 572 | AM11: =IFERROR(AL11/AJ11,0) -> 0.63555556 | AN11: =+AK11+AL11 -> 744.6 | AO11: =IFERROR(+AN11/AJ11,0) -> 0.82733333
A12: REBOZADOS DE VEGETALES - ARG | B12: Cuyo | C12: MARCELO VEGA | D12: ANDINO FACUNDO NICOLAS | E12: 931.8 | F12: 1409.2 | G12: 825.6 | H12: 892 | I12: 161.6 | J12: 1325.4 | K12: 673.8 | L12: 932.8 | M12: 755 | N12: 611.8 | O12: 687.8 | P12: 352.4 | Q12: 269 | R12: 453.6 | S12: 224.2 | T12: 387 | U12: 481.6 | V12: 286.4 | W12: 489.8 | X12: 254.6 | Y12: 473.6 | Z12: 758.6 | AA12: 758.8 | AB12: 806 | AC12: 650.6 | AD12: 841.6 | AE12: 892.4 | AF12: 955.4 | AG12: 705.8 | AH12: 661.8 | AI12: 650.4 | AJ12: 700 | AK12: 60.6 | AL12: 394 | AM12: =IFERROR(AL12/AJ12,0) -> 0.56285714 | AN12: =+AK12+AL12 -> 454.6 | AO12: =IFERROR(+AN12/AJ12,0) -> 0.64942857
A13: REBOZADOS DE VEGETALES - ARG | B13: Cordoba | C13: MARCELO VEGA | D13: SCHAIGORODSKY IGNACIO | E13: 39.6 | F13: 99 | K13: 447.4 | L13: 196.8 | M13: 520.8 | N13: 239 | O13: 408.8 | P13: 444.8 | Q13: 233.6 | R13: 246 | S13: 158.2 | T13: 447.2 | U13: 379.8 | V13: 489.6 | W13: 506.6 | X13: 498.6 | Y13: 531.2 | Z13: 1757.6 | AA13: 1052.4 | AB13: 890.2 | AC13: 697.2 | AD13: 821.2 | AE13: 752.4 | AF13: 762 | AG13: 405 | AH13: 651 | AI13: 702.2 | AJ13: 500 | AK13: 16.2 | AL13: 374 | AM13: =IFERROR(AL13/AJ13,0) -> 0.748 | AN13: =+AK13+AL13 -> 390.2 | AO13: =IFERROR(+AN13/AJ13,0) -> 0.7804
A14: REBOZADOS DE VEGETALES - ARG | B14: Cordoba | C14: MARCELO VEGA | D14: FELLINI FERNANDO JOSE MARIA | E14: 212 | F14: 295.8 | G14: 650.2 | H14: 107 | I14: 0 | J14: 629.2 | K14: 275.8 | L14: 321.4 | M14: 124.6 | N14: 166.6 | O14: 0 | P14: 0 | Q14: 0 | R14: 0 | S14: 0 | T14: 0 | U14: 0 | V14: 0 | W14: 0 | X14: 0 | Y14: 0 | Z14: 0 | AA14: 0 | AB14: 0 | AC14: 0 | AD14: 0 | AE14: 0 | AF14: 0 | AG14: 0 | AH14: 0 | AI14: 0 | AK14: 0 | AL14: 0 | AM14: =IFERROR(AL14/AJ14,0) -> 0 | AN14: =+AK14+AL14 -> 0 | AO14: =IFERROR(+AN14/AJ14,0) -> 0
A15: REBOZADOS DE VEGETALES - ARG | B15: Cordoba | C15: MARCELO VEGA | D15: ORGAZ GUSTAVO EMANUEL | E15: 521.8 | F15: 563.8 | G15: 903.6 | H15: 230.2 | I15: 0 | J15: 1105.4 | K15: 294.6 | L15: 378.6 | M15: 705.8 | N15: 260.8 | O15: 251.6 | P15: 441.6 | Q15: 128 | R15: 347.2 | S15: 224.6 | T15: 451.8 | U15: 587.2 | V15: 492.8 | W15: 325.2 | X15: 437.8 | Y15: 506.8 | Z15: 1164.2 | AA15: 1186.2 | AB15: 911.6 | AC15: 1059.6 | AD15: 847.6 | AE15: 448.2 | AF15: 698.6 | AG15: 629.2 | AH15: 495.6 | AI15: 487.8 | AJ15: 600 | AK15: 195.8 | AL15: 520.4 | AM15: =IFERROR(AL15/AJ15,0) -> 0.86733333 | AN15: =+AK15+AL15 -> 716.2 | AO15: =IFERROR(+AN15/AJ15,0) -> 1.1936667
A16: REBOZADOS DE VEGETALES - ARG | B16: Patagonia | C16: MARCELO VEGA | D16: ALONSO GUSTAVO DANIEL | E16: 563.6 | F16: 737.4 | G16: 591.6 | H16: 266.2 | I16: 87.4 | J16: 935.6 | K16: 638.2 | L16: 528.8 | M16: 358.8 | N16: 145.4 | O16: 361 | P16: 474.2 | Q16: 263 | R16: 557.8 | S16: 330.6 | T16: 432 | U16: 413.2 | V16: 620 | W16: 595.4 | X16: 277 | Y16: 1214.2 | Z16: 2846.4 | AA16: 2136.6 | AB16: 1292 | AC16: 1745.4 | AD16: 1479.2 | AE16: 1684.6 | AF16: 1538.4 | AG16: 748 | AH16: 1208.6 | AI16: 1429.2 | AJ16: 1300 | AK16: 500.8 | AL16: 1070 | AM16: =IFERROR(AL16/AJ16,0) -> 0.82307692 | AN16: =+AK16+AL16 -> 1570.8 | AO16: =IFERROR(+AN16/AJ16,0) -> 1.2083077
A17: REBOZADOS DE VEGETALES - ARG | B17: Patagonia | C17: MARCELO VEGA | D17: VILOTTA SEBASTIAN | E17: 1101.6 | F17: 1215.4 | G17: 1124.6 | H17: 816 | I17: 0 | J17: 1009.8 | K17: 1344.2 | L17: 553.2 | M17: 1353.8 | N17: 488.6 | O17: 304.4 | P17: 1420.6 | Q17: 921.4 | R17: 587.6 | S17: 575.8 | T17: 243.4 | U17: 336 | V17: 194.2 | W17: 605.8 | X17: 444.8 | Y17: 777.6 | Z17: 2169.6 | AA17: 608.4 | AB17: 654.8 | AC17: 1358.4 | AD17: 616.2 | AE17: 829.4 | AF17: 719.4 | AG17: 539.2 | AH17: 872.6 | AI17: 812.2 | AJ17: 800 | AK17: 11.2 | AL17: 315 | AM17: =IFERROR(AL17/AJ17,0) -> 0.39375 | AN17: =+AK17+AL17 -> 326.2 | AO17: =IFERROR(+AN17/AJ17,0) -> 0.40775
A18: REBOZADOS DE VEGETALES - ARG | D18: Subtotal Distribuidores Interior | E18: =+SUM(E3:E17) -> 8652.8 | F18: =+SUM(F3:F17) -> 10284.2 | G18: =+SUM(G3:G17) -> 8906.8 | H18: =+SUM(H3:H17) -> 5130.4 | I18: =+SUM(I3:I17) -> 993.6 | J18: =+SUM(J3:J17) -> 11621.8 | K18: =+SUM(K3:K17) -> 6656.2 | L18: =+SUM(L3:L17) -> 5808.2 | ... AD18: =+SUM(AD3:AD17) -> 11085.4 | AE18: 10381.4 | AF18: 10735.4 | AG18: 7850.8 | AH18: 7967.8 | AI18: 8935.6 | AJ18: 9000 | AK18: =+SUM(AK3:AK17) -> 1490.6 | AL18: =+SUM(AL3:AL17) -> 6040 | AM18: =IFERROR(AL18/AJ18,0) -> 0.67111111 | AN18: =+SUM(AN3:AN17) -> 7530.6 | AO18: =IFERROR(+AN18/AJ18,0) -> 0.83673333
A19: REBOZADOS DE VEGETALES - ARG | B19: Interior - Cadenas | C19: JUAN BESSONE | D19: CABARDOS CLAUDIO SANTIAGO | E19: 807.4 | F19: 404.2 | G19: 515.8 | H19: 545.4 | I19: -14 | J19: 166.6 | K19: 732.8 | L19: 407.6 | M19: 632.6 | N19: 83.8 | O19: 257.2 | P19: 428.8 | Q19: 117.4 | R19: 339.8 | S19: 216.6 | T19: 362 | U19: 678.6 | V19: 342.6 | W19: 335.2 | X19: 585.4 | Y19: 748.4 | Z19: 1136.8 | AA19: 1248.2 | AB19: 894.6 | AC19: 1082.2 | AD19: 780 | AE19: 760.2 | AF19: 957 | AG19: 259.2 | AH19: 756.4 | AI19: 553.4 | AJ19: 600 | AK19: 15.6 | AL19: 745 | AM19: =IFERROR(AL19/AJ19,0) -> 1.2416667 | AN19: =+AK19+AL19 -> 760.6 | AO19: =IFERROR(+AN19/AJ19,0) -> 1.2676667
A20: REBOZADOS DE VEGETALES - ARG | B20: Interior - Cadenas | C20: JUAN BESSONE | D20: MEINERI JOSE MARIA | E20: 3115.4 | F20: 2634 | G20: 1944.6 | H20: 1791.8 | I20: -5.8 | J20: 2293.6 | K20: 1791.8 | L20: 2016 | M20: 1948.8 | N20: 1952.8 | O20: 1088.4 | P20: 1183.8 | Q20: 1435.2 | R20: 1724.6 | S20: 861.2 | T20: 2369 | U20: 1810.8 | V20: 1913 | W20: 1829.6 | X20: 2090 | Y20: 2166.6 | Z20: 2936.8 | AA20: 1111.2 | AB20: 1600.2 | AC20: 2491.4 | AD20: 1688 | AE20: 2876.8 | AF20: 1647 | AG20: 2877.8 | AH20: 2939.2 | AI20: 1516.2 | AJ20: 2900 | AK20: 357.8 | AL20: 1975.2 | AM20: =IFERROR(AL20/AJ20,0) -> 0.68110345 | AN20: =+AK20+AL20 -> 2333 | AO20: =IFERROR(+AN20/AJ20,0) -> 0.80448276
A21: REBOZADOS DE VEGETALES - ARG | B21: Interior - Cadenas | C21: JUAN BESSONE | D21: FERNANDEZ JORGE OSCAR | E21: 1444.2 | F21: 2770 | G21: 1220 | H21: 1334.8 | I21: 475.4 | J21: 518.2 | K21: 3670.4 | L21: 906 | M21: 1146.8 | N21: 1142 | O21: 779 | P21: 1280.8 | Q21: 1383.4 | R21: 1417.2 | S21: 563.2 | T21: 903.2 | U21: 1003.6 | V21: 885 | W21: 1023.2 | X21: 1472.8 | Y21: 1552 | Z21: 1694.6 | AA21: 2060.8 | AB21: 1924.6 | AC21: 1553.4 | AD21: 1185.4 | AE21: 1471.8 | AF21: 1009.4 | AG21: 1318.6 | AH21: 1236.8 | AI21: 1549.8 | AJ21: 1500 | AK21: 249.2 | AL21: 1232.4 | AM21: =IFERROR(AL21/AJ21,0) -> 0.8216 | AN21: =+AK21+AL21 -> 1481.6 | AO21: =IFERROR(+AN21/AJ21,0) -> 0.98773333
A22: REBOZADOS DE VEGETALES - ARG | D22: Subtotal Regionales Interior | E22: =+SUM(E19:E21) -> 5367 | F22: =+SUM(F19:F21) -> 5808.2 | G22: =+SUM(G19:G21) -> 3680.4 | H22: =+SUM(H19:H21) -> 3672 | I22: =+SUM(I19:I21) -> 455.6 | J22: =+SUM(J19:J21) -> 2978.4 | K22: =+SUM(K19:K21) -> 6195 | L22: =+SUM(L19:L21) -> 3329.6 | ... R22: =+SUM(R19:R21) -> 3481.6 | S22: 1641 | T22: =+SUM(T19:T21) -> 3634.2 | U22: =+SUM(U19:U21) -> 3493 | V22: =+SUM(V19:V21) -> 3140.6 | W22: 3188 | X22: =+SUM(X19:X21) -> 4148.2 | Y22: 4467 | Z22: 5768.2 | AA22: 4420.2 | AB22: 4419.4 | AC22: 5127 | AD22: 3653.4 | AE22: 5108.8 | AF22: 3613.4 | AG22: 4455.6 | AH22: 4932.4 | AI22: 3619.4 | AJ22: 5000 | AK22: =+SUM(AK19:AK21) -> 622.6 | AL22: =+SUM(AL19:AL21) -> 3952.6 | AM22: =IFERROR(AL22/AJ22,0) -> 0.79052 | AN22: =+SUM(AN19:AN21) -> 4575.2 | AO22: =IFERROR(+AN22/AJ22,0) -> 0.91504
A23: REBOZADOS DE VEGETALES - ARG | B23: Capital | C23: FEDERICO JACUM | D23: VELAZQUEZ JONATAN WALTER | E23: 866.2 | F23: 1157.6 | G23: 447.6 | H23: 209 | I23: 449.8 | J23: 1108.6 | K23: 322.2 | L23: 208.4 | M23: 513.8 | N23: 328.4 | O23: 535 | P23: 346.6 | Q23: 171.2 | R23: 428.2 | S23: 558.6 | T23: 284.8 | U23: 709.6 | V23: 679.6 | W23: 168.4 | X23: 427 | Y23: 587.6 | Z23: 851.2 | AA23: 1085.8 | AB23: 736 | AC23: 817.6 | AD23: 677.4 | AE23: 538.2 | AF23: 587.6 | AG23: 201 | AH23: 283.6 | AI23: 362 | AJ23: 600 | AK23: 64 | AL23: 155.6 | AM23: =IFERROR(AL23/AJ23,0) -> 0.25933333 | AN23: =+AK23+AL23 -> 219.6 | AO23: =IFERROR(+AN23/AJ23,0) -> 0.366
A24: REBOZADOS DE VEGETALES - ARG | B24: GBA (Oeste) | C24: FEDERICO JACUM | D24: TAPIA NERINA MARIELA | E24: 1621.4 | F24: 1402.2 | G24: 1010.4 | H24: 790.8 | I24: 259 | J24: 1724 | K24: 1112.6 | L24: 1204.4 | M24: 1209 | N24: 878.6 | O24: 547.4 | P24: 431 | Q24: 974.2 | R24: 372 | S24: 696.4 | T24: 849.8 | U24: 1131 | V24: 1148 | W24: 953.4 | X24: 1016.8 | Y24: 911.8 | Z24: 2617.6 | AA24: 2229.8 | AB24: 1333.6 | AC24: 1475.2 | AD24: 977.6 | AE24: 1318.6 | AF24: 688.2 | AG24: 1216.6 | AH24: 806.8 | AI24: 1159.4 | AJ24: 1000 | AK24: 0 | AL24: 532.2 | AM24: =IFERROR(AL24/AJ24,0) -> 0.5322 | AN24: =+AK24+AL24 -> 532.2 | AO24: =IFERROR(+AN24/AJ24,0) -> 0.5322
A25: REBOZADOS DE VEGETALES - ARG | B25: GBA (Sur) | C25: FEDERICO JACUM | D25: VINCZE CINTIA LORENA | E25: 1229 | F25: 1327 | G25: 1200 | H25: 761.2 | I25: -173.2 | J25: 1206 | K25: 1123 | L25: 945 | M25: 1124 | N25: 908 | O25: 460 | P25: 483 | Q25: 721 | R25: 693 | S25: 314 | T25: 745 | U25: 763 | V25: 665 | W25: 659 | X25: 577 | Y25: 694 | Z25: 1039 | AA25: 859 | AB25: 903 | AC25: 885 | AD25: 851.8 | AE25: 685.6 | AF25: 853.4 | AG25: 793.2 | AH25: 577.4 | AI25: 453.2 | AJ25: 800 | AK25: 155.6 | AL25: 536 | AM25: =IFERROR(AL25/AJ25,0) -> 0.67 | AN25: =+AK25+AL25 -> 691.6 | AO25: =IFERROR(+AN25/AJ25,0) -> 0.8645
A26: REBOZADOS DE VEGETALES - ARG | B26: GBA (Sur) | C26: FEDERICO JACUM | D26: GOMEZ OURAL ALBERTO | E26: 1222 | F26: 1701 | G26: 873 | H26: 366 | I26: 781 | J26: 979.8 | K26: 748 | L26: 822 | M26: 353 | N26: 662.8 | O26: 594 | P26: 640 | Q26: 483 | R26: 512 | S26: 547 | T26: 803 | U26: 361 | V26: 652 | W26: 279.4 | X26: 722 | Y26: 291 | Z26: 1716 | AA26: 832 | AB26: 746 | AC26: 957.4 | AD26: 743.4 | AE26: 516.6 | AF26: 497.8 | AG26: 217.8 | AH26: 631.4 | AI26: 577.8 | AJ26: 600 | AK26: 0 | AL26: 192 | AM26: =IFERROR(AL26/AJ26,0) -> 0.32 | AN26: =+AK26+AL26 -> 192 | AO26: =IFERROR(+AN26/AJ26,0) -> 0.32
A27: REBOZADOS DE VEGETALES - ARG | B27: Costa | C27: FEDERICO JACUM | D27: MARTINO FLAVIO | E27: 830 | F27: 482 | G27: 431 | H27: 383.6 | I27: 94.4 | J27: 1413 | K27: 868.8 | L27: 279 | M27: 624.6 | N27: 105 | O27: 424.6 | P27: 115.2 | Q27: 467.8 | R27: 449.6 | S27: 220 | T27: 181.6 | U27: 364.6 | V27: 784.8 | W27: 721.6 | X27: 260.8 | Y27: 276 | Z27: 1008.2 | AA27: 808.6 | AB27: 785.6 | AC27: 705.6 | AD27: 505.6 | AE27: 567.8 | AF27: 353.2 | AG27: 358.2 | AH27: 952.2 | AI27: 760.6 | AJ27: 500 | AK27: 36.4 | AL27: 444.8 | AM27: =IFERROR(AL27/AJ27,0) -> 0.8896 | AN27: =+AK27+AL27 -> 481.2 | AO27: =IFERROR(+AN27/AJ27,0) -> 0.9624
A28: REBOZADOS DE VEGETALES - ARG | D28: Subtotal Distribuidores GBA y Costa | E28: =+SUM(E23:E27) -> 5768.6 | F28: =+SUM(F23:F27) -> 6069.8 | G28: =+SUM(G23:G27) -> 3962 | H28: =+SUM(H23:H27) -> 2510.6 | I28: =+SUM(I23:I27) -> 1411 | J28: =+SUM(J23:J27) -> 6431.4 | K28: =+SUM(K23:K27) -> 4174.6 | L28: =+SUM(L23:L27) -> 3458.8 | ... AD28: =+SUM(AD23:AD27) -> 3755.8 | AE28: 3626.8 | AF28: 2980.2 | AG28: 2786.8 | AH28: 3251.4 | AI28: 3313 | AJ28: 3500 | AK28: =+SUM(AK23:AK27) -> 256 | AL28: =+SUM(AL23:AL27) -> 1860.6 | AM28: =IFERROR(AL28/AJ28,0) -> 0.5316 | AN28: =+SUM(AN23:AN27) -> 2116.6 | AO28: =IFERROR(+AN28/AJ28,0) -> 0.60474286
A29: REBOZADOS DE VEGETALES - ARG | B29: Patagonia / Costa - Cadenas | C29: FEDERICO JACUM | D29: VAL JULIAN | E29: 2187 | F29: 1278.2 | G29: 2437 | H29: 1105.8 | I29: -2.4 | J29: 107.2 | K29: 250.4 | L29: 730.4 | M29: 524.8 | N29: 519 | O29: 571.6 | P29: 463.2 | Q29: 1565 | R29: 1148.4 | S29: 874 | T29: 1016.6 | U29: 1034 | V29: 627.4 | W29: 1426.8 | X29: 741 | Y29: 189.4 | Z29: 604.2 | AA29: 391.2 | AB29: 203.4 | AC29: 535.2 | AD29: 318.6 | AE29: -1 | AF29: 85.2 | AG29: 249.2 | AH29: 328.2 | AI29: 298.2 | AJ29: 500 | AK29: 59 | AL29: 42.6 | AM29: =IFERROR(AL29/AJ29,0) -> 0.0852 | AN29: =+AK29+AL29 -> 101.6 | AO29: =IFERROR(+AN29/AJ29,0) -> 0.2032 | AP29: 100088964 | AQ29: RAMOS LUCIANO ALEJANDRO
A30: REBOZADOS DE VEGETALES - ARG | D30: Subtotal Regionales GBA, Costa y Patagonia | E30: =+SUM(E29) -> 2187 | F30: =+SUM(F29) -> 1278.2 | G30: =+SUM(G29) -> 2437 | H30: =+SUM(H29) -> 1105.8 | I30: =+SUM(I29) -> -2.4 | J30: =+SUM(J29) -> 107.2 | K30: =+SUM(K29) -> 250.4 | L30: =+SUM(L29) -> 730.4 | ... R30: =+SUM(R29) -> 1148.4 | S30: 874 | T30: =+SUM(T29) -> 1016.6 | U30: =+SUM(U29) -> 1034 | V30: =+SUM(V29) -> 627.4 | W30: 1426.8 | X30: =+SUM(X29) -> 741 | Y30: 189.4 | Z30: 604.2 | AA30: 391.2 | AB30: 203.4 | AC30: 535.2 | AD30: 318.6 | AE30: -1 | AF30: 85.2 | AG30: 249.2 | AH30: 328.2 | AI30: 298.2 | AJ30: 500 | AK30: =+SUM(AK29) -> 59 | AL30: =+SUM(AL29) -> 42.6 | AM30: =IFERROR(AL30/AJ30,0) -> 0.0852 | AN30: =+SUM(AN29) -> 101.6 | AO30: =IFERROR(+AN30/AJ30,0) -> 0.2032
A31: REBOZADOS DE VEGETALES - ARG | B31: Gastronomia | C31: HERNAN DUARTE | D31: RAMIREZ ARIEL SEBASTIAN | E31: 14 | F31: 65.2 | G31: 0 | H31: 0 | I31: 0 | J31: 28 | K31: 0 | L31: 53.6 | M31: 42 | N31: 0 | O31: 0 | P31: 14 | Q31: 14 | R31: 28 | S31: 0 | T31: 0 | U31: 0 | V31: 0 | W31: 28 | X31: 0 | Y31: 0 | Z31: 222.2 | AA31: 225.6 | AB31: 58 | AC31: 186.4 | AD31: 57.6 | AE31: 78 | AF31: 20.4 | AG31: 21 | AH31: 62 | AI31: 23.2 | AJ31: 0 | AK31: 0 | AL31: 5.4 | AM31: =IFERROR(AL31/AJ31,0) -> 0 | AN31: =+AK31+AL31 -> 5.4 | AO31: =IFERROR(+AN31/AJ31,0) -> 0
A32: REBOZADOS DE VEGETALES - ARG | B32: Gastronomia | C32: HERNAN DUARTE | D32: DUARTE HERNAN | E32: 0 | F32: 0 | G32: 0 | H32: 0 | I32: 0 | J32: 0 | K32: 0 | L32: 0 | M32: 0 | N32: 0 | O32: 0 | P32: 0 | Q32: 0 | R32: 0 | S32: 0 | T32: 0 | U32: 12.8 | V32: 0 | W32: 0 | X32: 0 | Y32: 0 | Z32: 0 | AA32: 0 | AB32: 0 | AC32: 0 | AD32: 0 | AE32: 0 | AF32: 0 | AG32: 0 | AH32: 0 | AI32: 0 | AJ32: 0 | AK32: 0 | AL32: 0 | AM32: =IFERROR(AL32/AJ32,0) -> 0 | AN32: =+AK32+AL32 -> 0 | AO32: =IFERROR(+AN32/AJ32,0) -> 0 | AP32: VACANTE DIRECTO FOOD SERVICE IND
A33: REBOZADOS DE VEGETALES - ARG | D33: Subtotal Gastronomía | E33: 14 | F33: 65.2 | G33: 0 | H33: 0 | I33: 0 | J33: 28 | K33: 0 | L33: 53.6 | M33: 42 | N33: 0 | O33: 0 | P33: 14 | Q33: 14 | R33: 28 | S33: 0 | T33: 0 | U33: 12.8 | V33: 0 | W33: 28 | X33: 0 | Y33: 0 | Z33: 222.2 | AA33: 225.6 | AB33: 58 | AC33: 186.4 | AD33: 57.6 | AE33: 78 | AF33: 20.4 | AG33: 21 | AH33: 62 | AI33: 23.2 | AJ33: 0 | AK33: =+AK31+AK32 -> 0 | AL33: =+AL31+AL32 -> 5.4 | AM33: =IFERROR(AL33/AJ33,0) -> 0 | AN33: =+AN31+AN32 -> 5.4 | AO33: =IFERROR(+AN33/AJ33,0) -> 0
A34: REBOZADOS DE VEGETALES - ARG | B34: Mayoristas | C34: PABLO ANDREACCHIO | D34: ARUANNO PARODI MARIA NOEL | AJ34: 0 | AK34: 0
A35: REBOZADOS DE VEGETALES - ARG | B35: Mayoristas | C35: ARUANNO PARODI MARIA NOEL | D35: MENDEZ NAVARRO MARIA ALEJANDRA | E35: 4075 | F35: 3730.2 | G35: 5131 | H35: 3022 | I35: ARUANNO PARODI MARIA NOEL | J35: 5902.4 | K35: 472 | L35: 662.6 | M35: 452.8 | N35: 472.6 | O35: 468.2 | P35: 717 | Q35: 456.4 | R35: 1292.2 | S35: 886 | T35: 520 | U35: 750.2 | V35: 724.6 | W35: 1334 | X35: 679 | Y35: 1440.6 | Z35: 1500.4 | AA35: 800.6 | AB35: 2399 | AC35: 1442.2 | AD35: 1186.2 | AE35: 1780.8 | AF35: 1600.8 | AG35: 1688.4 | AH35: 1824.8 | AI35: 1788.2 | AJ35: 1900 | AK35: 565.6 | AL35: 631 | AM35: =IFERROR(AL35/AJ35,0) -> 0.33210526 | AN35: =+AK35+AL35 -> 1196.6 | AO35: =IFERROR(+AN35/AJ35,0) -> 0.62978947
A36: REBOZADOS DE VEGETALES - ARG | B36: Mayoristas | C36: ARUANNO PARODI MARIA NOEL | D36: RAMONDINO LEONARDO ERNESTO | T36: 227 | U36: 268 | V36: 134 | W36: 313 | X36: 58 | Y36: 410 | Z36: 309 | AA36: 176.4 | AB36: 701.2 | AC36: -21.2 | AD36: 120 | AE36: 0 | AF36: 372 | AG36: 58 | AH36: 309.8 | AI36: 20.8 | AJ36: 100 | AK36: 216.4 | AL36: 183.8 | AM36: =IFERROR(AL36/AJ36,0) -> 1.838 | AN36: =+AK36+AL36 -> 400.2 | AO36: =IFERROR(+AN36/AJ36,0) -> 4.002 | AP36: 100002258
A37: REBOZADOS DE VEGETALES - ARG | D37: Subtotal Mayoristas | E37: 4075 | F37: 3730.2 | G37: 5131 | H37: 3022 | I37: 1407 | J37: 5902.4 | K37: 472 | L37: 662.6 | M37: 452.8 | N37: 472.6 | O37: 468.2 | P37: 717 | Q37: 456.4 | R37: 1292.2 | S37: 886 | T37: 747 | U37: 1018.2 | V37: 858.6 | W37: 1647 | X37: 737 | Y37: 1850.6 | Z37: 1809.4 | AA37: 977 | AB37: 3100.2 | AC37: 1421 | AD37: 1306.2 | AE37: 1780.8 | AF37: 1972.8 | AG37: 1746.4 | AH37: 2134.6 | AI37: 1809 | AJ37: 2000 | AK37: =+SUM(AK34:AK36) -> 782 | AL37: =+SUM(AL34:AL36) -> 814.8 | AM37: =IFERROR(AL37/AJ37,0) -> 0.4074 | AN37: =+SUM(AN34:AN36) -> 1596.8 | AO37: =IFERROR(+AN37/AJ37,0) -> 0.7984
A38: REBOZADOS DE VEGETALES - ARG | B38: GBA - Cadenas | C38: ARUANNO PARODI MARIA NOEL | D38: BRION SEBASTIAN | E38: 1360.8 | F38: 79 | G38: 1029 | H38: 2041.6 | I38: 0 | J38: 0 | K38: 0 | L38: 0 | M38: 0 | N38: 58 | O38: 63.8 | P38: 40.6 | Q38: 34.8 | R38: 58.2 | S38: 5.8 | T38: 185.6 | U38: 55.8 | V38: 56.8 | W38: -17.4 | X38: 141.6 | Y38: 59.2 | Z38: 188 | AA38: 73.8 | AB38: 223.6 | AC38: 197.6 | AD38: 197 | AE38: 195.4 | AF38: 213.6 | AG38: 113.6 | AH38: 253.8 | AI38: 115.2 | AJ38: 200 | AK38: 41.4 | AL38: 72.2 | AM38: =IFERROR(AL38/AJ38,0) -> 0.361 | AN38: =+AK38+AL38 -> 113.6 | AO38: =IFERROR(+AN38/AJ38,0) -> 0.568 | AP38: 100001914 | AQ38: 100001979 | AR38: 100086833
B39: DBU - BAS | C39: RAMONDINO LEONARDO ERNESTO | D39: DELIVERY HERO E-COMMERCE S. A. | AE39: 0 | AF39: 0 | AG39: 0 | AH39: 0 | AI39: 0 | AJ39: 0 | AK39: 0 | AL39: 0 | AM39: =IFERROR(AL39/AJ39,0) -> 0 | AN39: =+AK39+AL39 -> 0 | AO39: =IFERROR(+AN39/AJ39,0) -> 0
A40: REBOZADOS DE VEGETALES - ARG | B40: DBU - BAS | C40: RAMONDINO LEONARDO ERNESTO | D40: COTO CENTRO INTEGRAL DE COMERCIALIZACON S A | E40: 0 | F40: 0 | G40: 0 | H40: 0 | I40: 0 | J40: 0 | K40: 0 | L40: 0 | M40: 0 | N40: 0 | O40: 0 | P40: 0 | Q40: 0 | R40: 0 | S40: 890 | T40: 825.2 | U40: 1517 | V40: 430 | W40: 577.6 | X40: 983 | Y40: 1094.8 | Z40: 1303.8 | AA40: 736.4 | AB40: 2455 | AC40: 1799.2 | AD40: 1154.8 | AE40: 1331.8 | AF40: 2268 | AG40: 1495.8 | AH40: 3758.6 | AI40: 1084.6 | AJ40: 2700 | AK40: 573.8 | AL40: 1683.8 | AM40: =IFERROR(AL40/AJ40,0) -> 0.62362963 | AN40: =+AK40+AL40 -> 2257.6 | AO40: =IFERROR(+AN40/AJ40,0) -> 0.83614815
A41: REBOZADOS DE VEGETALES - ARG | B41: DBU - BAS | C41: BRION SEBASTIAN | D41: S A IMPORTADORA Y EXPORTADORA DE LA PATAGONIA | E41: 3586 | F41: 2816 | G41: 3454 | H41: 545.2 | I41: 0 | J41: 1429 | K41: 5569 | L41: 763 | M41: 1616 | N41: 770 | O41: 2816 | P41: 638 | Q41: 1627 | R41: 100.8 | S41: 1112.2 | T41: 1870 | U41: 2046 | V41: 862 | W41: 1366 | X41: 1408 | Y41: 1408 | Z41: 0 | AA41: 1147.8 | AB41: 1988.8 | AC41: 1112.4 | AD41: 1870 | AE41: 2108 | AF41: 1436 | AG41: 580 | AH41: 1832.6 | AI41: 908 | AJ41: 2200 | AK41: 0 | AL41: 1870 | AM41: =IFERROR(AL41/AJ41,0) -> 0.85 | AN41: =+AK41+AL41 -> 1870 | AO41: =IFERROR(+AN41/AJ41,0) -> 0.85
A42: REBOZADOS DE VEGETALES - ARG | B42: DBU - BAS | C42: RODRIGUEZ JUDITH | D42: INC SOCIEDAD ANONIMA | E42: 2795.6 | F42: 2586.8 | G42: 3349.2 | H42: 3430 | I42: -32.6 | J42: 41.8 | K42: 5249 | L42: 3104 | M42: 228.4 | N42: 702.2 | O42: 1114 | P42: 16.2 | Q42: 626.4 | R42: 2084.8 | S42: 2102 | T42: 1241.2 | U42: 918.6 | V42: 330.6 | W42: 649.6 | X42: 690.2 | Y42: 788.8 | Z42: 852.6 | AA42: 701.8 | AB42: 585.8 | AC42: 2530.6 | AD42: 1035 | AE42: 819 | AF42: 955.2 | AG42: 938.8 | AH42: 1734.2 | AI42: 1505.4 | AJ42: 2600 | AK42: 153.2 | AL42: 1008.6 | AM42: =IFERROR(AL42/AJ42,0) -> 0.38792308 | AN42: =+AK42+AL42 -> 1161.8 | AO42: =IFERROR(+AN42/AJ42,0) -> 0.44684615
A43: REBOZADOS DE VEGETALES - ARG | B43: DBU - BAS | C43: RODRIGUEZ JUDITH | D43: DIA ARGENTINA S.A. | E43: 0 | F43: 0 | G43: 0 | H43: 0 | I43: 0 | J43: 0 | K43: 0 | L43: 0 | M43: 0 | N43: 0 | O43: 0 | P43: 0 | Q43: 0 | R43: 0 | S43: 0 | T43: 0 | U43: 0 | V43: 0 | W43: 0 | X43: 0 | Y43: 0 | Z43: 0 | AA43: 0 | AB43: 0 | AC43: 0 | AD43: 0 | AE43: 0 | AF43: 0 | AG43: 0 | AH43: 0 | AI43: 0 | AJ43: 0 | AK43: 0 | AL43: 0 | AM43: =IFERROR(AL43/AJ43,0) -> 0 | AN43: =+AK43+AL43 -> 0 | AO43: =IFERROR(+AN43/AJ43,0) -> 0
A44: REBOZADOS DE VEGETALES - ARG | B44: DBU - BAS | C44: BRION SEBASTIAN | D44: DORINKA S.R.L. | E44: 88 | F44: 1142.8 | G44: 739.6 | H44: 103.4 | I44: 0 | J44: 0 | K44: 742 | L44: 0 | M44: 21 | N44: 51.2 | O44: 1353.2 | P44: 252.8 | Q44: 219.8 | R44: 154.6 | S44: 556.4 | T44: 139.2 | U44: 131.2 | V44: 756 | W44: 95.2 | X44: 274 | Y44: 585.6 | Z44: 628.8 | AA44: 81.2 | AB44: 122.2 | AC44: 95.4 | AD44: 183.6 | AE44: 1665 | AF44: 341.6 | AG44: 318 | AH44: 580.8 | AI44: 516.4 | AJ44: 800 | AK44: 57.8 | AL44: -239.8 | AM44: =IFERROR(AL44/AJ44,0) -> -0.29975 | AN44: =+AK44+AL44 -> -182 | AO44: =IFERROR(+AN44/AJ44,0) -> -0.2275
A45: REBOZADOS DE VEGETALES - ARG | B45: DBU - BAS | C45: RAMONDINO LEONARDO ERNESTO | D45: CENCOSUD S A | E45: 2097.8 | F45: 2044.6 | G45: 1325.8 | H45: 947.6 | I45: -165.6 | J45: 0 | K45: 982.4 | L45: 436.4 | M45: 581.4 | N45: 426 | O45: 204.8 | P45: 231.4 | Q45: 273.4 | R45: 267.6 | S45: 264.2 | T45: 223.2 | U45: 335.2 | V45: 164 | W45: 562.4 | X45: 326.8 | Y45: 518 | Z45: 534.6 | AA45: 296 | AB45: 288.2 | AC45: 330 | AD45: 302.8 | AE45: 322.6 | AF45: 247.4 | AG45: 267.8 | AH45: 270 | AI45: 344.2 | AJ45: 500 | AK45: 160 | AL45: 231.6 | AM45: =IFERROR(AL45/AJ45,0) -> 0.4632 | AN45: =+AK45+AL45 -> 391.6 | AO45: =IFERROR(+AN45/AJ45,0) -> 0.7832
A46: REBOZADOS DE VEGETALES - ARG | D46: Subtotal Cadenas Nacionales | E46: =+SUM(E38:E45) -> 9928.2 | F46: =+SUM(F38:F45) -> 8669.2 | G46: =+SUM(G38:G45) -> 9897.6 | H46: =+SUM(H38:H45) -> 7067.8 | I46: =+SUM(I38:I45) -> -198.2 | J46: =+SUM(J38:J45) -> 1470.8 | K46: =+SUM(K38:K45) -> 12542.4 | L46: =+SUM(L38:L45) -> 4303.4 | ... AD46: =+SUM(AD38:AD45) -> 4743.2 | AE46: 6441.8 | AF46: 5461.8 | AG46: 3714 | AH46: 8430 | AI46: 4473.8 | AJ46: 9000 | AK46: =SUM(AK38:AK45) -> 986.2 | AL46: =SUM(AL38:AL45) -> 4626.4 | AM46: =IFERROR(AL46/AJ46,0) -> 0.51404444 | AN46: =+AK46+AL46 -> 5612.6 | AO46: =IFERROR(+AN46/AJ46,0) -> 0.62362222
