Workbook

Sheet DINAMICA ENERO 26
B2: MES: | C2: 46054
E4: CHORIZOS | H4: PAPAS | K4: VEGGIES | N4: RB (kids + crunchies) | Q4: UNT (picante/jalapeño) | T4: MILANESITAS | W4: ATUN
B5: Jefe | C5: NOM VENDEDOR | D5: NOM CENTRALIZADOR | E5: 'Compradores (C) | F5: 'No Compradores (C) | G5: Cobertura (C) | H5: Compradores (P) | I5: No Compradores (P) | J5: Cobertura (P) | K5: Compradores (V) | L5: No Compradores (V) | M5: Cobertura (V) | N5: Compradores (RB) | O5: No Compradores (RB | P5: Cobertura (RB) | Q5: Compradores (UNT) | R5: No compradores (UNT) | S5: Cobertura (UNT) | T5: Compradores (Mil.) | U5: No Compradores (Mil.) | V5: Cobertura (Mil.) | W5: Compradores (Atun) | X5: No compradores (Atun) | Y5: Cobertura (ATUN)
B6: ARUANNO PARODI MARIA NOEL | C6: MENDEZ NAVARRO MARIA ALEJANDRA | E6: 2 | F6: 0 | G6: 1 | H6: 4 | I6: 1 | J6: 0.8 | K6: 4 | L6: 1 | M6: 0.8 | N6: 5 | O6: 0 | P6: 1 | Q6: 2 | R6: 3 | S6: 0.4 | T6: 5 | U6: 0 | V6: 1 | W6: 0 | X6: 5 | Y6: 0
B7: ARUANNO PARODI MARIA NOEL | C7: RAMONDINO LEONARDO ERNESTO | E7: 2 | F7: 2 | G7: 0.5 | H7: 3 | I7: 1 | J7: 0.75 | K7: 3 | L7: 1 | M7: 0.75 | N7: 3 | O7: 1 | P7: 0.75 | Q7: 1 | R7: 3 | S7: 0.25 | T7: 2 | U7: 2 | V7: 0.5 | W7: 0 | X7: 4 | Y7: 0
B8: ARUANNO PARODI MARIA NOEL | C8: RODRIGUEZ JUDITH | E8: 0 | F8: 2 | G8: 0 | H8: 1 | I8: 1 | J8: 0.5 | K8: 1 | L8: 1 | M8: 0.5 | N8: 2 | O8: 0 | P8: 1 | Q8: 2 | R8: 0 | S8: 1 | T8: 1 | U8: 1 | V8: 0.5 | W8: 0 | X8: 2 | Y8: 0
B9: ARUANNO PARODI MARIA NOEL | C9: BRION SEBASTIAN | E9: 1 | F9: 3 | G9: 0.25 | H9: 3 | I9: 1 | J9: 0.75 | K9: 2 | L9: 2 | M9: 0.5 | N9: 3 | O9: 1 | P9: 0.75 | Q9: 2 | R9: 2 | S9: 0.5 | T9: 1 | U9: 3 | V9: 0.25 | W9: 0 | X9: 4 | Y9: 0
B10: Total ARUANNO PARODI MARIA NOEL | E10: 5 | F10: 7 | G10: 0.41666667 | H10: 11 | I10: 4 | J10: 0.73333333 | K10: 10 | L10: 5 | M10: 0.66666667 | N10: 13 | O10: 2 | P10: 0.86666667 | Q10: 7 | R10: 8 | S10: 0.46666667 | T10: 9 | U10: 6 | V10: 0.6 | W10: 0 | X10: 15 | Y10: 0
B11: BESSONE JUAN | C11: CABARDOS CLAUDIO SANTIAGO | E11: 4 | F11: 4 | G11: 0.5 | H11: 6 | I11: 2 | J11: 0.75 | K11: 5 | L11: 3 | M11: 0.625 | N11: 5 | O11: 3 | P11: 0.625 | Q11: 2 | R11: 6 | S11: 0.25 | T11: 3 | U11: 5 | V11: 0.375 | W11: 0 | X11: 8 | Y11: 0
B12: BESSONE JUAN | C12: FERNANDEZ JORGE OSCAR | E12: 1 | F12: 7 | G12: 0.125 | H12: 8 | I12: 0 | J12: 1 | K12: 8 | L12: 0 | M12: 1 | N12: 6 | O12: 2 | P12: 0.75 | Q12: 5 | R12: 3 | S12: 0.625 | T12: 4 | U12: 4 | V12: 0.5 | W12: 1 | X12: 7 | Y12: 0.125
B13: BESSONE JUAN | C13: MEINERI JOSE MARIA | E13: 3 | F13: 9 | G13: 0.25 | H13: 9 | I13: 3 | J13: 0.75 | K13: 6 | L13: 6 | M13: 0.5 | N13: 7 | O13: 5 | P13: 0.58333333 | Q13: 6 | R13: 6 | S13: 0.5 | T13: 4 | U13: 8 | V13: 0.33333333 | W13: 1 | X13: 11 | Y13: 0.083333333
B14: Total BESSONE JUAN | E14: 8 | F14: 20 | G14: 0.28571429 | H14: 23 | I14: 5 | J14: 0.82142857 | K14: 19 | L14: 9 | M14: 0.67857143 | N14: 18 | O14: 10 | P14: 0.64285714 | Q14: 13 | R14: 15 | S14: 0.46428571 | T14: 11 | U14: 17 | V14: 0.39285714 | W14: 2 | X14: 26 | Y14: 0.071428571
B15: DALLA VERDE RAMON ADRIAN | C15: APUD ALEXANDER DARIO | E15: 8 | F15: 7 | G15: 0.53333333 | H15: 9 | I15: 6 | J15: 0.6 | K15: 7 | L15: 8 | M15: 0.46666667 | N15: 11 | O15: 4 | P15: 0.73333333 | Q15: 7 | R15: 8 | S15: 0.46666667 | T15: 9 | U15: 6 | V15: 0.6 | W15: 3 | X15: 12 | Y15: 0.2
B16: DALLA VERDE RAMON ADRIAN | C16: FUNES ANDRES | E16: 10 | F16: 15 | G16: 0.4 | H16: 11 | I16: 14 | J16: 0.44 | K16: 11 | L16: 14 | M16: 0.44 | N16: 14 | O16: 11 | P16: 0.56 | Q16: 7 | R16: 18 | S16: 0.28 | T16: 11 | U16: 14 | V16: 0.44 | W16: 6 | X16: 19 | Y16: 0.24
B17: DALLA VERDE RAMON ADRIAN | C17: PAZ CARRANZA EDUARDO | E17: 5 | F17: 19 | G17: 0.20833333 | H17: 10 | I17: 14 | J17: 0.41666667 | K17: 4 | L17: 20 | M17: 0.16666667 | N17: 13 | O17: 11 | P17: 0.54166667 | Q17: 1 | R17: 23 | S17: 0.041666667 | T17: 4 | U17: 20 | V17: 0.16666667 | W17: 5 | X17: 19 | Y17: 0.20833333
B18: DALLA VERDE RAMON ADRIAN | C18: ROBLEDO JORGE LUIS | E18: 5 | F18: 14 | G18: 0.26315789 | H18: 8 | I18: 11 | J18: 0.42105263 | K18: 7 | L18: 12 | M18: 0.36842105 | N18: 8 | O18: 11 | P18: 0.42105263 | Q18: 3 | R18: 16 | S18: 0.15789474 | T18: 0 | U18: 19 | V18: 0 | W18: 2 | X18: 17 | Y18: 0.10526316
B19: DALLA VERDE RAMON ADRIAN | C19: SANCHEZ JUAN CARLOS | E19: 3 | F19: 11 | G19: 0.21428571 | H19: 5 | I19: 9 | J19: 0.35714286 | K19: 2 | L19: 12 | M19: 0.14285714 | N19: 7 | O19: 7 | P19: 0.5 | Q19: 0 | R19: 14 | S19: 0 | T19: 1 | U19: 13 | V19: 0.071428571 | W19: 1 | X19: 13 | Y19: 0.071428571
B20: DALLA VERDE RAMON ADRIAN | C20: SCARAFIA YAMIL HERMES | E20: 5 | F20: 10 | G20: 0.33333333 | H20: 6 | I20: 9 | J20: 0.4 | K20: 4 | L20: 11 | M20: 0.26666667 | N20: 5 | O20: 10 | P20: 0.33333333 | Q20: 2 | R20: 13 | S20: 0.13333333 | T20: 2 | U20: 13 | V20: 0.13333333 | W20: 1 | X20: 14 | Y20: 0.066666667
B21: DALLA VERDE RAMON ADRIAN | C21: GENTILE NICOLAS | E21: 7 | F21: 21 | G21: 0.25 | H21: 9 | I21: 19 | J21: 0.32142857 | K21: 6 | L21: 22 | M21: 0.21428571 | N21: 8 | O21: 20 | P21: 0.28571429 | Q21: 3 | R21: 25 | S21: 0.10714286 | T21: 7 | U21: 21 | V21: 0.25 | W21: 2 | X21: 26 | Y21: 0.071428571
B22: Total DALLA VERDE RAMON ADRIAN | E22: 43 | F22: 97 | G22: 0.30714286 | H22: 58 | I22: 82 | J22: 0.41428571 | K22: 41 | L22: 99 | M22: 0.29285714 | N22: 66 | O22: 74 | P22: 0.47142857 | Q22: 23 | R22: 117 | S22: 0.16428571 | T22: 34 | U22: 106 | V22: 0.24285714 | W22: 20 | X22: 120 | Y22: 0.14285714
B23: MARCELO VEGA | C23: ALONSO GUSTAVO DANIEL | E23: 5 | F23: 11 | G23: 0.3125 | H23: 5 | I23: 11 | J23: 0.3125 | K23: 6 | L23: 10 | M23: 0.375 | N23: 7 | O23: 9 | P23: 0.4375 | Q23: 4 | R23: 12 | S23: 0.25 | T23: 6 | U23: 10 | V23: 0.375 | W23: 3 | X23: 13 | Y23: 0.1875
B24: MARCELO VEGA | C24: ANDINO FACUNDO NICOLAS | E24: 0 | F24: 23 | G24: 0 | H24: 6 | I24: 17 | J24: 0.26086957 | K24: 6 | L24: 17 | M24: 0.26086957 | N24: 8 | O24: 15 | P24: 0.34782609 | Q24: 5 | R24: 18 | S24: 0.2173913 | T24: 4 | U24: 19 | V24: 0.17391304 | W24: 4 | X24: 19 | Y24: 0.17391304
B25: MARCELO VEGA | C25: ORGAZ GUSTAVO EMANUEL | E25: 0 | F25: 15 | G25: 0 | H25: 6 | I25: 9 | J25: 0.4 | K25: 2 | L25: 13 | M25: 0.13333333 | N25: 9 | O25: 6 | P25: 0.6 | Q25: 2 | R25: 13 | S25: 0.13333333 | T25: 5 | U25: 10 | V25: 0.33333333 | W25: 0 | X25: 15 | Y25: 0
B26: MARCELO VEGA | C26: VILOTTA SEBASTIAN | E26: 6 | F26: 16 | G26: 0.27272727 | H26: 8 | I26: 14 | J26: 0.36363636 | K26: 4 | L26: 18 | M26: 0.18181818 | N26: 11 | O26: 11 | P26: 0.5 | Q26: 5 | R26: 17 | S26: 0.22727273 | T26: 8 | U26: 14 | V26: 0.36363636 | W26: 3 | X26: 19 | Y26: 0.13636364
B27: MARCELO VEGA | C27: VIVARES ABEL MAURICIO | E27: 6 | F27: 23 | G27: 0.20689655 | H27: 15 | I27: 14 | J27: 0.51724138 | K27: 11 | L27: 18 | M27: 0.37931034 | N27: 16 | O27: 13 | P27: 0.55172414 | Q27: 11 | R27: 18 | S27: 0.37931034 | T27: 11 | U27: 18 | V27: 0.37931034 | W27: 12 | X27: 17 | Y27: 0.4137931
B28: MARCELO VEGA | C28: SCHAIGORODSKY IGNACIO | E28: 6 | F28: 14 | G28: 0.3 | H28: 7 | I28: 13 | J28: 0.35 | K28: 7 | L28: 13 | M28: 0.35 | N28: 13 | O28: 7 | P28: 0.65 | Q28: 2 | R28: 18 | S28: 0.1 | T28: 2 | U28: 18 | V28: 0.1 | W28: 6 | X28: 14 | Y28: 0.3
B29: Total MARCELO VEGA | E29: 23 | F29: 102 | G29: 0.184 | H29: 47 | I29: 78 | J29: 0.376 | K29: 36 | L29: 89 | M29: 0.288 | N29: 64 | O29: 61 | P29: 0.512 | Q29: 29 | R29: 96 | S29: 0.232 | T29: 36 | U29: 89 | V29: 0.288 | W29: 28 | X29: 97 | Y29: 0.224
B30: FEDERICO JACUM | C30: GOMEZ OURAL ALBERTO | E30: 0 | F30: 3 | G30: 0 | H30: 2 | I30: 1 | J30: 0.66666667 | K30: 0 | L30: 3 | M30: 0 | N30: 2 | O30: 1 | P30: 0.66666667 | Q30: 0 | R30: 3 | S30: 0 | T30: 1 | U30: 2 | V30: 0.33333333 | W30: 0 | X30: 3 | Y30: 0
B31: FEDERICO JACUM | C31: MARTINO FLAVIO | E31: 1 | F31: 5 | G31: 0.16666667 | H31: 2 | I31: 4 | J31: 0.33333333 | K31: 4 | L31: 2 | M31: 0.66666667 | N31: 6 | O31: 0 | P31: 1 | Q31: 1 | R31: 5 | S31: 0.16666667 | T31: 1 | U31: 5 | V31: 0.16666667 | W31: 0 | X31: 6 | Y31: 0
B32: FEDERICO JACUM | C32: TAPIA NERINA MARIELA | E32: 1 | F32: 5 | G32: 0.16666667 | H32: 4 | I32: 2 | J32: 0.66666667 | K32: 2 | L32: 4 | M32: 0.33333333 | N32: 3 | O32: 3 | P32: 0.5 | Q32: 2 | R32: 4 | S32: 0.33333333 | T32: 2 | U32: 4 | V32: 0.33333333 | W32: 1 | X32: 5 | Y32: 0.16666667
B33: FEDERICO JACUM | C33: VAL JULIAN | E33: 0 | F33: 5 | G33: 0 | H33: 2 | I33: 3 | J33: 0.4 | K33: 2 | L33: 3 | M33: 0.4 | N33: 3 | O33: 2 | P33: 0.6 | Q33: 0 | R33: 5 | S33: 0 | T33: 2 | U33: 3 | V33: 0.4 | W33: 0 | X33: 5 | Y33: 0
B34: FEDERICO JACUM | C34: VELAZQUEZ JONATAN WALTER | E34: 1 | F34: 10 | G34: 0.090909091 | H34: 3 | I34: 8 | J34: 0.27272727 | K34: 4 | L34: 7 | M34: 0.36363636 | N34: 5 | O34: 6 | P34: 0.45454545 | Q34: 4 | R34: 7 | S34: 0.36363636 | T34: 2 | U34: 9 | V34: 0.18181818 | W34: 2 | X34: 9 | Y34: 0.18181818
B35: FEDERICO JACUM | C35: VINCZE CINTIA LORENA | E35: 0 | F35: 4 | G35: 0 | H35: 0 | I35: 4 | J35: 0 | K35: 2 | L35: 2 | M35: 0.5 | N35: 3 | O35: 1 | P35: 0.75 | Q35: 1 | R35: 3 | S35: 0.25 | T35: 0 | U35: 4 | V35: 0 | W35: 0 | X35: 4 | Y35: 0
B36: Total FEDERICO JACUM | E36: 3 | F36: 32 | G36: 0.085714286 | H36: 13 | I36: 22 | J36: 0.37142857 | K36: 14 | L36: 21 | M36: 0.4 | N36: 22 | O36: 13 | P36: 0.62857143 | Q36: 8 | R36: 27 | S36: 0.22857143 | T36: 8 | U36: 27 | V36: 0.22857143 | W36: 3 | X36: 32 | Y36: 0.085714286
B37: DUARTE HERNAN | C37: RAMIREZ ARIEL SEBASTIAN | E37: 1 | F37: 17 | G37: 0.055555556 | H37: 0 | I37: 18 | J37: 0 | K37: 1 | L37: 17 | M37: 0.055555556 | N37: 7 | O37: 11 | P37: 0.38888889 | Q37: 0 | R37: 18 | S37: 0 | T37: 5 | U37: 13 | V37: 0.27777778 | W37: 0 | X37: 18 | Y37: 0
B38: DUARTE HERNAN | C38: DUARTE HERNAN | E38: 0 | F38: 3 | G38: 0 | H38: 0 | I38: 3 | J38: 0 | K38: 0 | L38: 3 | M38: 0 | N38: 0 | O38: 3 | P38: 0 | Q38: 0 | R38: 3 | S38: 0 | T38: 0 | U38: 3 | V38: 0 | W38: 0 | X38: 3 | Y38: 0
B39: Total DUARTE HERNAN | E39: 1 | F39: 20 | G39: 0.047619048 | H39: 0 | I39: 21 | J39: 0 | K39: 1 | L39: 20 | M39: 0.047619048 | N39: 7 | O39: 14 | P39: 0.33333333 | Q39: 0 | R39: 21 | S39: 0 | T39: 5 | U39: 16 | V39: 0.23809524 | W39: 0 | X39: 21 | Y39: 0
B40: Total general | E40: 83 | F40: 278 | G40: 0.2299169 | H40: 152 | I40: 212 | J40: 0.41758242 | K40: 121 | L40: 243 | M40: 0.33241758 | N40: 190 | O40: 174 | P40: 0.52197802 | Q40: 80 | R40: 284 | S40: 0.21978022 | T40: 103 | U40: 261 | V40: 0.28296703 | W40: 53 | X40: 311 | Y40: 0.1456044

Sheet Chorizos
A1: COMPRADORES CHORIZOS | S1: 100520837 | T1: 100522395
A2: CANAL | B2: ZONA | C2: Jefe | D2: COD VENDEDOR | E2: NOM VENDEDOR | F2: COD CENTRALIZADOR | G2: NOM CENTRALIZADOR | H2: AGO 25 | I2: SEP 25 | J2: OCT 25 | K2: NOV '25 | L2: DIC '25 | M2: ENE '26 | N2: PROMEDIO ULT 3 MESES | O2: =+UPPER(TEXT('DINAMICA ENERO 26'!$C$2,"mmm 'yy"))&" FACT" -> FEB '26 FACT | P2: =+UPPER(TEXT('DINAMICA ENERO 26'!$C$2,"mmm 'yy"))&" PEND." -> FEB '26 PEND. | Q2: =+UPPER(TEXT('DINAMICA ENERO 26'!$C$2,"mmm 'yy"))&" TOTAL" -> FEB '26 TOTAL | R2: ESTADO
A3: Distribuidores | B3: Capital | C3: FEDERICO JACUM | D3: 100077477 | E3: VELAZQUEZ JONATAN WALTER | F3: 100086577 | G3: LOGISTICA Y DISTRIBUCION RIBAUDO HNOS S.A. | H3: 9.6 | I3: 0 | J3: 4.8 | K3: 4.8 | L3: 24 | M3: 4.8 | N3: =+AVERAGE(K3:M3) -> 11.2 | O3: 0 | P3: 0 | Q3: =+O3+P3 -> 0 | R3: =+IF(Q3+N3<=0, "NO COMPRADOR", +IF(Q3<=0, "SIN COMPRA "&+UPPER(TEXT('DINAMICA ENERO 26'!$C$2,"mmm 'yy")), "COMPRADOR")) -> SIN COMPRA FEB '26
A4: Distribuidores | B4: Capital | C4: FEDERICO JACUM | D4: 100077477 | E4: VELAZQUEZ JONATAN WALTER | F4: 100065731 | G4: CINCUNEGUI MARCELO RODOLFO | H4: 0 | I4: 0 | J4: 0 | K4: 0 | L4: 0 | M4: 0 | N4: =+AVERAGE(K4:M4) -> 0 | O4: 0 | P4: 0 | Q4: =+O4+P4 -> 0 | R4: =+IF(Q4+N4<=0, "NO COMPRADOR", +IF(Q4<=0, "SIN COMPRA "&+UPPER(TEXT('DINAMICA ENERO 26'!$C$2,"mmm 'yy")), "COMPRADOR")) -> NO COMPRADOR
A5: Distribuidores | B5: Capital | C5: FEDERICO JACUM | D5: 100077477 | E5: VELAZQUEZ JONATAN WALTER | F5: 100010095 | G5: SUPERCONGELADOS FATIMA SOCIEDAD ANONIMA | H5: 48 | I5: 38.4 | J5: 14.4 | K5: 0 | L5: 33.6 | M5: 28.8 | N5: =+AVERAGE(K5:M5) -> 20.8 | O5: 14.4 | P5: 0 | Q5: =+O5+P5 -> 14.4 | R5: =+IF(Q5+N5<=0, "NO COMPRADOR", +IF(Q5<=0, "SIN COMPRA "&+UPPER(TEXT('DINAMICA ENERO 26'!$C$2,"mmm 'yy")), "COMPRADOR")) -> COMPRADOR
A6: Distribuidores | B6: Capital | C6: FEDERICO JACUM | D6: 100077477 | E6: VELAZQUEZ JONATAN WALTER | F6: 100079173 | G6: IQF DISTRIBUCION S.A. | H6: 0 | I6: 0 | J6: 0 | K6: 0 | L6: 24 | M6: 14.4 | N6: =+AVERAGE(K6:M6) -> 12.8 | O6: 0 | P6: 0 | Q6: =+O6+P6 -> 0 | R6: =+IF(Q6+N6<=0, "NO COMPRADOR", +IF(Q6<=0, "SIN COMPRA "&+UPPER(TEXT('DINAMICA ENERO 26'!$C$2,"mmm 'yy")), "COMPRADOR")) -> SIN COMPRA FEB '26
A7: Distribuidores | B7: Capital | C7: FEDERICO JACUM | D7: 100077477 | E7: VELAZQUEZ JONATAN WALTER | F7: 100079594 | G7: DANIEL BUENO SAU | H7: 14.4 | I7: 0 | J7: 0 | K7: 0 | L7: 9.6 | M7: 14.4 | N7: =+AVERAGE(K7:M7) -> 8 | O7: 0 | P7: 0 | Q7: =+O7+P7 -> 0 | R7: =+IF(Q7+N7<=0, "NO COMPRADOR", +IF(Q7<=0, "SIN COMPRA "&+UPPER(TEXT('DINAMICA ENERO 26'!$C$2,"mmm 'yy")), "COMPRADOR")) -> SIN COMPRA FEB '26
A8: Distribuidores | B8: Capital | C8: FEDERICO JACUM | D8: 100077477 | E8: VELAZQUEZ JONATAN WALTER | F8: 100078788 | G8: CAMPO DE SABORES S.A.S. | H8: 0 | I8: 0 | J8: 0 | K8: 0 | L8: 19.2 | M8: 0 | N8: =+AVERAGE(K8:M8) -> 6.4 | O8: 0 | P8: 0 | Q8: =+O8+P8 -> 0 | R8: =+IF(Q8+N8<=0, "NO COMPRADOR", +IF(Q8<=0, "SIN COMPRA "&+UPPER(TEXT('DINAMICA ENERO 26'!$C$2,"mmm 'yy")), "COMPRADOR")) -> SIN COMPRA FEB '26
A9: Distribuidores | B9: Capital | C9: FEDERICO JACUM | D9: 100077477 | E9: VELAZQUEZ JONATAN WALTER | F9: 100084185 | G9: ADN DISTRIBUCION S.R.L. | H9: 4.8 | I9: 0 | J9: 0 | K9: 0 | L9: 0 | M9: 0 | N9: =+AVERAGE(K9:M9) -> 0 | O9: 0 | P9: 0 | Q9: =+O9+P9 -> 0 | R9: =+IF(Q9+N9<=0, "NO COMPRADOR", +IF(Q9<=0, "SIN COMPRA "&+UPPER(TEXT('DINAMICA ENERO 26'!$C$2,"mmm 'yy")), "COMPRADOR")) -> NO COMPRADOR
A10: Distribuidores | B10: Capital | C10: FEDERICO JACUM | D10: 100077477 | E10: VELAZQUEZ JONATAN WALTER | F10: 100087922 | G10: FETECH INVESTMENTS S.A. | H10: 0 | I10: 0 | J10: 0 | K10: 0 | L10: 0 | M10: 0 | N10: =+AVERAGE(K10:M10) -> 0 | O10: 0 | P10: 0 | Q10: =+O10+P10 -> 0 | R10: =+IF(Q10+N10<=0, "NO COMPRADOR", +IF(Q10<=0, "SIN COMPRA "&+UPPER(TEXT('DINAMICA ENERO 26'!$C$2,"mmm 'yy")), "COMPRADOR")) -> NO COMPRADOR
A11: Distribuidores | B11: Capital | C11: FEDERICO JACUM | D11: 100077477 | E11: VELAZQUEZ JONATAN WALTER | F11: 100071741 | G11: BRIENZA DISTRIBUIDORA SOCIEDAD ANONIMA | H11: 0 | I11: 0 | J11: 0 | K11: 0 | L11: 0 | M11: 0 | N11: =+AVERAGE(K11:M11) -> 0 | O11: 0 | P11: 0 | Q11: =+O11+P11 -> 0 | R11: =+IF(Q11+N11<=0, "NO COMPRADOR", +IF(Q11<=0, "SIN COMPRA "&+UPPER(TEXT('DINAMICA ENERO 26'!$C$2,"mmm 'yy")), "COMPRADOR")) -> NO COMPRADOR
A12: Distribuidores | B12: Capital | C12: FEDERICO JACUM | D12: 100077477 | E12: VELAZQUEZ JONATAN WALTER | F12: 100075448 | G12: V&D LAS DOS MARIAS SRL | H12: 4.8 | I12: 0 | J12: 0 | K12: 0 | L12: 28.8 | M12: 0 | N12: =+AVERAGE(K12:M12) -> 9.6 | O12: 0 | P12: 0 | Q12: =+O12+P12 -> 0 | R12: =+IF(Q12+N12<=0, "NO COMPRADOR", +IF(Q12<=0, "SIN COMPRA "&+UPPER(TEXT('DINAMICA ENERO 26'!$C$2,"mmm 'yy")), "COMPRADOR")) -> SIN COMPRA FEB '26
A13: Distribuidores | B13: Capital | C13: FEDERICO JACUM | D13: 100077477 | E13: VELAZQUEZ JONATAN WALTER | F13: 100089232 | G13: DOBLE V DISTRIBUIDORES | H13: 0 | I13: 0 | J13: 0 | K13: 0 | L13: 0 | M13: 0 | N13: =+AVERAGE(K13:M13) -> 0 | O13: 0 | P13: 0 | Q13: =+O13+P13 -> 0 | R13: =+IF(Q13+N13<=0, "NO COMPRADOR", +IF(Q13<=0, "SIN COMPRA "&+UPPER(TEXT('DINAMICA ENERO 26'!$C$2,"mmm 'yy")), "COMPRADOR")) -> NO COMPRADOR
A14: Distribuidores | B14: GBA (Oeste) | C14: FEDERICO JACUM | D14: 100041217 | E14: TAPIA NERINA MARIELA | F14: 100073953 | G14: COMESTIBLES LUFAR SRL | H14: 0 | I14: 0 | J14: 0 | K14: 0 | L14: 0 | M14: 0 | N14: =+AVERAGE(K14:M14) -> 0 | O14: 0 | P14: 0 | Q14: =+O14+P14 -> 0 | R14: =+IF(Q14+N14<=0, "NO COMPRADOR", +IF(Q14<=0, "SIN COMPRA "&+UPPER(TEXT('DINAMICA ENERO 26'!$C$2,"mmm 'yy")), "COMPRADOR")) -> NO COMPRADOR
... A153: Distribuidores | B153: Gastronomia | C153: DUARTE HERNAN | D153: 100031199 | E153: RAMIREZ ARIEL SEBASTIAN | F153: 100085481 | G153: RUANO ROJAS GREISSI | H153: 0 | I153: 0 | J153: 0 | K153: 0 | L153: 0 | M153: 0 | N153: =+AVERAGE(K153:M153) -> 0 | O153: 0 | P153: 0 | Q153: =+O153+P153 -> 0 | R153: =+IF(Q153+N153<=0, "NO COMPRADOR", +IF(Q153<=0, "SIN COMPRA "&+UPPER(TEXT('DINAMICA ENERO 26'!$C$2,"mmm 'yy")), "COMPRADOR")) -> NO COMPRADOR
A154: Distribuidores | B154: Gastronomia | C154: DUARTE HERNAN | D154: 100031199 | E154: RAMIREZ ARIEL SEBASTIAN | F154: 100008613 | G154: AXIS LOGISTICA S.A. | H154: 0 | I154: 0 | J154: 0 | K154: 0 | L154: 0 | M154: 0 | N154: =+AVERAGE(K154:M154) -> 0 | O154: 0 | P154: 0 | Q154: 0 | R154: =+IF(Q154+N154<=0, "NO COMPRADOR", +IF(Q154<=0, "SIN COMPRA "&+UPPER(TEXT('DINAMICA ENERO 26'!$C$2,"mmm 'yy")), "COMPRADOR")) -> NO COMPRADOR
A155: Distribuidores | B155: Gastronomia | C155: DUARTE HERNAN | D155: 100031199 | E155: RAMIREZ ARIEL SEBASTIAN | F155: 100002250 | G155: RECATUME ADALBERTO OSCAR | H155: 0 | I155: 0 | J155: 0 | K155: 0 | L155: 57.6 | M155: 0 | N155: =+AVERAGE(K155:M155) -> 19.2 | O155: 0 | P155: 0 | Q155: =+O155+P155 -> 0 | R155: =+IF(Q155+N155<=0, "NO COMPRADOR", +IF(Q155<=0, "SIN COMPRA "&+UPPER(TEXT('DINAMICA ENERO 26'!$C$2,"mmm 'yy")), "COMPRADOR")) -> SIN COMPRA FEB '26
A156: Distribuidores | B156: Gastronomia | C156: DUARTE HERNAN | D156: 100031199 | E156: RAMIREZ ARIEL SEBASTIAN | F156: 100002229 | G156: PROMOFIESTA MAR DEL PLATA SRL | H156: 0 | I156: 0 | J156: 0 | K156: 0 | L156: 0 | M156: 0 | N156: =+AVERAGE(K156:M156) -> 0 | O156: 0 | P156: 0 | Q156: =+O156+P156 -> 0 | R156: =+IF(Q156+N156<=0, "NO COMPRADOR", +IF(Q156<=0, "SIN COMPRA "&+UPPER(TEXT('DINAMICA ENERO 26'!$C$2,"mmm 'yy")), "COMPRADOR")) -> NO COMPRADOR
A157: Distribuidores | B157: Gastronomia | C157: DUARTE HERNAN | D157: 100031199 | E157: RAMIREZ ARIEL SEBASTIAN | F157: 100022327 | G157: ROSARIO BURGUER SRL | H157: 0 | I157: 0 | J157: 0 | K157: 0 | L157: 0 | M157: 0 | N157: =+AVERAGE(K157:M157) -> 0 | O157: 0 | P157: 0 | Q157: =+O157+P157 -> 0 | R157: =+IF(Q157+N157<=0, "NO COMPRADOR", +IF(Q157<=0, "SIN COMPRA "&+UPPER(TEXT('DINAMICA ENERO 26'!$C$2,"mmm 'yy")), "COMPRADOR")) -> NO COMPRADOR
A158: Distribuidores | B158: Gastronomia | C158: DUARTE HERNAN | D158: 100031199 | E158: RAMIREZ ARIEL SEBASTIAN | F158: 100002225 | G158: PROMO FIESTA LA PLATA S.R.L. | H158: 0 | I158: 0 | J158: 0 | K158: 0 | L158: 0 | M158: 0 | N158: =+AVERAGE(K158:M158) -> 0 | O158: 0 | P158: 0 | Q158: =+O158+P158 -> 0 | R158: =+IF(Q158+N158<=0, "NO COMPRADOR", +IF(Q158<=0, "SIN COMPRA "&+UPPER(TEXT('DINAMICA ENERO 26'!$C$2,"mmm 'yy")), "COMPRADOR")) -> NO COMPRADOR
A159: Distribuidores | B159: Gastronomia | C159: DUARTE HERNAN | D159: 100031199 | E159: RAMIREZ ARIEL SEBASTIAN | F159: 100071477 | G159: PADRONE MONICA RAQUEL | H159: 0 | I159: 0 | J159: 0 | K159: 0 | L159: 0 | M159: 0 | N159: =+AVERAGE(K159:M159) -> 0 | O159: 0 | P159: 0 | Q159: =+O159+P159 -> 0 | R159: =+IF(Q159+N159<=0, "NO COMPRADOR", +IF(Q159<=0, "SIN COMPRA "&+UPPER(TEXT('DINAMICA ENERO 26'!$C$2,"mmm 'yy")), "COMPRADOR")) -> NO COMPRADOR
A160: Distribuidores | B160: Gastronomia | C160: DUARTE HERNAN | D160: 100031199 | E160: RAMIREZ ARIEL SEBASTIAN | F160: 100073868 | G160: VALDEZ MARIA ALEJANDRA | H160: 0 | I160: 0 | J160: 0 | K160: 0 | L160: 0 | M160: 0 | N160: =+AVERAGE(K160:M160) -> 0 | O160: 0 | P160: 0 | Q160: =+O160+P160 -> 0 | R160: =+IF(Q160+N160<=0, "NO COMPRADOR", +IF(Q160<=0, "SIN COMPRA "&+UPPER(TEXT('DINAMICA ENERO 26'!$C$2,"mmm 'yy")), "COMPRADOR")) -> NO COMPRADOR
A161: Distribuidores | B161: Gastronomia | C161: DUARTE HERNAN | D161: 100031199 | E161: RAMIREZ ARIEL SEBASTIAN | F161: 100040021 | G161: RAMIREZ NEYRA LUIS ALBERTO | H161: 0 | I161: 0 | J161: 0 | K161: 0 | L161: 0 | M161: 0 | N161: =+AVERAGE(K161:M161) -> 0 | O161: 0 | P161: 0 | Q161: =+O161+P161 -> 0 | R161: =+IF(Q161+N161<=0, "NO COMPRADOR", +IF(Q161<=0, "SIN COMPRA "&+UPPER(TEXT('DINAMICA ENERO 26'!$C$2,"mmm 'yy")), "COMPRADOR")) -> NO COMPRADOR
A162: Distribuidores | B162: Gastronomia | C162: DUARTE HERNAN | D162: 100031199 | E162: RAMIREZ ARIEL SEBASTIAN | F162: 100019451 | G162: PROMO BURGUER SRL | H162: 28.8 | I162: 9.6 | J162: 14.4 | K162: 0 | L162: 48 | M162: 0 | N162: =+AVERAGE(K162:M162) -> 16 | O162: 0 | P162: 0 | Q162: =+O162+P162 -> 0 | R162: =+IF(Q162+N162<=0, "NO COMPRADOR", +IF(Q162<=0, "SIN COMPRA "&+UPPER(TEXT('DINAMICA ENERO 26'!$C$2,"mmm 'yy")), "COMPRADOR")) -> SIN COMPRA FEB '26
A163: Distribuidores | B163: Gastronomia | C163: DUARTE HERNAN | D163: 100031199 | E163: RAMIREZ ARIEL SEBASTIAN | F163: 100066048 | G163: TIANI KARINA BEATRIZ | H163: 0 | I163: 0 | J163: 0 | K163: 0 | L163: 0 | M163: 0 | N163: =+AVERAGE(K163:M163) -> 0 | O163: 48 | P163: 0 | Q163: =+O163+P163 -> 48 | R163: =+IF(Q163+N163<=0, "NO COMPRADOR", +IF(Q163<=0, "SIN COMPRA "&+UPPER(TEXT('DINAMICA ENERO 26'!$C$2,"mmm 'yy")), "COMPRADOR")) -> COMPRADOR
A164: Distribuidores | B164: Gastronomia | C164: DUARTE HERNAN | D164: 100031199 | E164: RAMIREZ ARIEL SEBASTIAN | F164: 100086078 | G164: DISTRIBUIDORA BLANCALUNA S A | H164: 0 | I164: 0 | J164: 0 | K164: 0 | L164: 0 | M164: 0 | N164: =+AVERAGE(K164:M164) -> 0 | O164: 0 | P164: 0 | Q164: =+O164+P164 -> 0 | R164: =+IF(Q164+N164<=0, "NO COMPRADOR", +IF(Q164<=0, "SIN COMPRA "&+UPPER(TEXT('DINAMICA ENERO 26'!$C$2,"mmm 'yy")), "COMPRADOR")) -> NO COMPRADOR
A165: Distribuidores | B165: Gastronomia | C165: DUARTE HERNAN | D165: 100031199 | E165: RAMIREZ ARIEL SEBASTIAN | F165: 100089860 | G165: MR TASTY LOMAS S.A. | H165: 0 | I165: 0 | J165: 0 | K165: 0 | L165: 0 | M165: 0 | N165: =+AVERAGE(K165:M165) -> 0 | O165: 0 | P165: 0 | Q165: =+O165+P165 -> 0 | R165: =+IF(Q165+N165<=0, "NO COMPRADOR", +IF(Q165<=0, "SIN COMPRA "&+UPPER(TEXT('DINAMICA ENERO 26'!$C$2,"mmm 'yy")), "COMPRADOR")) -> NO COMPRADOR
A166: Distribuidores | B166: Litoral | C166: DALLA VERDE RAMON ADRIAN | D166: 100088690 | E166: FUNES ANDRES | F166: 100080700 | G166: SALINAS RUBEN ALBERTO | H166: 4.8 | I166: 0 | J166: 4.8 | K166: 0 | L166: 4.8 | M166: -4.8 | N166: =+AVERAGE(K166:M166) -> 0 | O166: 0 | P166: 0 | Q166: =+O166+P166 -> 0 | R166: =+IF(Q166+N166<=0, "NO COMPRADOR", +IF(Q166<=0, "SIN COMPRA "&+UPPER(TEXT('DINAMICA ENERO 26'!$C$2,"mmm 'yy")), "COMPRADOR")) -> NO COMPRADOR
... A327: Mayoristas | B327: Mayoristas | C327: ARUANNO PARODI MARIA NOEL | D327: 100087600 | E327: MENDEZ NAVARRO MARIA ALEJANDRA | F327: 100002545 | G327: SUPERMERCADOS MAYORISTAS MAKRO SA | H327: 9.6 | I327: 244.8 | J327: -72 | K327: 100.8 | L327: -19.2 | M327: 33.6 | N327: =+AVERAGE(K327:M327) -> 38.4 | O327: 0 | P327: 43.2 | Q327: =+O327+P327 -> 43.2 | R327: =+IF(Q327+N327<=0, "NO COMPRADOR", +IF(Q327<=0, "SIN COMPRA "&+UPPER(TEXT('DINAMICA ENERO 26'!$C$2,"mmm 'yy")), "COMPRADOR")) -> COMPRADOR
A328: Mayoristas | B328: Mayoristas | C328: ARUANNO PARODI MARIA NOEL | D328: 100087600 | E328: MENDEZ NAVARRO MARIA ALEJANDRA | F328: 100002424 | G328: SUPERMERCADOS MAY. YAGUAR S.A.
A329: Mayoristas | B329: Mayoristas | C329: ARUANNO PARODI MARIA NOEL | D329: 100087600 | E329: MENDEZ NAVARRO MARIA ALEJANDRA | F329: 100002055 | G329: MAYCAR S.A.
A330: Mayoristas | B330: Mayoristas | C330: ARUANNO PARODI MARIA NOEL | D330: 100087600 | E330: MENDEZ NAVARRO MARIA ALEJANDRA | F330: 100002054 | G330: MAXICONSUMO S.A. | H330: 14.4 | I330: -38.4 | J330: -4.8 | K330: 0 | L330: 1032 | M330: 345.6 | N330: =+AVERAGE(K330:M330) -> 459.2 | O330: 321.6 | P330: 0 | Q330: =+O330+P330 -> 321.6 | R330: =+IF(Q330+N330<=0, "NO COMPRADOR", +IF(Q330<=0, "SIN COMPRA "&+UPPER(TEXT('DINAMICA ENERO 26'!$C$2,"mmm/yy")), "COMPRADOR")) -> COMPRADOR
A331: Mayoristas | B331: Mayoristas | C331: ARUANNO PARODI MARIA NOEL | D331: 100087600 | E331: MENDEZ NAVARRO MARIA ALEJANDRA | F331: 100001241 | G331: AUTOSERVICIO MAY. DIARCO S.A.
A332: Cadenas | B332: GBA | C332: ARUANNO PARODI MARIA NOEL | D332: 100066387 | E332: RAMONDINO LEONARDO ERNESTO | F332: 100086833 | G332: DELIVERY HERO E-COMMERCE S. A. | H332: 0 | I332: 0 | J332: 0 | K332: 0 | L332: 0 | M332: 0 | N332: =+AVERAGE(K332:M332) -> 0 | O332: 0 | P332: 0 | Q332: =+O332+P332 -> 0 | R332: =+IF(Q332+N332<=0, "NO COMPRADOR", +IF(Q332<=0, "SIN COMPRA "&+UPPER(TEXT('DINAMICA ENERO 26'!$C$2,"mmm/yy")), "COMPRADOR")) -> NO COMPRADOR
A333: Cadenas | B333: DBU - BAS | C333: ARUANNO PARODI MARIA NOEL | D333: 100066387 | E333: RAMONDINO LEONARDO ERNESTO | F333: 100001434 | G333: COTO CENTRO INTEGRAL DE COMERCIALIZACON S A | H333: -374.4 | I333: 302.4 | J333: 168 | K333: 283.2 | L333: 153.6 | M333: 81.6 | N333: =+AVERAGE(K333:M333) -> 172.8 | O333: -4.8 | P333: 48 | Q333: =+O333+P333 -> 43.2 | R333: =+IF(Q333+N333<=0, "NO COMPRADOR", +IF(Q333<=0, "SIN COMPRA "&+UPPER(TEXT('DINAMICA ENERO 26'!$C$2,"mmm/yy")), "COMPRADOR")) -> COMPRADOR
A334: Cadenas | B334: DBU - BAS | C334: ARUANNO PARODI MARIA NOEL | D334: 100089882 | E334: BRION SEBASTIAN | F334: 100002273 | G334: S A IMPORTADORA Y EXPORTADORA DE LA PATAGONIA | H334: 0 | I334: 0 | J334: 0 | K334: 0 | L334: 0 | M334: 1209.6 | N334: =+AVERAGE(K334:M334) -> 403.2 | O334: 0 | P334: 0 | Q334: =+O334+P334 -> 0 | R334: =+IF(Q334+N334<=0, "NO COMPRADOR", +IF(Q334<=0, "SIN COMPRA "&+UPPER(TEXT('DINAMICA ENERO 26'!$C$2,"mmm/yy")), "COMPRADOR")) -> SIN COMPRA FEB/26
A335: Cadenas | B335: DBU - BAS | C335: ARUANNO PARODI MARIA NOEL | D335: 100002748 | E335: RODRIGUEZ JUDITH | F335: 100005896 | G335: INC SOCIEDAD ANONIMA | H335: 182.4 | I335: 129.6 | J335: 494.4 | K335: 211.2 | L335: 0 | M335: 0 | N335: =+AVERAGE(K335:M335) -> 70.4 | O335: 0 | P335: 0 | Q335: =+O335+P335 -> 0 | R335: =+IF(Q335+N335<=0, "NO COMPRADOR", +IF(Q335<=0, "SIN COMPRA "&+UPPER(TEXT('DINAMICA ENERO 26'!$C$2,"mmm/yy")), "COMPRADOR")) -> SIN COMPRA FEB/26
A336: Cadenas | B336: DBU - BAS | C336: ARUANNO PARODI MARIA NOEL | D336: 100002748 | E336: RODRIGUEZ JUDITH | F336: 100001550 | G336: DIA ARGENTINA S.A. | H336: 0 | I336: 0 | J336: 0 | K336: 0 | L336: 0 | M336: 0 | N336: =+AVERAGE(K336:M336) -> 0 | O336: 0 | P336: 0 | Q336: =+O336+P336 -> 0 | R336: =+IF(Q336+N336<=0, "NO COMPRADOR", +IF(Q336<=0, "SIN COMPRA "&+UPPER(TEXT('DINAMICA ENERO 26'!$C$2,"mmm/yy")), "COMPRADOR")) -> NO COMPRADOR
A337: Cadenas | B337: DBU - BAS | C337: ARUANNO PARODI MARIA NOEL | D337: 100089882 | E337: BRION SEBASTIAN | F337: 100002492 | G337: DORINKA S.R.L. | H337: 0 | I337: 0 | J337: 0 | K337: 0 | L337: 945.6 | M337: 0 | N337: =+AVERAGE(K337:M337) -> 315.2 | O337: 451.2 | P337: 984 | Q337: =+O337+P337 -> 1435.2 | R337: =+IF(Q337+N337<=0, "NO COMPRADOR", +IF(Q337<=0, "SIN COMPRA "&+UPPER(TEXT('DINAMICA ENERO 26'!$C$2,"mmm/yy")), "COMPRADOR")) -> COMPRADOR
A338: Cadenas | B338: DBU - BAS | C338: ARUANNO PARODI MARIA NOEL | D338: 100066387 | E338: RAMONDINO LEONARDO ERNESTO | F338: 100001342 | G338: CENCOSUD S A | H338: 0 | I338: 0 | J338: 0 | K338: 0 | L338: 0 | M338: 0 | N338: =+AVERAGE(K338:M338) -> 0 | O338: 0 | P338: 0 | Q338: =+O338+P338 -> 0 | R338: =+IF(Q338+N338<=0, "NO COMPRADOR", +IF(Q338<=0, "SIN COMPRA "&+UPPER(TEXT('DINAMICA ENERO 26'!$C$2,"mmm/yy")), "COMPRADOR")) -> NO COMPRADOR
A339: Distribuidores | B339: Patagonia | C339: MARCELO VEGA | D339: 100088149 | E339: VILOTTA SEBASTIAN | F339: 100089849 | G339: GRUPO HEMA S. R. L. | H339: 0 | I339: 0 | J339: 0 | K339: 0 | L339: 0 | M339: 0 | N339: =+AVERAGE(K339:M339) -> 0 | O339: 0 | P339: 0 | Q339: =+O339+P339 -> 0 | R339: =+IF(Q339+N339<=0, "NO COMPRADOR", +IF(Q339<=0, "SIN COMPRA "&+UPPER(TEXT('DINAMICA ENERO 26'!$C$2,"mmm 'yy")), "COMPRADOR")) -> NO COMPRADOR
A340: Distribuidores | B340: Patagonia | C340: MARCELO VEGA | D340: 100079515 | E340: ALONSO GUSTAVO DANIEL | F340: 100025640 | G340: CUADRADO MAURO DAMIAN | H340: 0 | I340: 0 | J340: 0 | K340: 0 | L340: 0 | M340: 0 | N340: =+AVERAGE(K340:M340) -> 0 | O340: 0 | P340: 0 | Q340: =+O340+P340 -> 0 | R340: =+IF(Q340+N340<=0, "NO COMPRADOR", +IF(Q340<=0, "SIN COMPRA "&+UPPER(TEXT('DINAMICA ENERO 26'!$C$2,"mmm 'yy")), "COMPRADOR")) -> NO COMPRADOR
A341: Distribuidores | B341: Cuyo | C341: MARCELO VEGA | D341: 100079674 | E341: VIVARES ABEL MAURICIO | F341: 100080761 | G341: EL CHILENO S.R.L. | H341: 0 | I341: 0 | J341: 0 | K341: 0 | L341: 0 | M341: 0 | N341: =+AVERAGE(K341:M341) -> 0 | O341: 0 | P341: 0 | Q341: =+O341+P341 -> 0 | R341: =+IF(Q341+N341<=0, "NO COMPRADOR", +IF(Q341<=0, "SIN COMPRA "&+UPPER(TEXT('DINAMICA ENERO 26'!$C$2,"mmm 'yy")), "COMPRADOR")) -> NO COMPRADOR
A342: Distribuidores | B342: Cuyo | C342: MARCELO VEGA | D342: 100079674 | E342: VIVARES ABEL MAURICIO | F342: 100001878 | G342: HERNANDEZ JOSE LUIS | H342: 0 | I342: 0 | J342: 0 | K342: 0 | L342: 0 | M342: 0 | N342: =+AVERAGE(K342:M342) -> 0 | O342: 0 | P342: 0 | Q342: =+O342+P342 -> 0 | R342: =+IF(Q342+N342<=0, "NO COMPRADOR", +IF(Q342<=0, "SIN COMPRA "&+UPPER(TEXT('DINAMICA ENERO 26'!$C$2,"mmm 'yy")), "COMPRADOR")) -> NO COMPRADOR
A343: Distribuidores | B343: Cuyo | C343: MARCELO VEGA | D343: 100079674 | E343: VIVARES ABEL MAURICIO | F343: 100085464 | G343: MANZANAR S.R.L | H343: 0 | I343: 0 | J343: 0 | K343: 0 | L343: 0 | M343: 0 | N343: =+AVERAGE(K343:M343) -> 0 | O343: 0 | P343: 0 | Q343: =+O343+P343 -> 0 | R343: =+IF(Q343+N343<=0, "NO COMPRADOR", +IF(Q343<=0, "SIN COMPRA "&+UPPER(TEXT('DINAMICA ENERO 26'!$C$2,"mmm 'yy")), "COMPRADOR")) -> NO COMPRADOR
A344: Distribuidores | B344: Cuyo | C344: MARCELO VEGA | D344: 100066856 | E344: ANDINO FACUNDO NICOLAS | F344: 100080160 | G344: OVALO S.A. | H344: 0 | I344: 0 | J344: 0 | K344: 0 | L344: 0 | M344: 0 | N344: =+AVERAGE(K344:M344) -> 0 | O344: 0 | P344: 0 | Q344: =+O344+P344 -> 0 | R344: =+IF(Q344+N344<=0, "NO COMPRADOR", +IF(Q344<=0, "SIN COMPRA "&+UPPER(TEXT('DINAMICA ENERO 26'!$C$2,"mmm 'yy")), "COMPRADOR")) -> NO COMPRADOR
A345: Distribuidores | B345: Cuyo | C345: MARCELO VEGA | D345: 100066856 | E345: ANDINO FACUNDO NICOLAS | F345: 100077613 | G345: DISTRIBUIDORA CORDOBA S.R.L. | H345: 0 | I345: 0 | J345: 0 | K345: 0 | L345: 0 | M345: 0 | N345: =+AVERAGE(K345:M345) -> 0 | O345: 0 | P345: 0 | Q345: =+O345+P345 -> 0 | R345: =+IF(Q345+N345<=0, "NO COMPRADOR", +IF(Q345<=0, "SIN COMPRA "&+UPPER(TEXT('DINAMICA ENERO 26'!$C$2,"mmm 'yy")), "COMPRADOR")) -> NO COMPRADOR
A346: Distribuidores | B346: Cuyo | C346: MARCELO VEGA | D346: 100066856 | E346: ANDINO FACUNDO NICOLAS | F346: 100082823 | G346: AUTOSERVICIO LA YUNTA S.A | H346: 0 | I346: 0 | J346: 0 | K346: 0 | L346: 0 | M346: 0 | N346: =+AVERAGE(K346:M346) -> 0 | O346: 0 | P346: 0 | Q346: =+O346+P346 -> 0 | R346: =+IF(Q346+N346<=0, "NO COMPRADOR", +IF(Q346<=0, "SIN COMPRA "&+UPPER(TEXT('DINAMICA ENERO 26'!$C$2,"mmm 'yy")), "COMPRADOR")) -> NO COMPRADOR
A347: Distribuidores | B347: Cordoba | C347: MARCELO VEGA | D347: 100089701 | E347: SCHAIGORODSKY IGNACIO | F347: 100079045 | G347: JOSE ALBERTO TOSCANO SA | H347: 0 | I347: 0 | J347: 0 | K347: 0 | L347: 0 | M347: 0 | N347: =+AVERAGE(K347:M347) -> 0 | O347: 0 | P347: 0 | Q347: =+O347+P347 -> 0 | R347: =+IF(Q347+N347<=0, "NO COMPRADOR", +IF(Q347<=0, "SIN COMPRA "&+UPPER(TEXT('DINAMICA ENERO 26'!$C$2,"mmm 'yy")), "COMPRADOR")) -> NO COMPRADOR
A348: Distribuidores | B348: Cordoba | C348: MARCELO VEGA | D348: 100089701 | E348: SCHAIGORODSKY IGNACIO | F348: 100011496 | G348: DON EMILIO S R L | H348: 0 | I348: 0 | J348: 0 | K348: 0 | L348: 0 | M348: 0 | N348: =+AVERAGE(K348:M348) -> 0 | O348: 0 | P348: 0 | Q348: =+O348+P348 -> 0 | R348: =+IF(Q348+N348<=0, "NO COMPRADOR", +IF(Q348<=0, "SIN COMPRA "&+UPPER(TEXT('DINAMICA ENERO 26'!$C$2,"mmm 'yy")), "COMPRADOR")) -> NO COMPRADOR
A349: Distribuidores | B349: Cordoba | C349: MARCELO VEGA | D349: 100073888 | E349: ORGAZ GUSTAVO EMANUEL | F349: 100001404 | G349: COOP. DE PROV. CRED. DE SUPER.AUTO.Y ALM M. ALMACOR | H349: 0 | I349: 0 | J349: 0 | K349: 0 | L349: 0 | M349: 0 | N349: =+AVERAGE(K349:M349) -> 0 | O349: 0 | P349: 0 | Q349: =+O349+P349 -> 0 | R349: =+IF(Q349+N349<=0, "NO COMPRADOR", +IF(Q349<=0, "SIN COMPRA "&+UPPER(TEXT('DINAMICA ENERO 26'!$C$2,"mmm 'yy")), "COMPRADOR")) -> NO COMPRADOR
A350: Distribuidores | B350: Cordoba | C350: MARCELO VEGA | D350: 100073888 | E350: ORGAZ GUSTAVO EMANUEL | F350: 100002253 | G350: ALONSO J. Y JOSE A. REDOLFI S.R.L. | H350: 0 | I350: 0 | J350: 0 | K350: 0 | L350: 0 | M350: 0 | N350: =+AVERAGE(K350:M350) -> 0 | O350: 0 | P350: 0 | Q350: =+O350+P350 -> 0 | R350: =+IF(Q350+N350<=0, "NO COMPRADOR", +IF(Q350<=0, "SIN COMPRA "&+UPPER(TEXT('DINAMICA ENERO 26'!$C$2,"mmm 'yy")), "COMPRADOR")) -> NO COMPRADOR
... A366: Distribuidores | B366: NEA | C366: DALLA VERDE RAMON ADRIAN | D366: 100075073 | E366: SANCHEZ JUAN CARLOS | F366: 100001336 | G366: CASA VELAZ SOCIEDAD DE RESPONSABILIDAD LIMITADA | H366: 0 | I366: 0 | J366: 0 | K366: 0 | L366: 0 | M366: 0 | N366: =+AVERAGE(K366:M366) -> 0 | O366: 0 | P366: 0 | Q366: =+O366+P366 -> 0 | R366: =+IF(Q366+N366<=0, "NO COMPRADOR", +IF(Q366<=0, "SIN COMPRA "&+UPPER(TEXT('DINAMICA ENERO 26'!$C$2,"mmm 'yy")), "COMPRADOR")) -> NO COMPRADOR

Sheet Papas
A1: COMPRADORES PAPAS | S1: 100520902
A2: CANAL | B2: ZONA | C2: Jefe | D2: COD VENDEDOR | E2: NOM VENDEDOR | F2: COD CENTRALIZADOR | G2: NOM CENTRALIZADOR | H2: AGO '25 | I2: SEP 25 | J2: OCT 25 | K2: NOV '25 | L2: DIC '25 | M2: ENE '26 | N2: PROMEDIO ULT 3 MESES | O2: =+UPPER(TEXT('DINAMICA ENERO 26'!$C$2,"mmm 'yy"))&" FACT" -> FEB '26 FACT | P2: =+UPPER(TEXT('DINAMICA ENERO 26'!$C$2,"mmm 'yy"))&" PEND." -> FEB '26 PEND. | Q2: =+UPPER(TEXT('DINAMICA ENERO 26'!$C$2,"mmm 'yy"))&" TOTAL" -> FEB '26 TOTAL | R2: ESTADO
A3: Distribuidores | B3: Capital | C3: FEDERICO JACUM | D3: 100077477 | E3: VELAZQUEZ JONATAN WALTER | F3: 100086577 | G3: LOGISTICA Y DISTRIBUCION RIBAUDO HNOS S.A. | H3: 29.4 | I3: 0 | J3: 686 | K3: 49 | L3: 49 | M3: 0 | N3: =+AVERAGE(K3:M3) -> 32.666667 | O3: 0 | P3: 0 | Q3: =+O3+P3 -> 0 | R3: =+IF(Q3+N3<=0, "NO COMPRADOR", +IF(Q3<=0, "SIN COMPRA "&+UPPER(TEXT('DINAMICA ENERO 26'!$C$2,"mmm 'yy")), "COMPRADOR")) -> SIN COMPRA FEB '26
A4: Distribuidores | B4: Capital | C4: FEDERICO JACUM | D4: 100077477 | E4: VELAZQUEZ JONATAN WALTER | F4: 100065731 | G4: CINCUNEGUI MARCELO RODOLFO | H4: 0 | I4: 0 | J4: 0 | K4: 0 | L4: 0 | M4: 0 | N4: =+AVERAGE(K4:M4) -> 0 | O4: 0 | P4: 0 | Q4: =+O4+P4 -> 0 | R4: =+IF(Q4+N4<=0, "NO COMPRADOR", +IF(Q4<=0, "SIN COMPRA "&+UPPER(TEXT('DINAMICA ENERO 26'!$C$2,"mmm 'yy")), "COMPRADOR")) -> NO COMPRADOR
A5: Distribuidores | B5: Capital | C5: FEDERICO JACUM | D5: 100077477 | E5: VELAZQUEZ JONATAN WALTER | F5: 100010095 | G5: SUPERCONGELADOS FATIMA SOCIEDAD ANONIMA | H5: 0 | I5: 0 | J5: 0 | K5: 0 | L5: 0 | M5: 0 | N5: =+AVERAGE(K5:M5) -> 0 | O5: 0 | P5: 0 | Q5: =+O5+P5 -> 0 | R5: =+IF(Q5+N5<=0, "NO COMPRADOR", +IF(Q5<=0, "SIN COMPRA "&+UPPER(TEXT('DINAMICA ENERO 26'!$C$2,"mmm 'yy")), "COMPRADOR")) -> NO COMPRADOR
A6: Distribuidores | B6: Capital | C6: FEDERICO JACUM | D6: 100077477 | E6: VELAZQUEZ JONATAN WALTER | F6: 100079173 | G6: IQF DISTRIBUCION S.A. | H6: 392 | I6: 235.2 | J6: 156.8 | K6: 98 | L6: 980 | M6: 460.6 | N6: =+AVERAGE(K6:M6) -> 512.86667 | O6: 0 | P6: 196 | Q6: =+O6+P6 -> 196 | R6: =+IF(Q6+N6<=0, "NO COMPRADOR", +IF(Q6<=0, "SIN COMPRA "&+UPPER(TEXT('DINAMICA ENERO 26'!$C$2,"mmm 'yy")), "COMPRADOR")) -> COMPRADOR
A7: Distribuidores | B7: Capital | C7: FEDERICO JACUM | D7: 100077477 | E7: VELAZQUEZ JONATAN WALTER | F7: 100079594 | G7: DANIEL BUENO SAU | H7: 343 | I7: 196 | J7: 343 | K7: 196 | L7: 98 | M7: 392 | N7: =+AVERAGE(K7:M7) -> 228.66667 | O7: 0 | P7: 0 | Q7: =+O7+P7 -> 0 | R7: =+IF(Q7+N7<=0, "NO COMPRADOR", +IF(Q7<=0, "SIN COMPRA "&+UPPER(TEXT('DINAMICA ENERO 26'!$C$2,"mmm 'yy")), "COMPRADOR")) -> SIN COMPRA FEB '26
A8: Distribuidores | B8: Capital | C8: FEDERICO JACUM | D8: 100077477 | E8: VELAZQUEZ JONATAN WALTER | F8: 100078788 | G8: CAMPO DE SABORES S.A.S. | H8: 490 | I8: 460.6 | J8: 539 | K8: 343 | L8: 784 | M8: 588 | N8: =+AVERAGE(K8:M8) -> 571.66667 | O8: 588 | P8: 0 | Q8: =+O8+P8 -> 588 | R8: =+IF(Q8+N8<=0, "NO COMPRADOR", +IF(Q8<=0, "SIN COMPRA "&+UPPER(TEXT('DINAMICA ENERO 26'!$C$2,"mmm 'yy")), "COMPRADOR")) -> COMPRADOR
A9: Distribuidores | B9: Capital | C9: FEDERICO JACUM | D9: 100077477 | E9: VELAZQUEZ JONATAN WALTER | F9: 100084185 | G9: ADN DISTRIBUCION S.R.L. | H9: 0 | I9: 147 | J9: 245 | K9: 196 | L9: 147 | M9: 196 | N9: =+AVERAGE(K9:M9) -> 179.66667 | O9: 49 | P9: 0 | Q9: =+O9+P9 -> 49 | R9: =+IF(Q9+N9<=0, "NO COMPRADOR", +IF(Q9<=0, "SIN COMPRA "&+UPPER(TEXT('DINAMICA ENERO 26'!$C$2,"mmm 'yy")), "COMPRADOR")) -> COMPRADOR
A10: Distribuidores | B10: Capital | C10: FEDERICO JACUM | D10: 100077477 | E10: VELAZQUEZ JONATAN WALTER | F10: 100087922 | G10: FETECH INVESTMENTS S.A. | H10: 0 | I10: 0 | J10: 0 | K10: 0 | L10: 0 | M10: 0 | N10: =+AVERAGE(K10:M10) -> 0 | O10: 0 | P10: 0 | Q10: =+O10+P10 -> 0 | R10: =+IF(Q10+N10<=0, "NO COMPRADOR", +IF(Q10<=0, "SIN COMPRA "&+UPPER(TEXT('DINAMICA ENERO 26'!$C$2,"mmm 'yy")), "COMPRADOR")) -> NO COMPRADOR
A11: Distribuidores | B11: Capital | C11: FEDERICO JACUM | D11: 100077477 | E11: VELAZQUEZ JONATAN WALTER | F11: 100071741 | G11: BRIENZA DISTRIBUIDORA SOCIEDAD ANONIMA | H11: 0 | I11: 9.8 | J11: 0 | K11: 0 | L11: 0 | M11: 0 | N11: =+AVERAGE(K11:M11) -> 0 | O11: 0 | P11: 0 | Q11: =+O11+P11 -> 0 | R11: =+IF(Q11+N11<=0, "NO COMPRADOR", +IF(Q11<=0, "SIN COMPRA "&+UPPER(TEXT('DINAMICA ENERO 26'!$C$2,"mmm 'yy")), "COMPRADOR")) -> NO COMPRADOR
A12: Distribuidores | B12: Capital | C12: FEDERICO JACUM | D12: 100077477 | E12: VELAZQUEZ JONATAN WALTER | F12: 100075448 | G12: V&D LAS DOS MARIAS SRL | H12: 39.2 | I12: 19.6 | J12: 0 | K12: 0 | L12: 0 | M12: 0 | N12: =+AVERAGE(K12:M12) -> 0 | O12: 0 | P12: 0 | Q12: =+O12+P12 -> 0 | R12: =+IF(Q12+N12<=0, "NO COMPRADOR", +IF(Q12<=0, "SIN COMPRA "&+UPPER(TEXT('DINAMICA ENERO 26'!$C$2,"mmm 'yy")), "COMPRADOR")) -> NO COMPRADOR
A13: Distribuidores | B13: Capital | C13: FEDERICO JACUM | D13: 100077477 | E13: VELAZQUEZ JONATAN WALTER | F13: 100089232 | G13: DOBLE V DISTRIBUIDORES | H13: 0 | I13: 49 | J13: 9.8 | K13: 0 | L13: 0 | M13: 0 | N13: =+AVERAGE(K13:M13) -> 0 | O13: 0 | P13: 0 | Q13: =+O13+P13 -> 0 | R13: =+IF(Q13+N13<=0, "NO COMPRADOR", +IF(Q13<=0, "SIN COMPRA "&+UPPER(TEXT('DINAMICA ENERO 26'!$C$2,"mmm 'yy")), "COMPRADOR")) -> NO COMPRADOR
A14: Distribuidores | B14: GBA (Oeste) | C14: FEDERICO JACUM | D14: 100041217 | E14: TAPIA NERINA MARIELA | F14: 100073953 | G14: COMESTIBLES LUFAR SRL | H14: 0 | I14: 0 | J14: 0 | K14: 0 | L14: 0 | M14: 0 | N14: =+AVERAGE(K14:M14) -> 0 | O14: 0 | P14: 0 | Q14: =+O14+P14 -> 0 | R14: =+IF(Q14+N14<=0, "NO COMPRADOR", +IF(Q14<=0, "SIN COMPRA "&+UPPER(TEXT('DINAMICA ENERO 26'!$C$2,"mmm 'yy")), "COMPRADOR")) -> NO COMPRADOR
... A366: Distribuidores | B366: NEA | C366: DALLA VERDE RAMON ADRIAN | D366: 100075073 | E366: SANCHEZ JUAN CARLOS | F366: 100001336 | G366: CASA VELAZ SOCIEDAD DE RESPONSABILIDAD LIMITADA | H366: 0 | I366: 0 | J366: 0 | K366: 0 | L366: 0 | M366: 0 | N366: =+AVERAGE(K366:M366) -> 0 | O366: 0 | P366: 0 | Q366: =+O366+P366 -> 0 | R366: =+IF(Q366+N366<=0, "NO COMPRADOR", +IF(Q366<=0, "SIN COMPRA "&+UPPER(TEXT('DINAMICA ENERO 26'!$C$2,"mmm 'yy")), "COMPRADOR")) -> NO COMPRADOR

Sheet Veggies
A1: COMPRADORES VEGGIES | S1: 100521455 | T1: 100521457 | U1: 100521453 | V1: 100521454
A2: CANAL | B2: ZONA | C2: Jefe | D2: COD VENDEDOR | E2: NOM VENDEDOR | F2: COD CENTRALIZADOR | G2: NOM CENTRALIZADOR | H2: AGO 25 | I2: SEP 25 | J2: OCT 25 | K2: NOV '25 | L2: DIC '25 | M2: ENE '26 | N2: PROMEDIO ULT 3 MESES | O2: =+UPPER(TEXT('DINAMICA ENERO 26'!$C$2,"mmm 'yy"))&" FACT" -> FEB '26 FACT | P2: =+UPPER(TEXT('DINAMICA ENERO 26'!$C$2,"mmm 'yy"))&" PEND." -> FEB '26 PEND. | Q2: =+UPPER(TEXT('DINAMICA ENERO 26'!$C$2,"mmm 'yy"))&" TOTAL" -> FEB '26 TOTAL | R2: ESTADO
A3: Distribuidores | B3: Capital | C3: FEDERICO JACUM | D3: 100077477 | E3: VELAZQUEZ JONATAN WALTER | F3: 100086577 | G3: LOGISTICA Y DISTRIBUCION RIBAUDO HNOS S.A. | H3: 122.4 | I3: 20.4 | J3: 4.8 | K3: 20.4 | L3: 20.4 | M3: 0 | N3: =+AVERAGE(K3:M3) -> 13.6 | O3: 0 | P3: 0 | Q3: =+O3+P3 -> 0 | R3: =+IF(Q3+N3<=0, "NO COMPRADOR", +IF(Q3<=0, "SIN COMPRA "&+UPPER(TEXT('DINAMICA ENERO 26'!$C$2,"mmm 'yy")), "COMPRADOR")) -> SIN COMPRA FEB '26
A4: Distribuidores | B4: Capital | C4: FEDERICO JACUM | D4: 100077477 | E4: VELAZQUEZ JONATAN WALTER | F4: 100065731 | G4: CINCUNEGUI MARCELO RODOLFO | H4: 0 | I4: 0 | J4: 0 | K4: 0 | L4: 0 | M4: 0 | N4: =+AVERAGE(K4:M4) -> 0 | O4: 0 | P4: 0 | Q4: =+O4+P4 -> 0 | R4: =+IF(Q4+N4<=0, "NO COMPRADOR", +IF(Q4<=0, "SIN COMPRA "&+UPPER(TEXT('DINAMICA ENERO 26'!$C$2,"mmm 'yy")), "COMPRADOR")) -> NO COMPRADOR
A5: Distribuidores | B5: Capital | C5: FEDERICO JACUM | D5: 100077477 | E5: VELAZQUEZ JONATAN WALTER | F5: 100010095 | G5: SUPERCONGELADOS FATIMA SOCIEDAD ANONIMA | H5: 4.8 | I5: 0 | J5: 0 | K5: 15 | L5: 0 | M5: 9.6 | N5: =+AVERAGE(K5:M5) -> 8.2 | O5: 15 | P5: 0 | Q5: =+O5+P5 -> 15 | R5: =+IF(Q5+N5<=0, "NO COMPRADOR", +IF(Q5<=0, "SIN COMPRA "&+UPPER(TEXT('DINAMICA ENERO 26'!$C$2,"mmm 'yy")), "COMPRADOR")) -> COMPRADOR
A6: Distribuidores | B6: Capital | C6: FEDERICO JACUM | D6: 100077477 | E6: VELAZQUEZ JONATAN WALTER | F6: 100079173 | G6: IQF DISTRIBUCION S.A. | H6: 27 | I6: 24 | J6: 48 | K6: 0 | L6: 115.2 | M6: 9.6 | N6: =+AVERAGE(K6:M6) -> 41.6 | O6: 0 | P6: 0 | Q6: =+O6+P6 -> 0 | R6: =+IF(Q6+N6<=0, "NO COMPRADOR", +IF(Q6<=0, "SIN COMPRA "&+UPPER(TEXT('DINAMICA ENERO 26'!$C$2,"mmm 'yy")), "COMPRADOR")) -> SIN COMPRA FEB '26
A7: Distribuidores | B7: Capital | C7: FEDERICO JACUM | D7: 100077477 | E7: VELAZQUEZ JONATAN WALTER | F7: 100079594 | G7: DANIEL BUENO SAU | H7: 30 | I7: 0 | J7: 10.2 | K7: 5.4 | L7: 4.8 | M7: 10.2 | N7: =+AVERAGE(K7:M7) -> 6.8 | O7: 0 | P7: 0 | Q7: =+O7+P7 -> 0 | R7: =+IF(Q7+N7<=0, "NO COMPRADOR", +IF(Q7<=0, "SIN COMPRA "&+UPPER(TEXT('DINAMICA ENERO 26'!$C$2,"mmm 'yy")), "COMPRADOR")) -> SIN COMPRA FEB '26
A8: Distribuidores | B8: Capital | C8: FEDERICO JACUM | D8: 100077477 | E8: VELAZQUEZ JONATAN WALTER | F8: 100078788 | G8: CAMPO DE SABORES S.A.S. | H8: 0 | I8: 115.2 | J8: 0 | K8: 21.6 | L8: 33.6 | M8: 99.6 | N8: =+AVERAGE(K8:M8) -> 51.6 | O8: 33.6 | P8: 0 | Q8: =+O8+P8 -> 33.6 | R8: =+IF(Q8+N8<=0, "NO COMPRADOR", +IF(Q8<=0, "SIN COMPRA "&+UPPER(TEXT('DINAMICA ENERO 26'!$C$2,"mmm 'yy")), "COMPRADOR")) -> COMPRADOR
A9: Distribuidores | B9: Capital | C9: FEDERICO JACUM | D9: 100077477 | E9: VELAZQUEZ JONATAN WALTER | F9: 100084185 | G9: ADN DISTRIBUCION S.R.L. | H9: 5.4 | I9: 19.8 | J9: 0 | K9: 40.8 | L9: 5.4 | M9: 10.8 | N9: =+AVERAGE(K9:M9) -> 19 | O9: 19.2 | P9: 0 | Q9: =+O9+P9 -> 19.2 | R9: =+IF(Q9+N9<=0, "NO COMPRADOR", +IF(Q9<=0, "SIN COMPRA "&+UPPER(TEXT('DINAMICA ENERO 26'!$C$2,"mmm 'yy")), "COMPRADOR")) -> COMPRADOR
A10: Distribuidores | B10: Capital | C10: FEDERICO JACUM | D10: 100077477 | E10: VELAZQUEZ JONATAN WALTER | F10: 100087922 | G10: FETECH INVESTMENTS S.A. | H10: 0 | I10: 0 | J10: 0 | K10: 0 | L10: 0 | M10: 0 | N10: =+AVERAGE(K10:M10) -> 0 | O10: 0 | P10: 0 | Q10: =+O10+P10 -> 0 | R10: =+IF(Q10+N10<=0, "NO COMPRADOR", +IF(Q10<=0, "SIN COMPRA "&+UPPER(TEXT('DINAMICA ENERO 26'!$C$2,"mmm 'yy")), "COMPRADOR")) -> NO COMPRADOR
A11: Distribuidores | B11: Capital | C11: FEDERICO JACUM | D11: 100077477 | E11: VELAZQUEZ JONATAN WALTER | F11: 100071741 | G11: BRIENZA DISTRIBUIDORA SOCIEDAD ANONIMA | H11: 0 | I11: 5.4 | J11: 4.8 | K11: 15 | L11: 5.4 | M11: 0 | N11: =+AVERAGE(K11:M11) -> 6.8 | O11: 9.6 | P11: 0 | Q11: =+O11+P11 -> 9.6 | R11: =+IF(Q11+N11<=0, "NO COMPRADOR", +IF(Q11<=0, "SIN COMPRA "&+UPPER(TEXT('DINAMICA ENERO 26'!$C$2,"mmm 'yy")), "COMPRADOR")) -> COMPRADOR
A12: Distribuidores | B12: Capital | C12: FEDERICO JACUM | D12: 100077477 | E12: VELAZQUEZ JONATAN WALTER | F12: 100075448 | G12: V&D LAS DOS MARIAS SRL | H12: 51.6 | I12: 15 | J12: 15 | K12: 10.8 | L12: 0 | M12: 0 | N12: =+AVERAGE(K12:M12) -> 3.6 | O12: 0 | P12: 0 | Q12: =+O12+P12 -> 0 | R12: =+IF(Q12+N12<=0, "NO COMPRADOR", +IF(Q12<=0, "SIN COMPRA "&+UPPER(TEXT('DINAMICA ENERO 26'!$C$2,"mmm 'yy")), "COMPRADOR")) -> SIN COMPRA FEB '26
A13: Distribuidores | B13: Capital | C13: FEDERICO JACUM | D13: 100077477 | E13: VELAZQUEZ JONATAN WALTER | F13: 100089232 | G13: DOBLE V DISTRIBUIDORES | H13: 0 | I13: 0 | J13: 0 | K13: 0 | L13: 0 | M13: 0 | N13: =+AVERAGE(K13:M13) -> 0 | O13: 0 | P13: 0 | Q13: =+O13+P13 -> 0 | R13: =+IF(Q13+N13<=0, "NO COMPRADOR", +IF(Q13<=0, "SIN COMPRA "&+UPPER(TEXT('DINAMICA ENERO 26'!$C$2,"mmm 'yy")), "COMPRADOR")) -> NO COMPRADOR
A14: Distribuidores | B14: GBA (Oeste) | C14: FEDERICO JACUM | D14: 100041217 | E14: TAPIA NERINA MARIELA | F14: 100073953 | G14: COMESTIBLES LUFAR SRL | H14: 0 | I14: 0 | J14: 0 | K14: 0 | L14: 0 | M14: 0 | N14: =+AVERAGE(K14:M14) -> 0 | O14: 0 | P14: 0 | Q14: =+O14+P14 -> 0 | R14: =+IF(Q14+N14<=0, "NO COMPRADOR", +IF(Q14<=0, "SIN COMPRA "&+UPPER(TEXT('DINAMICA ENERO 26'!$C$2,"mmm 'yy")), "COMPRADOR")) -> NO COMPRADOR
... A366: Distribuidores | B366: NEA | C366: DALLA VERDE RAMON ADRIAN | D366: 100075073 | E366: SANCHEZ JUAN CARLOS | F366: 100001336 | G366: CASA VELAZ SOCIEDAD DE RESPONSABILIDAD LIMITADA | H366: 0 | I366: 0 | J366: 0 | K366: 0 | L366: 0 | M366: 0 | N366: =+AVERAGE(K366:M366) -> 0 | O366: 0 | P366: 0 | Q366: =+O366+P366 -> 0 | R366: =+IF(Q366+N366<=0, "NO COMPRADOR", +IF(Q366<=0, "SIN COMPRA "&+UPPER(TEXT('DINAMICA ENERO 26'!$C$2,"mmm 'yy")), "COMPRADOR")) -> NO COMPRADOR

Sheet Untables
A1: COMPRADORES NUEVOS LANZAMIENTOS RB | S1: OCT '25 | U1: NOV 25 | W1: DIC 25 | Y1: ENE 25 | AA1: PROMEDIO | AD1: CHILE CHIPOTLE (522277) | AG1: JALAPEÑO (522333) | AL1: 100522277 | AM1: 100522333
A2: CANAL | B2: ZONA | C2: Jefe | D2: COD VENDEDOR | E2: NOM VENDEDOR | F2: COD CENTRALIZADOR | G2: NOM CENTRALIZADOR | S2: CHILE CHIPOTLE (522277) | T2: JALAPEÑO (522333) | U2: CHILE CHIPOTLE (522277) | V2: JALAPEÑO (522333) | W2: CHILE CHIPOTLE (522277) | X2: JALAPEÑO (522333) | Y2: CHILE CHIPOTLE (522277) | Z2: JALAPEÑO (522333) | AA2: CHILE CHIPOTLE (522277) | AB2: JALAPEÑO (522333) | AD2: =+UPPER(TEXT('DINAMICA ENERO 26'!$C$2,"mmm 'yy"))&" FACT" -> FEB '26 FACT | AE2: =+UPPER(TEXT('DINAMICA ENERO 26'!$C$2,"mmm 'yy"))&" PEND." -> FEB '26 PEND. | AF2: =+UPPER(TEXT('DINAMICA ENERO 26'!$C$2,"mmm 'yy"))&" TOTAL" -> FEB '26 TOTAL | AG2: =+UPPER(TEXT('DINAMICA ENERO 26'!$C$2,"mmm 'yy"))&" FACT" -> FEB '26 FACT | AH2: =+UPPER(TEXT('DINAMICA ENERO 26'!$C$2,"mmm 'yy"))&" PEND." -> FEB '26 PEND. | AI2: =+UPPER(TEXT('DINAMICA ENERO 26'!$C$2,"mmm 'yy"))&" TOTAL" -> FEB '26 TOTAL | AJ2: TOTAL | AK2: ESTADO
A3: Distribuidores | B3: Capital | C3: FEDERICO JACUM | D3: 100077477 | E3: VELAZQUEZ JONATAN WALTER | F3: 100086577 | G3: LOGISTICA Y DISTRIBUCION RIBAUDO HNOS S.A. | S3: 86.4 | T3: 86.4 | U3: 86.4 | V3: 86.4 | W3: 86.4 | X3: 86.4 | Y3: 0 | Z3: 0 | AA3: =+AVERAGE(U3,W3,Y3) -> 57.6 | AB3: =+AVERAGE(V3,X3,Z3) -> 57.6 | AD3: 0 | AE3: 0 | AF3: =+AD3+AE3 -> 0 | AG3: 0 | AH3: 0 | AI3: =+AG3+AH3 -> 0 | AJ3: =+AF3+AI3 -> 0 | AK3: =+IF(AB3+AA3+AJ3<=0, "NO COMPRADOR", +IF(AJ3<=0, "SIN COMPRA "&+UPPER(TEXT('DINAMICA ENERO 26'!$C$2,"mmm 'yy")), "COMPRADOR")) -> SIN COMPRA FEB '26
A4: Distribuidores | B4: Capital | C4: FEDERICO JACUM | D4: 100077477 | E4: VELAZQUEZ JONATAN WALTER | F4: 100065731 | G4: CINCUNEGUI MARCELO RODOLFO | S4: 0 | T4: 0 | U4: 0 | V4: 0 | W4: 0 | X4: 0 | Y4: 0 | Z4: 0 | AA4: =+AVERAGE(U4,W4,Y4) -> 0 | AB4: =+AVERAGE(V4,X4,Z4) -> 0 | AD4: 0 | AE4: 0 | AF4: =+AD4+AE4 -> 0 | AG4: 0 | AH4: 0 | AI4: =+AG4+AH4 -> 0 | AJ4: =+AF4+AI4 -> 0 | AK4: =+IF(AB4+AA4+AJ4<=0, "NO COMPRADOR", +IF(AJ4<=0, "SIN COMPRA "&+UPPER(TEXT('DINAMICA ENERO 26'!$C$2,"mmm 'yy")), "COMPRADOR")) -> NO COMPRADOR
A5: Distribuidores | B5: Capital | C5: FEDERICO JACUM | D5: 100077477 | E5: VELAZQUEZ JONATAN WALTER | F5: 100010095 | G5: SUPERCONGELADOS FATIMA SOCIEDAD ANONIMA | S5: 0 | T5: 0 | U5: 0 | V5: 0 | W5: 2.16 | X5: 2.16 | Y5: 0 | Z5: 0 | AA5: =+AVERAGE(U5,W5,Y5) -> 0.72 | AB5: =+AVERAGE(V5,X5,Z5) -> 0.72 | AD5: 0 | AE5: 0 | AF5: =+AD5+AE5 -> 0 | AG5: 0 | AH5: 0 | AI5: =+AG5+AH5 -> 0 | AJ5: =+AF5+AI5 -> 0 | AK5: =+IF(AB5+AA5+AJ5<=0, "NO COMPRADOR", +IF(AJ5<=0, "SIN COMPRA "&+UPPER(TEXT('DINAMICA ENERO 26'!$C$2,"mmm 'yy")), "COMPRADOR")) -> SIN COMPRA FEB '26
A6: Distribuidores | B6: Capital | C6: FEDERICO JACUM | D6: 100077477 | E6: VELAZQUEZ JONATAN WALTER | F6: 100079173 | G6: IQF DISTRIBUCION S.A. | S6: 43.2 | T6: 43.2 | U6: 116.64 | V6: 116.64 | W6: 99.36 | X6: 54 | Y6: 0 | Z6: 43.2 | AA6: =+AVERAGE(U6,W6,Y6) -> 72 | AB6: =+AVERAGE(V6,X6,Z6) -> 71.28 | AD6: 0 | AE6: 10.8 | AF6: =+AD6+AE6 -> 10.8 | AG6: 64.8 | AH6: 0 | AI6: =+AG6+AH6 -> 64.8 | AJ6: =+AF6+AI6 -> 75.6 | AK6: =+IF(AB6+AA6+AJ6<=0, "NO COMPRADOR", +IF(AJ6<=0, "SIN COMPRA "&+UPPER(TEXT('DINAMICA ENERO 26'!$C$2,"mmm 'yy")), "COMPRADOR")) -> COMPRADOR
A7: Distribuidores | B7: Capital | C7: FEDERICO JACUM | D7: 100077477 | E7: VELAZQUEZ JONATAN WALTER | F7: 100079594 | G7: DANIEL BUENO SAU | S7: 388.8 | T7: 388.8 | U7: 216 | V7: 216 | W7: 0 | X7: 0 | Y7: 0 | Z7: 0 | AA7: =+AVERAGE(U7,W7,Y7) -> 72 | AB7: =+AVERAGE(V7,X7,Z7) -> 72 | AD7: 0 | AE7: 0 | AF7: =+AD7+AE7 -> 0 | AG7: 0 | AH7: 0 | AI7: =+AG7+AH7 -> 0 | AJ7: =+AF7+AI7 -> 0 | AK7: =+IF(AB7+AA7+AJ7<=0, "NO COMPRADOR", +IF(AJ7<=0, "SIN COMPRA "&+UPPER(TEXT('DINAMICA ENERO 26'!$C$2,"mmm 'yy")), "COMPRADOR")) -> SIN COMPRA FEB '26
A8: Distribuidores | B8: Capital | C8: FEDERICO JACUM | D8: 100077477 | E8: VELAZQUEZ JONATAN WALTER | F8: 100078788 | G8: CAMPO DE SABORES S.A.S. | S8: 108 | T8: 108 | U8: 367.2 | V8: 367.2 | W8: 302.4 | X8: 302.4 | Y8: 118.8 | Z8: 118.8 | AA8: =+AVERAGE(U8,W8,Y8) -> 262.8 | AB8: =+AVERAGE(V8,X8,Z8) -> 262.8 | AD8: 43.2 | AE8: 0 | AF8: =+AD8+AE8 -> 43.2 | AG8: 86.4 | AH8: 0 | AI8: =+AG8+AH8 -> 86.4 | AJ8: =+AF8+AI8 -> 129.6 | AK8: =+IF(AB8+AA8+AJ8<=0, "NO COMPRADOR", +IF(AJ8<=0, "SIN COMPRA "&+UPPER(TEXT('DINAMICA ENERO 26'!$C$2,"mmm 'yy")), "COMPRADOR")) -> COMPRADOR
A9: Distribuidores | B9: Capital | C9: FEDERICO JACUM | D9: 100077477 | E9: VELAZQUEZ JONATAN WALTER | F9: 100084185 | G9: ADN DISTRIBUCION S.R.L. | S9: 0 | T9: 0 | U9: 0 | V9: 0 | W9: 21.6 | X9: 21.6 | Y9: 32.4 | Z9: 32.4 | AA9: =+AVERAGE(U9,W9,Y9) -> 18 | AB9: =+AVERAGE(V9,X9,Z9) -> 18 | AD9: 10.8 | AE9: 0 | AF9: =+AD9+AE9 -> 10.8 | AG9: 10.8 | AH9: 0 | AI9: =+AG9+AH9 -> 10.8 | AJ9: =+AF9+AI9 -> 21.6 | AK9: =+IF(AB9+AA9+AJ9<=0, "NO COMPRADOR", +IF(AJ9<=0, "SIN COMPRA "&+UPPER(TEXT('DINAMICA ENERO 26'!$C$2,"mmm 'yy")), "COMPRADOR")) -> COMPRADOR
A10: Distribuidores | B10: Capital | C10: FEDERICO JACUM | D10: 100077477 | E10: VELAZQUEZ JONATAN WALTER | F10: 100087922 | G10: FETECH INVESTMENTS S.A. | S10: 0 | T10: 0 | U10: 0 | V10: 0 | W10: 0 | X10: 0 | Y10: 0 | Z10: 0 | AA10: =+AVERAGE(U10,W10,Y10) -> 0 | AB10: =+AVERAGE(V10,X10,Z10) -> 0 | AD10: 0 | AE10: 0 | AF10: =+AD10+AE10 -> 0 | AG10: 0 | AH10: 0 | AI10: =+AG10+AH10 -> 0 | AJ10: =+AF10+AI10 -> 0 | AK10: =+IF(AB10+AA10+AJ10<=0, "NO COMPRADOR", +IF(AJ10<=0, "SIN COMPRA "&+UPPER(TEXT('DINAMICA ENERO 26'!$C$2,"mmm 'yy")), "COMPRADOR")) -> NO COMPRADOR
A11: Distribuidores | B11: Capital | C11: FEDERICO JACUM | D11: 100077477 | E11: VELAZQUEZ JONATAN WALTER | F11: 100071741 | G11: BRIENZA DISTRIBUIDORA SOCIEDAD ANONIMA | S11: 0 | T11: 0 | U11: 2.16 | V11: 2.16 | W11: 2.16 | X11: 2.16 | Y11: 0 | Z11: 2.16 | AA11: =+AVERAGE(U11,W11,Y11) -> 1.44 | AB11: =+AVERAGE(V11,X11,Z11) -> 2.16 | AD11: 2.16 | AE11: 0 | AF11: =+AD11+AE11 -> 2.16 | AG11: 4.32 | AH11: 0 | AI11: =+AG11+AH11 -> 4.32 | AJ11: =+AF11+AI11 -> 6.48 | AK11: =+IF(AB11+AA11+AJ11<=0, "NO COMPRADOR", +IF(AJ11<=0, "SIN COMPRA "&+UPPER(TEXT('DINAMICA ENERO 26'!$C$2,"mmm 'yy")), "COMPRADOR")) -> COMPRADOR
A12: Distribuidores | B12: Capital | C12: FEDERICO JACUM | D12: 100077477 | E12: VELAZQUEZ JONATAN WALTER | F12: 100075448 | G12: V&D LAS DOS MARIAS SRL | S12: 4.32 | T12: 4.32 | U12: 30.24 | V12: 30.24 | W12: 21.6 | X12: 21.6 | Y12: 0 | Z12: 0 | AA12: =+AVERAGE(U12,W12,Y12) -> 17.28 | AB12: =+AVERAGE(V12,X12,Z12) -> 17.28 | AD12: 0 | AE12: 0 | AF12: =+AD12+AE12 -> 0 | AG12: 0 | AH12: 0 | AI12: =+AG12+AH12 -> 0 | AJ12: =+AF12+AI12 -> 0 | AK12: =+IF(AB12+AA12+AJ12<=0, "NO COMPRADOR", +IF(AJ12<=0, "SIN COMPRA "&+UPPER(TEXT('DINAMICA ENERO 26'!$C$2,"mmm 'yy")), "COMPRADOR")) -> SIN COMPRA FEB '26
A13: Distribuidores | B13: Capital | C13: FEDERICO JACUM | D13: 100077477 | E13: VELAZQUEZ JONATAN WALTER | F13: 100089232 | G13: DOBLE V DISTRIBUIDORES | S13: 0 | T13: 0 | U13: 0 | V13: 0 | W13: 0 | X13: 0 | Y13: 0 | Z13: 0 | AA13: =+AVERAGE(U13,W13,Y13) -> 0 | AB13: =+AVERAGE(V13,X13,Z13) -> 0 | AD13: 0 | AE13: 0 | AF13: =+AD13+AE13 -> 0 | AG13: 0 | AH13: 0 | AI13: =+AG13+AH13 -> 0 | AJ13: =+AF13+AI13 -> 0 | AK13: =+IF(AB13+AA13+AJ13<=0, "NO COMPRADOR", +IF(AJ13<=0, "SIN COMPRA "&+UPPER(TEXT('DINAMICA ENERO 26'!$C$2,"mmm 'yy")), "COMPRADOR")) -> NO COMPRADOR
A14: Distribuidores | B14: GBA (Oeste) | C14: FEDERICO JACUM | D14: 100041217 | E14: TAPIA NERINA MARIELA | F14: 100073953 | G14: COMESTIBLES LUFAR SRL | S14: 0 | T14: 0 | U14: 0 | V14: 0 | W14: 0 | X14: 0 | Y14: 0 | Z14: 0 | AA14: =+AVERAGE(U14,W14,Y14) -> 0 | AB14: =+AVERAGE(V14,X14,Z14) -> 0 | AD14: 0 | AE14: 0 | AF14: =+AD14+AE14 -> 0 | AG14: 0 | AH14: 0 | AI14: =+AG14+AH14 -> 0 | AJ14: =+AF14+AI14 -> 0 | AK14: =+IF(AB14+AA14+AJ14<=0, "NO COMPRADOR", +IF(AJ14<=0, "SIN COMPRA "&+UPPER(TEXT('DINAMICA ENERO 26'!$C$2,"mmm 'yy")), "COMPRADOR")) -> NO COMPRADOR
... A22: Distribuidores | B22: GBA (Sur) | C22: FEDERICO JACUM | D22: 100080146 | E22: VINCZE CINTIA LORENA | F22: 100001763 | G22: FORCINITTI DISTRIBUIDORA S.A. | S22: 64.8 | T22: 43.2 | U22: 54 | V22: 54 | W22: 10.8 | X22: 10.8 | Y22: 43.2 | Z22: 43.2 | AA22: =+AVERAGE(U22,W22,Y22) -> 36 | AB22: =+AVERAGE(V22,X22,Z22) -> 36 | AD22: 0 | AE22: 0 | AF22: =+AD22+AE22 -> 0 | AG22: 0 | AH22: 0 | AI22: =+AG22+AH22 -> 0 | AJ22: =+AF22+AI22 -> 0 | AK22: =+IF(AB22+AA22+AJ22<=0, "NO COMPRADOR", +IF(AJ22<=0, "SIN COMPRA "&+UPPER(TEXT('DINAMICA ENERO 26'!$C$2,"mmm 'yy")), "COMPRADOR")) -> SIN COMPRA FEB '26
A23: Distribuidores | B23: GBA (Sur) | C23: FEDERICO JACUM | D23: 100080146 | E23: VINCZE CINTIA LORENA | F23: 100025425 | G23: REALES AGRUPACION DE COLABORACION EMPRESARIA | H23: 0 | I23: 0 | J23: 0 | K23: 0 | S23: 0 | T23: 0 | U23: 0 | V23: 0 | W23: 64.8 | X23: 64.8 | Y23: 8.64 | Z23: 2.16 | AA23: =+AVERAGE(U23,W23,Y23) -> 24.48 | AB23: =+AVERAGE(V23,X23,Z23) -> 22.32 | AD23: 0 | AE23: 0 | AF23: =+AD23+AE23 -> 0 | AG23: 0 | AH23: 0 | AI23: =+AG23+AH23 -> 0 | AJ23: =+AF23+AI23 -> 0 | AK23: =+IF(AB23+AA23+AJ23<=0, "NO COMPRADOR", +IF(AJ23<=0, "SIN COMPRA "&+UPPER(TEXT('DINAMICA ENERO 26'!$C$2,"mmm 'yy")), "COMPRADOR")) -> SIN COMPRA FEB '26
A24: Distribuidores | B24: GBA (Sur) | C24: FEDERICO JACUM | D24: 100068884 | E24: GOMEZ OURAL ALBERTO | F24: 100079808 | G24: SATIMA S.R.L | S24: 129.6 | T24: 129.6 | U24: 162 | V24: 162 | W24: 151.2 | X24: 151.2 | Y24: 0 | Z24: 0 | AA24: =+AVERAGE(U24,W24,Y24) -> 104.4 | AB24: =+AVERAGE(V24,X24,Z24) -> 104.4 | AD24: 0 | AE24: 0 | AF24: =+AD24+AE24 -> 0 | AG24: 0 | AH24: 0 | AI24: =+AG24+AH24 -> 0 | AJ24: =+AF24+AI24 -> 0 | AK24: =+IF(AB24+AA24+AJ24<=0, "NO COMPRADOR", +IF(AJ24<=0, "SIN COMPRA "&+UPPER(TEXT('DINAMICA ENERO 26'!$C$2,"mmm 'yy")), "COMPRADOR")) -> SIN COMPRA FEB '26
A25: Distribuidores | B25: GBA (Sur) | C25: FEDERICO JACUM | D25: 100068884 | E25: GOMEZ OURAL ALBERTO | F25: 100069053 | G25: BORATI SA | S25: 51.84 | T25: 51.84 | U25: 0 | V25: 0 | W25: 0 | X25: 0 | Y25: 64.8 | Z25: 0 | AA25: =+AVERAGE(U25,W25,Y25) -> 21.6 | AB25: =+AVERAGE(V25,X25,Z25) -> 0 | AD25: 0 | AE25: 0 | AF25: =+AD25+AE25 -> 0 | AG25: 0 | AH25: 0 | AI25: =+AG25+AH25 -> 0 | AJ25: =+AF25+AI25 -> 0 | AK25: =+IF(AB25+AA25+AJ25<=0, "NO COMPRADOR", +IF(AJ25<=0, "SIN COMPRA "&+UPPER(TEXT('DINAMICA ENERO 26'!$C$2,"mmm 'yy")), "COMPRADOR")) -> SIN COMPRA FEB '26
A26: Distribuidores | B26: GBA (Sur) | C26: FEDERICO JACUM | D26: 100068884 | E26: GOMEZ OURAL ALBERTO | F26: 100061654 | G26: RICARDO BLANCO E HIJOS S R L | S26: 0 | T26: 0 | U26: 108 | V26: 108 | W26: 64.8 | X26: 64.8 | Y26: 0 | Z26: 64.8 | AA26: =+AVERAGE(U26,W26,Y26) -> 57.6 | AB26: =+AVERAGE(V26,X26,Z26) -> 79.2 | AD26: 0 | AE26: 0 | AF26: =+AD26+AE26 -> 0 | AG26: 0 | AH26: 0 | AI26: =+AG26+AH26 -> 0 | AJ26: =+AF26+AI26 -> 0 | AK26: =+IF(AB26+AA26+AJ26<=0, "NO COMPRADOR", +IF(AJ26<=0, "SIN COMPRA "&+UPPER(TEXT('DINAMICA ENERO 26'!$C$2,"mmm 'yy")), "COMPRADOR")) -> SIN COMPRA FEB '26
A27: Distribuidores | B27: COSTA | C27: FEDERICO JACUM | D27: 100088165 | E27: MARTINO FLAVIO | F27: 100000073 | G27: MAIOLO S.R.L. | S27: 30.24 | T27: 30.24 | U27: 34.56 | V27: 64.8 | W27: 2.16 | X27: 2.16 | Y27: 64.8 | Z27: 86.4 | AA27: =+AVERAGE(U27,W27,Y27) -> 33.84 | AB27: =+AVERAGE(V27,X27,Z27) -> 51.12 | AD27: 0 | AE27: 0 | AF27: =+AD27+AE27 -> 0 | AG27: 0 | AH27: 0 | AI27: =+AG27+AH27 -> 0 | AJ27: =+AF27+AI27 -> 0 | AK27: =+IF(AB27+AA27+AJ27<=0, "NO COMPRADOR", +IF(AJ27<=0, "SIN COMPRA "&+UPPER(TEXT('DINAMICA ENERO 26'!$C$2,"mmm 'yy")), "COMPRADOR")) -> SIN COMPRA FEB '26
A28: Distribuidores | B28: COSTA | C28: FEDERICO JACUM | D28: 100088165 | E28: MARTINO FLAVIO | F28: 100078580 | G28: DASAJU DISTRIBUIDORA S.A | S28: 21.6 | T28: 21.6 | U28: 21.6 | V28: 21.6 | W28: 0 | X28: 0 | Y28: 0 | Z28: 2.16 | AA28: =+AVERAGE(U28,W28,Y28) -> 7.2 | AB28: =+AVERAGE(V28,X28,Z28) -> 7.92 | AD28: 0 | AE28: 0 | AF28: =+AD28+AE28 -> 0 | AG28: 0 | AH28: 0 | AI28: =+AG28+AH28 -> 0 | AJ28: =+AF28+AI28 -> 0 | AK28: =+IF(AB28+AA28+AJ28<=0, "NO COMPRADOR", +IF(AJ28<=0, "SIN COMPRA "&+UPPER(TEXT('DINAMICA ENERO 26'!$C$2,"mmm 'yy")), "COMPRADOR")) -> SIN COMPRA FEB '26
A29: Distribuidores | B29: COSTA | C29: FEDERICO JACUM | D29: 100088165 | E29: MARTINO FLAVIO | F29: 100080926 | G29: DEANCAR SERVICIOS SA | S29: 21.6 | T29: 21.6 | U29: 43.2 | V29: 43.2 | W29: 0 | X29: 0 | Y29: 86.4 | Z29: 86.4 | AA29: =+AVERAGE(U29,W29,Y29) -> 43.2 | AB29: =+AVERAGE(V29,X29,Z29) -> 43.2 | AD29: 0 | AE29: 0 | AF29: =+AD29+AE29 -> 0 | AG29: 64.8 | AH29: 0 | AI29: =+AG29+AH29 -> 64.8 | AJ29: =+AF29+AI29 -> 64.8 | AK29: =+IF(AB29+AA29+AJ29<=0, "NO COMPRADOR", +IF(AJ29<=0, "SIN COMPRA "&+UPPER(TEXT('DINAMICA ENERO 26'!$C$2,"mmm 'yy")), "COMPRADOR")) -> COMPRADOR
A30: Distribuidores | B30: COSTA | C30: FEDERICO JACUM | D30: 100088165 | E30: MARTINO FLAVIO | F30: 100077115 | G30: SABORES S R L | S30: 0 | T30: 0 | U30: 0 | V30: 0 | W30: 0 | X30: 0 | Y30: 0 | Z30: 0 | AA30: =+AVERAGE(U30,W30,Y30) -> 0 | AB30: =+AVERAGE(V30,X30,Z30) -> 0 | AD30: 0 | AE30: 0 | AF30: =+AD30+AE30 -> 0 | AG30: 0 | AH30: 0 | AI30: =+AG30+AH30 -> 0 | AJ30: =+AF30+AI30 -> 0 | AK30: =+IF(AB30+AA30+AJ30<=0, "NO COMPRADOR", +IF(AJ30<=0, "SIN COMPRA "&+UPPER(TEXT('DINAMICA ENERO 26'!$C$2,"mmm 'yy")), "COMPRADOR")) -> NO COMPRADOR
A31: Distribuidores | B31: COSTA | C31: FEDERICO JACUM | D31: 100088165 | E31: MARTINO FLAVIO | F31: 100078578 | G31: MAYOTAN S.R.L EN FORMACION | S31: 17.28 | T31: 17.28 | U31: 0 | V31: 10.8 | W31: 10.8 | X31: 0 | Y31: 0 | Z31: 10.8 | AA31: =+AVERAGE(U31,W31,Y31) -> 3.6 | AB31: =+AVERAGE(V31,X31,Z31) -> 7.2 | AD31: 0 | AE31: 0 | AF31: =+AD31+AE31 -> 0 | AG31: 0 | AH31: 0 | AI31: =+AG31+AH31 -> 0 | AJ31: =+AF31+AI31 -> 0 | AK31: =+IF(AB31+AA31+AJ31<=0, "NO COMPRADOR", +IF(AJ31<=0, "SIN COMPRA "&+UPPER(TEXT('DINAMICA ENERO 26'!$C$2,"mmm 'yy")), "COMPRADOR")) -> SIN COMPRA FEB '26
A32: Distribuidores | B32: COSTA | C32: FEDERICO JACUM | D32: 100088165 | E32: MARTINO FLAVIO | F32: 100021337 | G32: REPRESENTACIONES ALMAR S.R.L. | S32: 32.4 | T32: 32.4 | U32: 0 | V32: 0 | W32: 2.16 | X32: 2.16 | Y32: 0 | Z32: 0 | AA32: =+AVERAGE(U32,W32,Y32) -> 0.72 | AB32: =+AVERAGE(V32,X32,Z32) -> 0.72 | AD32: 0 | AE32: 0 | AF32: =+AD32+AE32 -> 0 | AG32: 0 | AH32: 0 | AI32: =+AG32+AH32 -> 0 | AJ32: =+AF32+AI32 -> 0 | AK32: =+IF(AB32+AA32+AJ32<=0, "NO COMPRADOR", +IF(AJ32<=0, "SIN COMPRA "&+UPPER(TEXT('DINAMICA ENERO 26'!$C$2,"mmm 'yy")), "COMPRADOR")) -> SIN COMPRA FEB '26
A33: Distribuidores | B33: Patagonia | C33: MARCELO VEGA | D33: 100088149 | E33: VILOTTA SEBASTIAN | F33: 100002239 | G33: PUELCHE S.A.I.C.F. | S33: 0 | T33: 0 | U33: 0 | V33: 0 | W33: 0 | X33: 0 | Y33: 0 | Z33: 0 | AA33: =+AVERAGE(U33,W33,Y33) -> 0 | AB33: =+AVERAGE(V33,X33,Z33) -> 0 | AD33: 0 | AE33: 0 | AF33: =+AD33+AE33 -> 0 | AG33: 0 | AH33: 0 | AI33: =+AG33+AH33 -> 0 | AJ33: =+AF33+AI33 -> 0 | AK33: =+IF(AB33+AA33+AJ33<=0, "NO COMPRADOR", +IF(AJ33<=0, "SIN COMPRA "&+UPPER(TEXT('DINAMICA ENERO 26'!$C$2,"mmm 'yy")), "COMPRADOR")) -> NO COMPRADOR
A34: Distribuidores | B34: Patagonia | C34: MARCELO VEGA | D34: 100088149 | E34: VILOTTA SEBASTIAN | F34: 100024103 | G34: ABAMAR SOCIEDAD DE RESPONSABILIDAD LIMITADA | S34: 0 | T34: 0 | U34: 2.16 | V34: 2.16 | W34: 0 | X34: 0 | Y34: 0 | Z34: 0 | AA34: =+AVERAGE(U34,W34,Y34) -> 0.72 | AB34: =+AVERAGE(V34,X34,Z34) -> 0.72 | AD34: 0 | AE34: 0 | AF34: =+AD34+AE34 -> 0 | AG34: 0 | AH34: 0 | AI34: =+AG34+AH34 -> 0 | AJ34: =+AF34+AI34 -> 0 | AK34: =+IF(AB34+AA34+AJ34<=0, "NO COMPRADOR", +IF(AJ34<=0, "SIN COMPRA "&+UPPER(TEXT('DINAMICA ENERO 26'!$C$2,"mmm 'yy")), "COMPRADOR")) -> SIN COMPRA FEB '26
A35: Distribuidores | B35: Patagonia | C35: MARCELO VEGA | D35: 100088149 | E35: VILOTTA SEBASTIAN | F35: 100086135 | G35: HIPERS DISTRIBUIDORA S.A.S | S35: 0 | T35: 0 | U35: 4.32 | V35: 4.32 | W35: 0 | X35: 0 | Y35: 6.48 | Z35: 6.48 | AA35: =+AVERAGE(U35,W35,Y35) -> 3.6 | AB35: =+AVERAGE(V35,X35,Z35) -> 3.6 | AD35: 0 | AE35: 0 | AF35: =+AD35+AE35 -> 0 | AG35: 0 | AH35: 0 | AI35: =+AG35+AH35 -> 0 | AJ35: =+AF35+AI35 -> 0 | AK35: =+IF(AB35+AA35+AJ35<=0, "NO COMPRADOR", +IF(AJ35<=0, "SIN COMPRA "&+UPPER(TEXT('DINAMICA ENERO 26'!$C$2,"mmm 'yy")), "COMPRADOR")) -> SIN COMPRA FEB '26
... A105: Distribuidores | B105: Cuyo | C105: MARCELO VEGA | D105: 100066856 | E105: ANDINO FACUNDO NICOLAS | F105: 100071616 | G105: PIETROFARMA SRL | S105: 10.8 | T105: 10.8 | U105: 6.48 | V105: 8.64 | W105: 0 | X105: 0 | Y105: 21.6 | Z105: 43.2 | AA105: =+AVERAGE(U105,W105,Y105) -> 9.36 | AB105: =+AVERAGE(V105,X105,Z105) -> 17.28 | AD105: 0 | AE105: 0 | AF105: =+AD105+AE105 -> 0 | AG105: 21.6 | AH105: 0 | AI105: =+AG105+AH105 -> 21.6 | AJ105: =+AF105+AI105 -> 21.6 | AK105: =+IF(AB105+AA105+AJ105<=0, "NO COMPRADOR", +IF(AJ105<=0, "SIN COMPRA "&+UPPER(TEXT('DINAMICA ENERO 26'!$C$2,"mmm 'yy")), "COMPRADOR")) -> COMPRADOR
A106: Distribuidores | B106: Cuyo | C106: MARCELO VEGA | D106: 100066856 | E106: ANDINO FACUNDO NICOLAS | F106: 100011726 | G106: JESUS GUIRAO LAG E HIJOS S.R.L. | S106: 0 | T106: 0 | U106: 4.32 | V106: 4.32 | W106: 2.16 | X106: 2.16 | Y106: 0 | Z106: 0 | AA106: =+AVERAGE(U106,W106,Y106) -> 2.16 | AB106: =+AVERAGE(V106,X106,Z106) -> 2.16 | AD106: 0 | AE106: 0 | AF106: =+AD106+AE106 -> 0 | AG106: 0 | AH106: 0 | AI106: =+AG106+AH106 -> 0 | AJ106: =+AF106+AI106 -> 0 | AK106: =+IF(AB106+AA106+AJ106<=0, "NO COMPRADOR", +IF(AJ106<=0, "SIN COMPRA "&+UPPER(TEXT('DINAMICA ENERO 26'!$C$2,"mmm 'yy")), "COMPRADOR")) -> SIN COMPRA FEB '26 | AQ106: =+VLOOKUP(AO106,Veggies!X:Y,2,FALSE) -> #N/A
A107: Distribuidores | B107: Cuyo | C107: MARCELO VEGA | D107: 100066856 | E107: ANDINO FACUNDO NICOLAS | F107: 100077612 | G107: DISOL S.R.L. | S107: 10.8 | T107: 10.8 | U107: 2.16 | V107: 2.16 | W107: 0 | X107: 0 | Y107: 0 | Z107: 0 | AA107: =+AVERAGE(U107,W107,Y107) -> 0.72 | AB107: =+AVERAGE(V107,X107,Z107) -> 0.72 | AD107: 0 | AE107: 0 | AF107: =+AD107+AE107 -> 0 | AG107: 0 | AH107: 0 | AI107: =+AG107+AH107 -> 0 | AJ107: =+AF107+AI107 -> 0 | AK107: =+IF(AB107+AA107+AJ107<=0, "NO COMPRADOR", +IF(AJ107<=0, "SIN COMPRA "&+UPPER(TEXT('DINAMICA ENERO 26'!$C$2,"mmm 'yy")), "COMPRADOR")) -> SIN COMPRA FEB '26 | AQ107: =+VLOOKUP(AO107,Veggies!X:Y,2,FALSE) -> #N/A
A108: Distribuidores | B108: Cuyo | C108: MARCELO VEGA | D108: 100066856 | E108: ANDINO FACUNDO NICOLAS | F108: 100073860 | G108: CEREALES EL DIAMANTE S R L | S108: 10.8 | T108: 10.8 | U108: 15.12 | V108: 4.32 | W108: 0 | X108: 10.8 | Y108: 38.88 | Z108: 10.8 | AA108: =+AVERAGE(U108,W108,Y108) -> 18 | AB108: =+AVERAGE(V108,X108,Z108) -> 8.64 | AD108: 0 | AE108: 0 | AF108: =+AD108+AE108 -> 0 | AG108: 0 | AH108: 0 | AI108: =+AG108+AH108 -> 0 | AJ108: =+AF108+AI108 -> 0 | AK108: =+IF(AB108+AA108+AJ108<=0, "NO COMPRADOR", +IF(AJ108<=0, "SIN COMPRA "&+UPPER(TEXT('DINAMICA ENERO 26'!$C$2,"mmm 'yy")), "COMPRADOR")) -> SIN COMPRA FEB '26 | AQ108: =+VLOOKUP(AO108,Veggies!X:Y,2,FALSE) -> #N/A
A109: Distribuidores | B109: Cuyo | C109: MARCELO VEGA | D109: 100066856 | E109: ANDINO FACUNDO NICOLAS | F109: 100002246 | G109: RAMON BUJ E HIJOS S.A.C.I.A. | S109: 0 | T109: 0 | U109: 4.32 | V109: 4.32 | W109: 0 | X109: 0 | Y109: 0 | Z109: 0 | AA109: =+AVERAGE(U109,W109,Y109) -> 1.44 | AB109: =+AVERAGE(V109,X109,Z109) -> 1.44 | AD109: 0 | AE109: 0 | AF109: =+AD109+AE109 -> 0 | AG109: 0 | AH109: 0 | AI109: =+AG109+AH109 -> 0 | AJ109: =+AF109+AI109 -> 0 | AK109: =+IF(AB109+AA109+AJ109<=0, "NO COMPRADOR", +IF(AJ109<=0, "SIN COMPRA "&+UPPER(TEXT('DINAMICA ENERO 26'!$C$2,"mmm 'yy")), "COMPRADOR")) -> SIN COMPRA FEB '26 | AQ109: =+VLOOKUP(AO109,Veggies!X:Y,2,FALSE) -> #N/A
A110: Distribuidores | B110: Cuyo | C110: MARCELO VEGA | D110: 100066856 | E110: ANDINO FACUNDO NICOLAS | F110: 100071232 | G110: NUEVO MASOL MAYORISTA SOCIEDAD ANONIMA | S110: 0 | T110: 0 | U110: 0 | V110: 0 | W110: 0 | X110: 0 | Y110: 0 | Z110: 0 | AA110: =+AVERAGE(U110,W110,Y110) -> 0 | AB110: =+AVERAGE(V110,X110,Z110) -> 0 | AD110: 0 | AE110: 0 | AF110: =+AD110+AE110 -> 0 | AG110: 0 | AH110: 0 | AI110: =+AG110+AH110 -> 0 | AJ110: =+AF110+AI110 -> 0 | AK110: =+IF(AB110+AA110+AJ110<=0, "NO COMPRADOR", +IF(AJ110<=0, "SIN COMPRA "&+UPPER(TEXT('DINAMICA ENERO 26'!$C$2,"mmm 'yy")), "COMPRADOR")) -> NO COMPRADOR | AQ110: =+VLOOKUP(AO110,Veggies!X:Y,2,FALSE) -> #N/A
A111: Distribuidores | B111: Cuyo | C111: MARCELO VEGA | D111: 100066856 | E111: ANDINO FACUNDO NICOLAS | F111: 100076868 | G111: LORSANI SRL | S111: 0 | T111: 0 | U111: 6.48 | V111: 6.48 | W111: 0 | X111: 0 | Y111: 0 | Z111: 2.16 | AA111: =+AVERAGE(U111,W111,Y111) -> 2.16 | AB111: =+AVERAGE(V111,X111,Z111) -> 2.88 | AD111: 0 | AE111: 0 | AF111: =+AD111+AE111 -> 0 | AG111: 0 | AH111: 0 | AI111: =+AG111+AH111 -> 0 | AJ111: =+AF111+AI111 -> 0 | AK111: =+IF(AB111+AA111+AJ111<=0, "NO COMPRADOR", +IF(AJ111<=0, "SIN COMPRA "&+UPPER(TEXT('DINAMICA ENERO 26'!$C$2,"mmm 'yy")), "COMPRADOR")) -> SIN COMPRA FEB '26 | AQ111: =+VLOOKUP(AO111,Veggies!X:Y,2,FALSE) -> #N/A
A112: Distribuidores | B112: Cuyo | C112: MARCELO VEGA | D112: 100066856 | E112: ANDINO FACUNDO NICOLAS | F112: 100007082 | G112: PABCAR S.A. | S112: 0 | T112: 0 | U112: 2.16 | V112: 2.16 | W112: 0 | X112: 0 | Y112: 0 | Z112: 0 | AA112: =+AVERAGE(U112,W112,Y112) -> 0.72 | AB112: =+AVERAGE(V112,X112,Z112) -> 0.72 | AD112: 0 | AE112: 0 | AF112: =+AD112+AE112 -> 0 | AG112: 0 | AH112: 0 | AI112: =+AG112+AH112 -> 0 | AJ112: =+AF112+AI112 -> 0 | AK112: =+IF(AB112+AA112+AJ112<=0, "NO COMPRADOR", +IF(AJ112<=0, "SIN COMPRA "&+UPPER(TEXT('DINAMICA ENERO 26'!$C$2,"mmm 'yy")), "COMPRADOR")) -> SIN COMPRA FEB '26 | AQ112: =+VLOOKUP(AO112,Veggies!X:Y,2,FALSE) -> #N/A
A113: Distribuidores | B113: Cuyo | C113: MARCELO VEGA | D113: 100066856 | E113: ANDINO FACUNDO NICOLAS | F113: 100084941 | G113: IANARDI WALTER | S113: 0 | T113: 0 | U113: 0 | V113: 0 | W113: 0 | X113: 0 | Y113: 0 | Z113: 0 | AA113: =+AVERAGE(U113,W113,Y113) -> 0 | AB113: =+AVERAGE(V113,X113,Z113) -> 0 | AD113: 0 | AE113: 0 | AF113: =+AD113+AE113 -> 0 | AG113: 0 | AH113: 0 | AI113: =+AG113+AH113 -> 0 | AJ113: =+AF113+AI113 -> 0 | AK113: =+IF(AB113+AA113+AJ113<=0, "NO COMPRADOR", +IF(AJ113<=0, "SIN COMPRA "&+UPPER(TEXT('DINAMICA ENERO 26'!$C$2,"mmm 'yy")), "COMPRADOR")) -> NO COMPRADOR | AQ113: =+VLOOKUP(AO113,Veggies!X:Y,2,FALSE) -> #N/A
A114: Distribuidores | B114: Cuyo | C114: MARCELO VEGA | D114: 100066856 | E114: ANDINO FACUNDO NICOLAS | F114: 100071677 | G114: DON MARTIN S R L | S114: 0 | T114: 0 | U114: 2.16 | V114: 2.16 | W114: 0 | X114: 0 | Y114: 6.48 | Z114: 6.48 | AA114: =+AVERAGE(U114,W114,Y114) -> 2.88 | AB114: =+AVERAGE(V114,X114,Z114) -> 2.88 | AD114: 0 | AE114: 0 | AF114: =+AD114+AE114 -> 0 | AG114: 0 | AH114: 0 | AI114: =+AG114+AH114 -> 0 | AJ114: =+AF114+AI114 -> 0 | AK114: =+IF(AB114+AA114+AJ114<=0, "NO COMPRADOR", +IF(AJ114<=0, "SIN COMPRA "&+UPPER(TEXT('DINAMICA ENERO 26'!$C$2,"mmm 'yy")), "COMPRADOR")) -> SIN COMPRA FEB '26 | AQ114: =+VLOOKUP(AO114,Veggies!X:Y,2,FALSE) -> #N/A
A115: Distribuidores | B115: Cordoba | C115: MARCELO VEGA | D115: 100089701 | E115: SCHAIGORODSKY IGNACIO | F115: 100082346 | G115: KLOR CONSTANZA | S115: 129.6 | T115: 129.6 | U115: 64.8 | V115: 64.8 | W115: 43.2 | X115: 43.2 | Y115: 32.4 | Z115: 32.4 | AA115: =+AVERAGE(U115,W115,Y115) -> 46.8 | AB115: =+AVERAGE(V115,X115,Z115) -> 46.8 | AD115: 0 | AE115: 0 | AF115: =+AD115+AE115 -> 0 | AG115: 0 | AH115: 0 | AI115: =+AG115+AH115 -> 0 | AJ115: =+AF115+AI115 -> 0 | AK115: =+IF(AB115+AA115+AJ115<=0, "NO COMPRADOR", +IF(AJ115<=0, "SIN COMPRA "&+UPPER(TEXT('DINAMICA ENERO 26'!$C$2,"mmm 'yy")), "COMPRADOR")) -> SIN COMPRA FEB '26
A116: Distribuidores | B116: Cordoba | C116: MARCELO VEGA | D116: 100089701 | E116: SCHAIGORODSKY IGNACIO | F116: 100009863 | G116: LUCONI S.R.L. | S116: 0 | T116: 0 | U116: 2.16 | V116: 2.16 | W116: 0 | X116: 0 | Y116: 0 | Z116: 0 | AA116: =+AVERAGE(U116,W116,Y116) -> 0.72 | AB116: =+AVERAGE(V116,X116,Z116) -> 0.72 | AD116: 0 | AE116: 0 | AF116: =+AD116+AE116 -> 0 | AG116: 0 | AH116: 0 | AI116: =+AG116+AH116 -> 0 | AJ116: =+AF116+AI116 -> 0 | AK116: =+IF(AB116+AA116+AJ116<=0, "NO COMPRADOR", +IF(AJ116<=0, "SIN COMPRA "&+UPPER(TEXT('DINAMICA ENERO 26'!$C$2,"mmm 'yy")), "COMPRADOR")) -> SIN COMPRA FEB '26
A117: Distribuidores | B117: Cordoba | C117: MARCELO VEGA | D117: 100089701 | E117: SCHAIGORODSKY IGNACIO | F117: 100080357 | G117: BRANDING TEAM S.A. | S117: 23.76 | T117: 19.44 | U117: 10.8 | V117: 12.96 | W117: 6.48 | X117: 4.32 | Y117: 0 | Z117: 0 | AA117: =+AVERAGE(U117,W117,Y117) -> 5.76 | AB117: =+AVERAGE(V117,X117,Z117) -> 5.76 | AD117: 0 | AE117: 0 | AF117: =+AD117+AE117 -> 0 | AG117: 2.16 | AH117: 0 | AI117: =+AG117+AH117 -> 2.16 | AJ117: =+AF117+AI117 -> 2.16 | AK117: =+IF(AB117+AA117+AJ117<=0, "NO COMPRADOR", +IF(AJ117<=0, "SIN COMPRA "&+UPPER(TEXT('DINAMICA ENERO 26'!$C$2,"mmm 'yy")), "COMPRADOR")) -> COMPRADOR
A118: Distribuidores | B118: Cordoba | C118: MARCELO VEGA | D118: 100089701 | E118: SCHAIGORODSKY IGNACIO | F118: 100046307 | G118: GONZALEZ GABRIEL ANDRES | S118: 43.2 | T118: 43.2 | U118: 2.16 | V118: 2.16 | W118: 0 | X118: 4.32 | Y118: 10.8 | Z118: 10.8 | AA118: =+AVERAGE(U118,W118,Y118) -> 4.32 | AB118: =+AVERAGE(V118,X118,Z118) -> 5.76 | AD118: 21.6 | AE118: 0 | AF118: =+AD118+AE118 -> 21.6 | AG118: 30.24 | AH118: 0 | AI118: =+AG118+AH118 -> 30.24 | AJ118: =+AF118+AI118 -> 51.84 | AK118: =+IF(AB118+AA118+AJ118<=0, "NO COMPRADOR", +IF(AJ118<=0, "SIN COMPRA "&+UPPER(TEXT('DINAMICA ENERO 26'!$C$2,"mmm 'yy")), "COMPRADOR")) -> COMPRADOR
A119: Distribuidores | B119: Cordoba | C119: MARCELO VEGA | D119: 100089701 | E119: SCHAIGORODSKY IGNACIO | F119: 100087065 | G119: CARLOS DE PUERTA S.R.L. | S119: 2.16 | T119: 0 | U119: 38.88 | V119: 0 | W119: 2.16 | X119: 0 | Y119: 0 | Z119: 0 | AA119: =+AVERAGE(U119,W119,Y119) -> 13.68 | AB119: =+AVERAGE(V119,X119,Z119) -> 0 | AD119: 0 | AE119: 0 | AF119: =+AD119+AE119 -> 0 | AG119: 0 | AH119: 0 | AI119: =+AG119+AH119 -> 0 | AJ119: =+AF119+AI119 -> 0 | AK119: =+IF(AB119+AA119+AJ119<=0, "NO COMPRADOR", +IF(AJ119<=0, "SIN COMPRA "&+UPPER(TEXT('DINAMICA ENERO 26'!$C$2,"mmm 'yy")), "COMPRADOR")) -> SIN COMPRA FEB '26
A120: Distribuidores | B120: Cordoba | C120: MARCELO VEGA | D120: 100089701 | E120: SCHAIGORODSKY IGNACIO | F120: 100087742 | G120: ALLCOR S.A. | S120: 0 | T120: 0 | U120: 0 | V120: 0 | W120: 0 | X120: 0 | Y120: 0 | Z120: 0 | AA120: =+AVERAGE(U120,W120,Y120) -> 0 | AB120: =+AVERAGE(V120,X120,Z120) -> 0 | AD120: 0 | AE120: 0 | AF120: =+AD120+AE120 -> 0 | AG120: 0 | AH120: 0 | AI120: =+AG120+AH120 -> 0 | AJ120: =+AF120+AI120 -> 0 | AK120: =+IF(AB120+AA120+AJ120<=0, "NO COMPRADOR", +IF(AJ120<=0, "SIN COMPRA "&+UPPER(TEXT('DINAMICA ENERO 26'!$C$2,"mmm 'yy")), "COMPRADOR")) -> NO COMPRADOR
A121: Distribuidores | B121: Cordoba | C121: MARCELO VEGA | D121: 100089701 | E121: SCHAIGORODSKY IGNACIO | F121: 100087748 | G121: TINEM S.A. | S121: 0 | T121: 0 | U121: 0 | V121: 0 | W121: 0 | X121: 0 | Y121: 0 | Z121: 0 | AA121: =+AVERAGE(U121,W121,Y121) -> 0 | AB121: =+AVERAGE(V121,X121,Z121) -> 0 | AD121: 0 | AE121: 0 | AF121: =+AD121+AE121 -> 0 | AG121: 0 | AH121: 0 | AI121: =+AG121+AH121 -> 0 | AJ121: =+AF121+AI121 -> 0 | AK121: =+IF(AB121+AA121+AJ121<=0, "NO COMPRADOR", +IF(AJ121<=0, "SIN COMPRA "&+UPPER(TEXT('DINAMICA ENERO 26'!$C$2,"mmm 'yy")), "COMPRADOR")) -> NO COMPRADOR
A122: Distribuidores | B122: Cordoba | C122: MARCELO VEGA | D122: 100089701 | E122: SCHAIGORODSKY IGNACIO | F122: 100022260 | G122: FREE DISTRIBUCIONES S.R.L. | S122: 2.16 | T122: 0 | U122: 2.16 | V122: 2.16 | W122: 2.16 | X122: 2.16 | Y122: 0 | Z122: 0 | AA122: =+AVERAGE(U122,W122,Y122) -> 1.44 | AB122: =+AVERAGE(V122,X122,Z122) -> 1.44 | AD122: 0 | AE122: 0 | AF122: =+AD122+AE122 -> 0 | AG122: 0 | AH122: 0 | AI122: =+AG122+AH122 -> 0 | AJ122: =+AF122+AI122 -> 0 | AK122: =+IF(AB122+AA122+AJ122<=0, "NO COMPRADOR", +IF(AJ122<=0, "SIN COMPRA "&+UPPER(TEXT('DINAMICA ENERO 26'!$C$2,"mmm 'yy")), "COMPRADOR")) -> SIN COMPRA FEB '26
A123: Distribuidores | B123: Cordoba | C123: MARCELO VEGA | D123: 100089701 | E123: SCHAIGORODSKY IGNACIO | F123: 100085159 | G123: CALERO DALMA ANDREA | S123: 0 | T123: 0 | U123: 2.16 | V123: 0 | W123: 0 | X123: 0 | Y123: 0 | Z123: 0 | AA123: =+AVERAGE(U123,W123,Y123) -> 0.72 | AB123: =+AVERAGE(V123,X123,Z123) -> 0 | AD123: 0 | AE123: 0 | AF123: =+AD123+AE123 -> 0 | AG123: 0 | AH123: 0 | AI123: =+AG123+AH123 -> 0 | AJ123: =+AF123+AI123 -> 0 | AK123: =+IF(AB123+AA123+AJ123<=0, "NO COMPRADOR", +IF(AJ123<=0, "SIN COMPRA "&+UPPER(TEXT('DINAMICA ENERO 26'!$C$2,"mmm 'yy")), "COMPRADOR")) -> SIN COMPRA FEB '26
A124: Distribuidores | B124: Cordoba | C124: MARCELO VEGA | D124: 100089701 | E124: SCHAIGORODSKY IGNACIO | F124: 100087283 | G124: M. RONCATO E HIJOS S. A. | S124: 0 | T124: 0 | U124: 0 | V124: 0 | W124: 0 | X124: 0 | Y124: 0 | Z124: 0 | AA124: =+AVERAGE(U124,W124,Y124) -> 0 | AB124: =+AVERAGE(V124,X124,Z124) -> 0 | AD124: 0 | AE124: 0 | AF124: =+AD124+AE124 -> 0 | AG124: 0 | AH124: 0 | AI124: =+AG124+AH124 -> 0 | AJ124: =+AF124+AI124 -> 0 | AK124: =+IF(AB124+AA124+AJ124<=0, "NO COMPRADOR", +IF(AJ124<=0, "SIN COMPRA "&+UPPER(TEXT('DINAMICA ENERO 26'!$C$2,"mmm 'yy")), "COMPRADOR")) -> NO COMPRADOR
A125: Distribuidores | B125: Cordoba | C125: MARCELO VEGA | D125: 100089701 | E125: SCHAIGORODSKY IGNACIO | F125: 100001601 | G125: DISTRIBUIDORA BAEZA S.R.L. | S125: 0 | T125: 0 | U125: 0 | V125: 0 | W125: 0 | X125: 0 | Y125: 0 | Z125: 0 | AA125: =+AVERAGE(U125,W125,Y125) -> 0 | AB125: =+AVERAGE(V125,X125,Z125) -> 0 | AD125: 0 | AE125: 0 | AF125: =+AD125+AE125 -> 0 | AG125: 0 | AH125: 0 | AI125: =+AG125+AH125 -> 0 | AJ125: =+AF125+AI125 -> 0 | AK125: =+IF(AB125+AA125+AJ125<=0, "NO COMPRADOR", +IF(AJ125<=0, "SIN COMPRA "&+UPPER(TEXT('DINAMICA ENERO 26'!$C$2,"mmm 'yy")), "COMPRADOR")) -> NO COMPRADOR
A126: Distribuidores | B126: Cordoba | C126: MARCELO VEGA | D126: 100089701 | E126: SCHAIGORODSKY IGNACIO | F126: 100081880 | G126: MENSEGUE SERGIO ARMANDO | S126: 0 | T126: 0 | U126: 2.16 | V126: 0 | W126: 2.16 | X126: 2.16 | Y126: 0 | Z126: 0 | AA126: =+AVERAGE(U126,W126,Y126) -> 1.44 | AB126: =+AVERAGE(V126,X126,Z126) -> 0.72 | AD126: 0 | AE126: 0 | AF126: =+AD126+AE126 -> 0 | AG126: 0 | AH126: 0 | AI126: =+AG126+AH126 -> 0 | AJ126: =+AF126+AI126 -> 0 | AK126: =+IF(AB126+AA126+AJ126<=0, "NO COMPRADOR", +IF(AJ126<=0, "SIN COMPRA "&+UPPER(TEXT('DINAMICA ENERO 26'!$C$2,"mmm 'yy")), "COMPRADOR")) -> SIN COMPRA FEB '26
A127: Distribuidores | B127: Cordoba | C127: MARCELO VEGA | D127: 100089701 | E127: SCHAIGORODSKY IGNACIO | F127: 100083522 | G127: COLETTI RENATA | S127: 66.96 | T127: 56.16 | U127: 2.16 | V127: 2.16 | W127: 12.96 | X127: 2.16 | Y127: 10.8 | Z127: 0 | AA127: =+AVERAGE(U127,W127,Y127) -> 8.64 | AB127: =+AVERAGE(V127,X127,Z127) -> 1.44 | AD127: 0 | AE127: 0 | AF127: =+AD127+AE127 -> 0 | AG127: 0 | AH127: 0 | AI127: =+AG127+AH127 -> 0 | AJ127: =+AF127+AI127 -> 0 | AK127: =+IF(AB127+AA127+AJ127<=0, "NO COMPRADOR", +IF(AJ127<=0, "SIN COMPRA "&+UPPER(TEXT('DINAMICA ENERO 26'!$C$2,"mmm 'yy")), "COMPRADOR")) -> SIN COMPRA FEB '26 | AQ127: =+VLOOKUP(AO127,Veggies!X:Y,2,FALSE) -> #N/A
A128: Distribuidores | B128: Cordoba | C128: MARCELO VEGA | D128: 100089701 | E128: SCHAIGORODSKY IGNACIO | F128: 100073281 | G128: BARALE HNOS S A | S128: 0 | T128: 0 | U128: 43.2 | V128: 47.52 | W128: 2.16 | X128: 2.16 | Y128: 0 | Z128: 0 | AA128: =+AVERAGE(U128,W128,Y128) -> 15.12 | AB128: =+AVERAGE(V128,X128,Z128) -> 16.56 | AD128: 0 | AE128: 0 | AF128: =+AD128+AE128 -> 0 | AG128: 0 | AH128: 0 | AI128: =+AG128+AH128 -> 0 | AJ128: =+AF128+AI128 -> 0 | AK128: =+IF(AB128+AA128+AJ128<=0, "NO COMPRADOR", +IF(AJ128<=0, "SIN COMPRA "&+UPPER(TEXT('DINAMICA ENERO 26'!$C$2,"mmm 'yy")), "COMPRADOR")) -> SIN COMPRA FEB '26
A129: Distribuidores | B129: Cordoba | C129: MARCELO VEGA | D129: 100089701 | E129: SCHAIGORODSKY IGNACIO | F129: 100051099 | G129: CIPRIANO VICTOR | S129: 0 | T129: 0 | U129: 0 | V129: 0 | W129: 0 | X129: 0 | Y129: 0 | Z129: 0 | AA129: =+AVERAGE(U129,W129,Y129) -> 0 | AB129: =+AVERAGE(V129,X129,Z129) -> 0 | AD129: 0 | AE129: 0 | AF129: =+AD129+AE129 -> 0 | AG129: 0 | AH129: 0 | AI129: =+AG129+AH129 -> 0 | AJ129: =+AF129+AI129 -> 0 | AK129: =+IF(AB129+AA129+AJ129<=0, "NO COMPRADOR", +IF(AJ129<=0, "SIN COMPRA "&+UPPER(TEXT('DINAMICA ENERO 26'!$C$2,"mmm 'yy")), "COMPRADOR")) -> NO COMPRADOR
A130: Distribuidores | B130: Cordoba | C130: MARCELO VEGA | D130: 100089701 | E130: SCHAIGORODSKY IGNACIO | F130: 100087844 | G130: EXITPROG SOCIEDAD POR ACCIONES SIMPLIFICADA | S130: 0 | T130: 21.6 | U130: 10.8 | V130: 0 | W130: 0 | X130: 0 | Y130: 2.16 | Z130: 2.16 | AA130: =+AVERAGE(U130,W130,Y130) -> 4.32 | AB130: =+AVERAGE(V130,X130,Z130) -> 0.72 | AD130: 0 | AE130: 0 | AF130: =+AD130+AE130 -> 0 | AG130: 0 | AH130: 0 | AI130: =+AG130+AH130 -> 0 | AJ130: =+AF130+AI130 -> 0 | AK130: =+IF(AB130+AA130+AJ130<=0, "NO COMPRADOR", +IF(AJ130<=0, "SIN COMPRA "&+UPPER(TEXT('DINAMICA ENERO 26'!$C$2,"mmm 'yy")), "COMPRADOR")) -> SIN COMPRA FEB '26
A131: Distribuidores | B131: Cordoba | C131: MARCELO VEGA | D131: 100089701 | E131: SCHAIGORODSKY IGNACIO | F131: 100088156 | G131: PADIN KEVIN ELIAS | S131: 4.32 | T131: 4.32 | U131: 6.48 | V131: 6.48 | W131: 0 | X131: 0 | Y131: 0 | Z131: 0 | AA131: =+AVERAGE(U131,W131,Y131) -> 2.16 | AB131: =+AVERAGE(V131,X131,Z131) -> 2.16 | AD131: 0 | AE131: 0 | AF131: =+AD131+AE131 -> 0 | AG131: 0 | AH131: 0 | AI131: =+AG131+AH131 -> 0 | AJ131: =+AF131+AI131 -> 0 | AK131: =+IF(AB131+AA131+AJ131<=0, "NO COMPRADOR", +IF(AJ131<=0, "SIN COMPRA "&+UPPER(TEXT('DINAMICA ENERO 26'!$C$2,"mmm 'yy")), "COMPRADOR")) -> SIN COMPRA FEB '26
A132: Distribuidores | B132: Cordoba | C132: MARCELO VEGA | D132: 100089701 | E132: SCHAIGORODSKY IGNACIO | F132: 100088609 | G132: SAFFADI ALEJANDRO YAMIL | S132: 6.48 | T132: 6.48 | U132: 10.8 | V132: 10.8 | W132: 0 | X132: 2.16 | Y132: 0 | Z132: 0 | AA132: =+AVERAGE(U132,W132,Y132) -> 3.6 | AB132: =+AVERAGE(V132,X132,Z132) -> 4.32 | AD132: 0 | AE132: 0 | AF132: =+AD132+AE132 -> 0 | AG132: 0 | AH132: 0 | AI132: =+AG132+AH132 -> 0 | AJ132: =+AF132+AI132 -> 0 | AK132: =+IF(AB132+AA132+AJ132<=0, "NO COMPRADOR", +IF(AJ132<=0, "SIN COMPRA "&+UPPER(TEXT('DINAMICA ENERO 26'!$C$2,"mmm 'yy")), "COMPRADOR")) -> SIN COMPRA FEB '26
A133: Distribuidores | B133: Cordoba | C133: MARCELO VEGA | D133: 100073888 | E133: ORGAZ GUSTAVO EMANUEL | F133: 100001215 | G133: ANSELMI Y CIA. S.R.L. | S133: 0 | T133: 0 | U133: 0 | V133: 0 | W133: 0 | X133: 0 | Y133: 0 | Z133: 0 | AA133: =+AVERAGE(U133,W133,Y133) -> 0 | AB133: =+AVERAGE(V133,X133,Z133) -> 0 | AD133: 0 | AE133: 0 | AF133: =+AD133+AE133 -> 0 | AG133: 0 | AH133: 0 | AI133: =+AG133+AH133 -> 0 | AJ133: =+AF133+AI133 -> 0 | AK133: =+IF(AB133+AA133+AJ133<=0, "NO COMPRADOR", +IF(AJ133<=0, "SIN COMPRA "&+UPPER(TEXT('DINAMICA ENERO 26'!$C$2,"mmm 'yy")), "COMPRADOR")) -> NO COMPRADOR
A134: Distribuidores | B134: Cordoba | C134: MARCELO VEGA | D134: 100073888 | E134: ORGAZ GUSTAVO EMANUEL | F134: 100060702 | G134: DISVESA S A | S134: 0 | T134: 0 | U134: 0 | V134: 0 | W134: 15.12 | X134: 4.32 | Y134: 15.12 | Z134: 15.12 | AA134: =+AVERAGE(U134,W134,Y134) -> 10.08 | AB134: =+AVERAGE(V134,X134,Z134) -> 6.48 | AD134: 0 | AE134: 0 | AF134: =+AD134+AE134 -> 0 | AG134: 0 | AH134: 0 | AI134: =+AG134+AH134 -> 0 | AJ134: =+AF134+AI134 -> 0 | AK134: =+IF(AB134+AA134+AJ134<=0, "NO COMPRADOR", +IF(AJ134<=0, "SIN COMPRA "&+UPPER(TEXT('DINAMICA ENERO 26'!$C$2,"mmm 'yy")), "COMPRADOR")) -> SIN COMPRA FEB '26
A135: Distribuidores | B135: Cordoba | C135: MARCELO VEGA | D135: 100073888 | E135: ORGAZ GUSTAVO EMANUEL | F135: 100086804 | G135: V&D FOOD S.A.S. | S135: 4.32 | T135: 4.32 | U135: 21.6 | V135: 10.8 | W135: 2.16 | X135: 2.16 | Y135: 4.32 | Z135: 4.32 | AA135: =+AVERAGE(U135,W135,Y135) -> 9.36 | AB135: =+AVERAGE(V135,X135,Z135) -> 5.76 | AD135: 0 | AE135: 0 | AF135: =+AD135+AE135 -> 0 | AG135: 4.32 | AH135: 0 | AI135: =+AG135+AH135 -> 4.32 | AJ135: =+AF135+AI135 -> 4.32 | AK135: =+IF(AB135+AA135+AJ135<=0, "NO COMPRADOR", +IF(AJ135<=0, "SIN COMPRA "&+UPPER(TEXT('DINAMICA ENERO 26'!$C$2,"mmm 'yy")), "COMPRADOR")) -> COMPRADOR
A136: Distribuidores | B136: Cordoba | C136: MARCELO VEGA | D136: 100073888 | E136: ORGAZ GUSTAVO EMANUEL | F136: 100084349 | G136: SIMPLE DISTRIBUCIONES S.R.L. | S136: 64.8 | T136: 64.8 | U136: 0 | V136: 43.2 | W136: 4.32 | X136: 4.32 | Y136: 10.8 | Z136: 10.8 | AA136: =+AVERAGE(U136,W136,Y136) -> 5.04 | AB136: =+AVERAGE(V136,X136,Z136) -> 19.44 | AD136: 0 | AE136: 0 | AF136: =+AD136+AE136 -> 0 | AG136: 0 | AH136: 0 | AI136: =+AG136+AH136 -> 0 | AJ136: =+AF136+AI136 -> 0 | AK136: =+IF(AB136+AA136+AJ136<=0, "NO COMPRADOR", +IF(AJ136<=0, "SIN COMPRA "&+UPPER(TEXT('DINAMICA ENERO 26'!$C$2,"mmm 'yy")), "COMPRADOR")) -> SIN COMPRA FEB '26
A137: Distribuidores | B137: Cordoba | C137: MARCELO VEGA | D137: 100073888 | E137: ORGAZ GUSTAVO EMANUEL | F137: 100001752 | G137: C Y F DISTRIBUCIONES S A | S137: 4.32 | T137: 4.32 | U137: 2.16 | V137: 2.16 | W137: 6.48 | X137: 6.48 | Y137: 4.32 | Z137: 4.32 | AA137: =+AVERAGE(U137,W137,Y137) -> 4.32 | AB137: =+AVERAGE(V137,X137,Z137) -> 4.32 | AD137: 0 | AE137: 0 | AF137: =+AD137+AE137 -> 0 | AG137: 0 | AH137: 0 | AI137: =+AG137+AH137 -> 0 | AJ137: =+AF137+AI137 -> 0 | AK137: =+IF(AB137+AA137+AJ137<=0, "NO COMPRADOR", +IF(AJ137<=0, "SIN COMPRA "&+UPPER(TEXT('DINAMICA ENERO 26'!$C$2,"mmm 'yy")), "COMPRADOR")) -> SIN COMPRA FEB '26
A138: Distribuidores | B138: Cordoba | C138: MARCELO VEGA | D138: 100073888 | E138: ORGAZ GUSTAVO EMANUEL | F138: 100081166 | G138: STEFANICH SILVIO GERMAN | S138: 0 | T138: 0 | U138: 0 | V138: 0 | W138: 0 | X138: 0 | Y138: 0 | Z138: 0 | AA138: =+AVERAGE(U138,W138,Y138) -> 0 | AB138: =+AVERAGE(V138,X138,Z138) -> 0 | AD138: 0 | AE138: 0 | AF138: =+AD138+AE138 -> 0 | AG138: 0 | AH138: 0 | AI138: =+AG138+AH138 -> 0 | AJ138: =+AF138+AI138 -> 0 | AK138: =+IF(AB138+AA138+AJ138<=0, "NO COMPRADOR", +IF(AJ138<=0, "SIN COMPRA "&+UPPER(TEXT('DINAMICA ENERO 26'!$C$2,"mmm 'yy")), "COMPRADOR")) -> NO COMPRADOR
A139: Distribuidores | B139: Cordoba | C139: MARCELO VEGA | D139: 100073888 | E139: ORGAZ GUSTAVO EMANUEL | F139: 100064228 | G139: RESSA IVAN | S139: 4.32 | T139: 4.32 | U139: 2.16 | V139: 2.16 | W139: 2.16 | X139: 2.16 | Y139: 2.16 | Z139: 2.16 | AA139: =+AVERAGE(U139,W139,Y139) -> 2.16 | AB139: =+AVERAGE(V139,X139,Z139) -> 2.16 | AD139: 0 | AE139: 0 | AF139: =+AD139+AE139 -> 0 | AG139: 0 | AH139: 0 | AI139: =+AG139+AH139 -> 0 | AJ139: =+AF139+AI139 -> 0 | AK139: =+IF(AB139+AA139+AJ139<=0, "NO COMPRADOR", +IF(AJ139<=0, "SIN COMPRA "&+UPPER(TEXT('DINAMICA ENERO 26'!$C$2,"mmm 'yy")), "COMPRADOR")) -> SIN COMPRA FEB '26
... A159: Distribuidores | B159: Gastronomia | C159: DUARTE HERNAN | D159: 100031199 | E159: RAMIREZ ARIEL SEBASTIAN | F159: 100071477 | G159: PADRONE MONICA RAQUEL | S159: 0 | T159: 0 | U159: 0 | V159: 0 | W159: 0 | X159: 0 | Y159: 0 | Z159: 0 | AA159: =+AVERAGE(U159,W159,Y159) -> 0 | AB159: =+AVERAGE(V159,X159,Z159) -> 0 | AD159: 0 | AE159: 0 | AF159: =+AD159+AE159 -> 0 | AG159: 0 | AH159: 0 | AI159: =+AG159+AH159 -> 0 | AJ159: =+AF159+AI159 -> 0 | AK159: =+IF(AB159+AA159+AJ159<=0, "NO COMPRADOR", +IF(AJ159<=0, "SIN COMPRA "&+UPPER(TEXT('DINAMICA ENERO 26'!$C$2,"mmm 'yy")), "COMPRADOR")) -> NO COMPRADOR
A160: Distribuidores | B160: Gastronomia | C160: DUARTE HERNAN | D160: 100031199 | E160: RAMIREZ ARIEL SEBASTIAN | F160: 100073868 | G160: VALDEZ MARIA ALEJANDRA | S160: 0 | T160: 0 | U160: 0 | V160: 0 | W160: 0 | X160: 0 | Y160: 0 | Z160: 0 | AA160: =+AVERAGE(U160,W160,Y160) -> 0 | AB160: =+AVERAGE(V160,X160,Z160) -> 0 | AD160: 0 | AE160: 0 | AF160: =+AD160+AE160 -> 0 | AG160: 0 | AH160: 0 | AI160: =+AG160+AH160 -> 0 | AJ160: =+AF160+AI160 -> 0 | AK160: =+IF(AB160+AA160+AJ160<=0, "NO COMPRADOR", +IF(AJ160<=0, "SIN COMPRA "&+UPPER(TEXT('DINAMICA ENERO 26'!$C$2,"mmm 'yy")), "COMPRADOR")) -> NO COMPRADOR | AQ160: =+VLOOKUP(AO160,Veggies!X:Y,2,FALSE) -> #N/A
A161: Distribuidores | B161: Gastronomia | C161: DUARTE HERNAN | D161: 100031199 | E161: RAMIREZ ARIEL SEBASTIAN | F161: 100040021 | G161: RAMIREZ NEYRA LUIS ALBERTO | S161: 0 | T161: 0 | U161: 0 | V161: 0 | W161: 0 | X161: 0 | Y161: 0 | Z161: 0 | AA161: =+AVERAGE(U161,W161,Y161) -> 0 | AB161: =+AVERAGE(V161,X161,Z161) -> 0 | AD161: 0 | AE161: 0 | AF161: =+AD161+AE161 -> 0 | AG161: 0 | AH161: 0 | AI161: =+AG161+AH161 -> 0 | AJ161: =+AF161+AI161 -> 0 | AK161: =+IF(AB161+AA161+AJ161<=0, "NO COMPRADOR", +IF(AJ161<=0, "SIN COMPRA "&+UPPER(TEXT('DINAMICA ENERO 26'!$C$2,"mmm 'yy")), "COMPRADOR")) -> NO COMPRADOR | AQ161: =+VLOOKUP(AO161,Veggies!X:Y,2,FALSE) -> #N/A
A162: Distribuidores | B162: Gastronomia | C162: DUARTE HERNAN | D162: 100031199 | E162: RAMIREZ ARIEL SEBASTIAN | F162: 100019451 | G162: PROMO BURGUER SRL | S162: 0 | T162: 0 | U162: 0 | V162: 0 | W162: 0 | X162: 0 | Y162: 0 | Z162: 0 | AA162: =+AVERAGE(U162,W162,Y162) -> 0 | AB162: =+AVERAGE(V162,X162,Z162) -> 0 | AD162: 0 | AE162: 0 | AF162: =+AD162+AE162 -> 0 | AG162: 0 | AH162: 0 | AI162: =+AG162+AH162 -> 0 | AJ162: =+AF162+AI162 -> 0 | AK162: =+IF(AB162+AA162+AJ162<=0, "NO COMPRADOR", +IF(AJ162<=0, "SIN COMPRA "&+UPPER(TEXT('DINAMICA ENERO 26'!$C$2,"mmm 'yy")), "COMPRADOR")) -> NO COMPRADOR | AQ162: =+VLOOKUP(AO162,Veggies!X:Y,2,FALSE) -> #N/A
A163: Distribuidores | B163: Gastronomia | C163: DUARTE HERNAN | D163: 100031199 | E163: RAMIREZ ARIEL SEBASTIAN | F163: 100066048 | G163: TIANI KARINA BEATRIZ | S163: 0 | T163: 0 | U163: 0 | V163: 0 | W163: 0 | X163: 0 | Y163: 0 | Z163: 0 | AA163: =+AVERAGE(U163,W163,Y163) -> 0 | AB163: =+AVERAGE(V163,X163,Z163) -> 0 | AD163: 0 | AE163: 0 | AF163: =+AD163+AE163 -> 0 | AG163: 0 | AH163: 0 | AI163: =+AG163+AH163 -> 0 | AJ163: =+AF163+AI163 -> 0 | AK163: =+IF(AB163+AA163+AJ163<=0, "NO COMPRADOR", +IF(AJ163<=0, "SIN COMPRA "&+UPPER(TEXT('DINAMICA ENERO 26'!$C$2,"mmm 'yy")), "COMPRADOR")) -> NO COMPRADOR | AQ163: =+VLOOKUP(AO163,Veggies!X:Y,2,FALSE) -> #N/A
A164: Distribuidores | B164: Gastronomia | C164: DUARTE HERNAN | D164: 100031199 | E164: RAMIREZ ARIEL SEBASTIAN | F164: 100086078 | G164: DISTRIBUIDORA BLANCALUNA S A | S164: 0 | T164: 0 | U164: 0 | V164: 0 | W164: 0 | X164: 0 | Y164: 0 | Z164: 0 | AA164: =+AVERAGE(U164,W164,Y164) -> 0 | AB164: =+AVERAGE(V164,X164,Z164) -> 0 | AD164: 0 | AE164: 0 | AF164: =+AD164+AE164 -> 0 | AG164: 0 | AH164: 0 | AI164: =+AG164+AH164 -> 0 | AJ164: =+AF164+AI164 -> 0 | AK164: =+IF(AB164+AA164+AJ164<=0, "NO COMPRADOR", +IF(AJ164<=0, "SIN COMPRA "&+UPPER(TEXT('DINAMICA ENERO 26'!$C$2,"mmm 'yy")), "COMPRADOR")) -> NO COMPRADOR
A165: Distribuidores | B165: Gastronomia | C165: DUARTE HERNAN | D165: 100031199 | E165: RAMIREZ ARIEL SEBASTIAN | F165: 100089860 | G165: MR TASTY LOMAS S.A. | S165: 0 | T165: 0 | U165: 0 | V165: 0 | W165: 0 | X165: 0 | Y165: 0 | Z165: 0 | AA165: =+AVERAGE(U165,W165,Y165) -> 0 | AB165: =+AVERAGE(V165,X165,Z165) -> 0 | AD165: 0 | AE165: 0 | AF165: =+AD165+AE165 -> 0 | AG165: 0 | AH165: 0 | AI165: =+AG165+AH165 -> 0 | AJ165: =+AF165+AI165 -> 0 | AK165: =+IF(AB165+AA165+AJ165<=0, "NO COMPRADOR", +IF(AJ165<=0, "SIN COMPRA "&+UPPER(TEXT('DINAMICA ENERO 26'!$C$2,"mmm 'yy")), "COMPRADOR")) -> NO COMPRADOR | AQ165: =+VLOOKUP(AO165,Veggies!X:Y,2,FALSE) -> #N/A
A166: Distribuidores | B166: Litoral | C166: DALLA VERDE RAMON ADRIAN | D166: 100088690 | E166: FUNES ANDRES | F166: 100080700 | G166: SALINAS RUBEN ALBERTO | S166: 2.16 | T166: 2.16 | U166: 0 | V166: 0 | W166: 2.16 | X166: 2.16 | Y166: -2.16 | Z166: -2.16 | AA166: =+AVERAGE(U166,W166,Y166) -> 0 | AB166: =+AVERAGE(V166,X166,Z166) -> 0 | AD166: 0 | AE166: 0 | AF166: =+AD166+AE166 -> 0 | AG166: 0 | AH166: 0 | AI166: =+AG166+AH166 -> 0 | AJ166: =+AF166+AI166 -> 0 | AK166: =+IF(AB166+AA166+AJ166<=0, "NO COMPRADOR", +IF(AJ166<=0, "SIN COMPRA "&+UPPER(TEXT('DINAMICA ENERO 26'!$C$2,"mmm 'yy")), "COMPRADOR")) -> NO COMPRADOR
A167: Distribuidores | B167: Litoral | C167: DALLA VERDE RAMON ADRIAN | D167: 100088690 | E167: FUNES ANDRES | F167: 100082871 | G167: DISTRIBUCIONES LA ESTRELLA SOCIEDAD DE HECHO | S167: 2.16 | T167: 2.16 | U167: 0 | V167: 0 | W167: 2.16 | X167: 2.16 | Y167: 0 | Z167: 0 | AA167: =+AVERAGE(U167,W167,Y167) -> 0.72 | AB167: =+AVERAGE(V167,X167,Z167) -> 0.72 | AD167: 0 | AE167: 0 | AF167: =+AD167+AE167 -> 0 | AG167: 0 | AH167: 0 | AI167: =+AG167+AH167 -> 0 | AJ167: =+AF167+AI167 -> 0 | AK167: =+IF(AB167+AA167+AJ167<=0, "NO COMPRADOR", +IF(AJ167<=0, "SIN COMPRA "&+UPPER(TEXT('DINAMICA ENERO 26'!$C$2,"mmm 'yy")), "COMPRADOR")) -> SIN COMPRA FEB '26
A168: Distribuidores | B168: Litoral | C168: DALLA VERDE RAMON ADRIAN | D168: 100088690 | E168: FUNES ANDRES | F168: 100001500 | G168: CHAVEZ JUAN CARLOS | S168: 0 | T168: 0 | U168: 0 | V168: 0 | W168: 0 | X168: 0 | Y168: 0 | Z168: 0 | AA168: =+AVERAGE(U168,W168,Y168) -> 0 | AB168: =+AVERAGE(V168,X168,Z168) -> 0 | AD168: 0 | AE168: 0 | AF168: =+AD168+AE168 -> 0 | AG168: 0 | AH168: 0 | AI168: =+AG168+AH168 -> 0 | AJ168: =+AF168+AI168 -> 0 | AK168: =+IF(AB168+AA168+AJ168<=0, "NO COMPRADOR", +IF(AJ168<=0, "SIN COMPRA "&+UPPER(TEXT('DINAMICA ENERO 26'!$C$2,"mmm 'yy")), "COMPRADOR")) -> NO COMPRADOR
A169: Distribuidores | B169: Litoral | C169: DALLA VERDE RAMON ADRIAN | D169: 100088690 | E169: FUNES ANDRES | F169: 100026401 | G169: NUEVO PREMIUM S.A. | S169: 10.8 | T169: 10.8 | U169: 8.64 | V169: 6.48 | W169: 28.08 | X169: 23.76 | Y169: 12.96 | Z169: 12.96 | AA169: =+AVERAGE(U169,W169,Y169) -> 16.56 | AB169: =+AVERAGE(V169,X169,Z169) -> 14.4 | AD169: 12.96 | AE169: 0 | AF169: =+AD169+AE169 -> 12.96 | AG169: 6.48 | AH169: 0 | AI169: =+AG169+AH169 -> 6.48 | AJ169: =+AF169+AI169 -> 19.44 | AK169: =+IF(AB169+AA169+AJ169<=0, "NO COMPRADOR", +IF(AJ169<=0, "SIN COMPRA "&+UPPER(TEXT('DINAMICA ENERO 26'!$C$2,"mmm 'yy")), "COMPRADOR")) -> COMPRADOR
A170: Distribuidores | B170: Litoral | C170: DALLA VERDE RAMON ADRIAN | D170: 100088690 | E170: FUNES ANDRES | F170: 100067627 | G170: FROZEN SUPPLIER SRL | S170: 10.8 | T170: 10.8 | U170: 0 | V170: 0 | W170: 32.4 | X170: 25.92 | Y170: 64.8 | Z170: 38.88 | AA170: =+AVERAGE(U170,W170,Y170) -> 32.4 | AB170: =+AVERAGE(V170,X170,Z170) -> 21.6 | AD170: 129.6 | AE170: 0 | AF170: =+AD170+AE170 -> 129.6 | AG170: 64.8 | AH170: 0 | AI170: =+AG170+AH170 -> 64.8 | AJ170: =+AF170+AI170 -> 194.4 | AK170: =+IF(AB170+AA170+AJ170<=0, "NO COMPRADOR", +IF(AJ170<=0, "SIN COMPRA "&+UPPER(TEXT('DINAMICA ENERO 26'!$C$2,"mmm 'yy")), "COMPRADOR")) -> COMPRADOR
A171: Distribuidores | B171: Litoral | C171: DALLA VERDE RAMON ADRIAN | D171: 100088690 | E171: FUNES ANDRES | F171: 100072066 | G171: CENTRO DISTRIBUCION JUNIN S.A. | S171: 10.8 | T171: 10.8 | U171: 6.48 | V171: 6.48 | W171: 0 | X171: 8.64 | Y171: 10.8 | Z171: 10.8 | AA171: =+AVERAGE(U171,W171,Y171) -> 5.76 | AB171: =+AVERAGE(V171,X171,Z171) -> 8.64 | AD171: 10.8 | AE171: 0 | AF171: =+AD171+AE171 -> 10.8 | AG171: 0 | AH171: 0 | AI171: =+AG171+AH171 -> 0 | AJ171: =+AF171+AI171 -> 10.8 | AK171: =+IF(AB171+AA171+AJ171<=0, "NO COMPRADOR", +IF(AJ171<=0, "SIN COMPRA "&+UPPER(TEXT('DINAMICA ENERO 26'!$C$2,"mmm 'yy")), "COMPRADOR")) -> COMPRADOR
A172: Distribuidores | B172: Litoral | C172: DALLA VERDE RAMON ADRIAN | D172: 100088690 | E172: FUNES ANDRES | F172: 100081814 | G172: DICAPO CHACABUCO S.R.L. | S172: 0 | T172: 0 | U172: 0 | V172: 0 | W172: 0 | X172: 0 | Y172: 0 | Z172: 0 | AA172: =+AVERAGE(U172,W172,Y172) -> 0 | AB172: =+AVERAGE(V172,X172,Z172) -> 0 | AD172: 0 | AE172: 0 | AF172: =+AD172+AE172 -> 0 | AG172: 0 | AH172: 0 | AI172: =+AG172+AH172 -> 0 | AJ172: =+AF172+AI172 -> 0 | AK172: =+IF(AB172+AA172+AJ172<=0, "NO COMPRADOR", +IF(AJ172<=0, "SIN COMPRA "&+UPPER(TEXT('DINAMICA ENERO 26'!$C$2,"mmm 'yy")), "COMPRADOR")) -> NO COMPRADOR
A173: Distribuidores | B173: Litoral | C173: DALLA VERDE RAMON ADRIAN | D173: 100088690 | E173: FUNES ANDRES | F173: 100072064 | G173: CENTRO DE DISTRIBUCION CHACABUCO SA | S173: 19.44 | T173: 19.44 | U173: 10.8 | V173: 10.8 | W173: 0 | X173: 0 | Y173: 2.16 | Z173: 2.16 | AA173: =+AVERAGE(U173,W173,Y173) -> 4.32 | AB173: =+AVERAGE(V173,X173,Z173) -> 4.32 | AD173: 2.16 | AE173: 0 | AF173: =+AD173+AE173 -> 2.16 | AG173: 6.48 | AH173: 0 | AI173: =+AG173+AH173 -> 6.48 | AJ173: =+AF173+AI173 -> 8.64 | AK173: =+IF(AB173+AA173+AJ173<=0, "NO COMPRADOR", +IF(AJ173<=0, "SIN COMPRA "&+UPPER(TEXT('DINAMICA ENERO 26'!$C$2,"mmm 'yy")), "COMPRADOR")) -> COMPRADOR
A174: Distribuidores | B174: Litoral | C174: DALLA VERDE RAMON ADRIAN | D174: 100088690 | E174: FUNES ANDRES | F174: 100080445 | G174: DISARIO TRADING S.A. | S174: 64.8 | T174: 64.8 | U174: 8.64 | V174: 64.8 | W174: 0 | X174: 0 | Y174: 8.64 | Z174: 0 | AA174: =+AVERAGE(U174,W174,Y174) -> 5.76 | AB174: =+AVERAGE(V174,X174,Z174) -> 21.6 | AD174: 8.64 | AE174: 0 | AF174: =+AD174+AE174 -> 8.64 | AG174: 0 | AH174: 0 | AI174: =+AG174+AH174 -> 0 | AJ174: =+AF174+AI174 -> 8.64 | AK174: =+IF(AB174+AA174+AJ174<=0, "NO COMPRADOR", +IF(AJ174<=0, "SIN COMPRA "&+UPPER(TEXT('DINAMICA ENERO 26'!$C$2,"mmm 'yy")), "COMPRADOR")) -> COMPRADOR
A175: Distribuidores | B175: Litoral | C175: DALLA VERDE RAMON ADRIAN | D175: 100088690 | E175: FUNES ANDRES | F175: 100018910 | G175: FERRAN CESAR ALBERTO | S175: 6.48 | T175: 6.48 | U175: 0 | V175: 4.32 | W175: 2.16 | X175: 2.16 | Y175: 0 | Z175: 0 | AA175: =+AVERAGE(U175,W175,Y175) -> 0.72 | AB175: =+AVERAGE(V175,X175,Z175) -> 2.16 | AD175: 0 | AE175: 0 | AF175: =+AD175+AE175 -> 0 | AG175: 0 | AH175: 0 | AI175: =+AG175+AH175 -> 0 | AJ175: =+AF175+AI175 -> 0 | AK175: =+IF(AB175+AA175+AJ175<=0, "NO COMPRADOR", +IF(AJ175<=0, "SIN COMPRA "&+UPPER(TEXT('DINAMICA ENERO 26'!$C$2,"mmm 'yy")), "COMPRADOR")) -> SIN COMPRA FEB '26
A176: Distribuidores | B176: Litoral | C176: DALLA VERDE RAMON ADRIAN | D176: 100088690 | E176: FUNES ANDRES | F176: 100072065 | G176: CENTRO DE DISTRIBUCION 9 DE JULIO SRL | S176: 75.6 | T176: 75.6 | U176: 2.16 | V176: 2.16 | W176: 21.6 | X176: 21.6 | Y176: 2.16 | Z176: 0 | AA176: =+AVERAGE(U176,W176,Y176) -> 8.64 | AB176: =+AVERAGE(V176,X176,Z176) -> 7.92 | AD176: 21.6 | AE176: 0 | AF176: =+AD176+AE176 -> 21.6 | AG176: 21.6 | AH176: 0 | AI176: =+AG176+AH176 -> 21.6 | AJ176: =+AF176+AI176 -> 43.2 | AK176: =+IF(AB176+AA176+AJ176<=0, "NO COMPRADOR", +IF(AJ176<=0, "SIN COMPRA "&+UPPER(TEXT('DINAMICA ENERO 26'!$C$2,"mmm 'yy")), "COMPRADOR")) -> COMPRADOR
A177: Distribuidores | B177: Litoral | C177: DALLA VERDE RAMON ADRIAN | D177: 100088690 | E177: FUNES ANDRES | F177: 100068677 | G177: NEGELI MARCELO ARMANDO | S177: 0 | T177: 0 | U177: 0 | V177: 0 | W177: 0 | X177: 0 | Y177: 0 | Z177: 0 | AA177: =+AVERAGE(U177,W177,Y177) -> 0 | AB177: =+AVERAGE(V177,X177,Z177) -> 0 | AD177: 0 | AE177: 0 | AF177: =+AD177+AE177 -> 0 | AG177: 0 | AH177: 0 | AI177: =+AG177+AH177 -> 0 | AJ177: =+AF177+AI177 -> 0 | AK177: =+IF(AB177+AA177+AJ177<=0, "NO COMPRADOR", +IF(AJ177<=0, "SIN COMPRA "&+UPPER(TEXT('DINAMICA ENERO 26'!$C$2,"mmm 'yy")), "COMPRADOR")) -> NO COMPRADOR
... A181: Distribuidores | B181: Litoral | C181: DALLA VERDE RAMON ADRIAN | D181: 100088690 | E181: FUNES ANDRES | F181: 100063075 | G181: CARNICERIAS INTEGRADAS DE ROSARIO SRL | S181: 0 | T181: 0 | U181: 0 | V181: 0 | W181: 0 | X181: 0 | Y181: 0 | Z181: 0 | AA181: =+AVERAGE(U181,W181,Y181) -> 0 | AB181: =+AVERAGE(V181,X181,Z181) -> 0 | AD181: 0 | AE181: 0 | AF181: =+AD181+AE181 -> 0 | AG181: 0 | AH181: 0 | AI181: =+AG181+AH181 -> 0 | AJ181: =+AF181+AI181 -> 0 | AK181: =+IF(AB181+AA181+AJ181<=0, "NO COMPRADOR", +IF(AJ181<=0, "SIN COMPRA "&+UPPER(TEXT('DINAMICA ENERO 26'!$C$2,"mmm 'yy")), "COMPRADOR")) -> NO COMPRADOR
A182: Distribuidores | B182: Litoral | C182: DALLA VERDE RAMON ADRIAN | D182: 100088690 | E182: FUNES ANDRES | F182: 100072084 | G182: CENTRO DE DISTRIBUCION PERGAMINO SA | S182: 32.4 | T182: 32.4 | U182: 6.48 | V182: 6.48 | W182: 2.16 | X182: 8.64 | Y182: 4.32 | Z182: 0 | AA182: =+AVERAGE(U182,W182,Y182) -> 4.32 | AB182: =+AVERAGE(V182,X182,Z182) -> 5.04 | AD182: 10.8 | AE182: 0 | AF182: =+AD182+AE182 -> 10.8 | AG182: 4.32 | AH182: 0 | AI182: =+AG182+AH182 -> 4.32 | AJ182: =+AF182+AI182 -> 15.12 | AK182: =+IF(AB182+AA182+AJ182<=0, "NO COMPRADOR", +IF(AJ182<=0, "SIN COMPRA "&+UPPER(TEXT('DINAMICA ENERO 26'!$C$2,"mmm 'yy")), "COMPRADOR")) -> COMPRADOR | AQ182: =+VLOOKUP(AO182,Veggies!X:Y,2,FALSE) -> #N/A
A183: Distribuidores | B183: Litoral | C183: DALLA VERDE RAMON ADRIAN | D183: 100088690 | E183: FUNES ANDRES | F183: 100000283 | G183: MUTUALIDAD DE OBR. SOC. PARA EMPL DE LA CIA SWIFT | S183: 15.12 | T183: 10.8 | U183: 2.16 | V183: 2.16 | W183: 4.32 | X183: 2.16 | Y183: 10.8 | Z183: 6.48 | AA183: =+AVERAGE(U183,W183,Y183) -> 5.76 | AB183: =+AVERAGE(V183,X183,Z183) -> 3.6 | AD183: 0 | AE183: 0 | AF183: =+AD183+AE183 -> 0 | AG183: 0 | AH183: 0 | AI183: =+AG183+AH183 -> 0 | AJ183: =+AF183+AI183 -> 0 | AK183: =+IF(AB183+AA183+AJ183<=0, "NO COMPRADOR", +IF(AJ183<=0, "SIN COMPRA "&+UPPER(TEXT('DINAMICA ENERO 26'!$C$2,"mmm 'yy")), "COMPRADOR")) -> SIN COMPRA FEB '26
A184: Distribuidores | B184: Litoral | C184: DALLA VERDE RAMON ADRIAN | D184: 100088690 | E184: FUNES ANDRES | F184: 100001254 | G184: BATTISTIN DISTRIBUCIONES S.R.L | S184: 0 | T184: 0 | U184: 0 | V184: 0 | W184: 0 | X184: 0 | Y184: 0 | Z184: 0 | AA184: =+AVERAGE(U184,W184,Y184) -> 0 | AB184: =+AVERAGE(V184,X184,Z184) -> 0 | AD184: 0 | AE184: 0 | AF184: =+AD184+AE184 -> 0 | AG184: 0 | AH184: 0 | AI184: =+AG184+AH184 -> 0 | AJ184: =+AF184+AI184 -> 0 | AK184: =+IF(AB184+AA184+AJ184<=0, "NO COMPRADOR", +IF(AJ184<=0, "SIN COMPRA "&+UPPER(TEXT('DINAMICA ENERO 26'!$C$2,"mmm 'yy")), "COMPRADOR")) -> NO COMPRADOR
A185: Distribuidores | B185: Litoral | C185: DALLA VERDE RAMON ADRIAN | D185: 100088690 | E185: FUNES ANDRES | F185: 100088794 | G185: OAB DISTRIBUIDORA S. CAP I SECC IV | S185: 4.32 | T185: 4.32 | U185: 2.16 | V185: 6.48 | W185: 4.32 | X185: 6.48 | Y185: 0 | Z185: 0 | AA185: =+AVERAGE(U185,W185,Y185) -> 2.16 | AB185: =+AVERAGE(V185,X185,Z185) -> 4.32 | AD185: 0 | AE185: 0 | AF185: =+AD185+AE185 -> 0 | AG185: 0 | AH185: 0 | AI185: =+AG185+AH185 -> 0 | AJ185: =+AF185+AI185 -> 0 | AK185: =+IF(AB185+AA185+AJ185<=0, "NO COMPRADOR", +IF(AJ185<=0, "SIN COMPRA "&+UPPER(TEXT('DINAMICA ENERO 26'!$C$2,"mmm 'yy")), "COMPRADOR")) -> SIN COMPRA FEB '26
A186: Distribuidores | B186: Litoral | C186: DALLA VERDE RAMON ADRIAN | D186: 100088690 | E186: FUNES ANDRES | F186: 100088316 | G186: ELNATAM S.A.S. | S186: 4.32 | T186: 4.32 | U186: 4.32 | V186: 6.48 | W186: 4.32 | X186: 4.32 | Y186: 4.32 | Z186: 0 | AA186: =+AVERAGE(U186,W186,Y186) -> 4.32 | AB186: =+AVERAGE(V186,X186,Z186) -> 3.6 | AD186: 0 | AE186: 0 | AF186: =+AD186+AE186 -> 0 | AG186: 0 | AH186: 0 | AI186: =+AG186+AH186 -> 0 | AJ186: =+AF186+AI186 -> 0 | AK186: =+IF(AB186+AA186+AJ186<=0, "NO COMPRADOR", +IF(AJ186<=0, "SIN COMPRA "&+UPPER(TEXT('DINAMICA ENERO 26'!$C$2,"mmm 'yy")), "COMPRADOR")) -> SIN COMPRA FEB '26
A187: Distribuidores | B187: Litoral | C187: DALLA VERDE RAMON ADRIAN | D187: 100088690 | E187: FUNES ANDRES | F187: 100089468 | G187: LACTEOS SAN JOSE SRL | S187: 0 | T187: 0 | U187: 0 | V187: 0 | W187: 0 | X187: 0 | Y187: 0 | Z187: 0 | AA187: =+AVERAGE(U187,W187,Y187) -> 0 | AB187: =+AVERAGE(V187,X187,Z187) -> 0 | AD187: 0 | AE187: 0 | AF187: =+AD187+AE187 -> 0 | AG187: 0 | AH187: 0 | AI187: =+AG187+AH187 -> 0 | AJ187: =+AF187+AI187 -> 0 | AK187: =+IF(AB187+AA187+AJ187<=0, "NO COMPRADOR", +IF(AJ187<=0, "SIN COMPRA "&+UPPER(TEXT('DINAMICA ENERO 26'!$C$2,"mmm 'yy")), "COMPRADOR")) -> NO COMPRADOR
A188: Distribuidores | B188: Litoral | C188: DALLA VERDE RAMON ADRIAN | D188: 100089856 | E188: SCARAFIA YAMIL HERMES | F188: 100001543 | G188: JOSE OMAR DI ZEO SRL | S188: 2.16 | T188: 2.16 | U188: 0 | V188: 0 | W188: 2.16 | X188: 2.16 | Y188: 0 | Z188: 0 | AA188: =+AVERAGE(U188,W188,Y188) -> 0.72 | AB188: =+AVERAGE(V188,X188,Z188) -> 0.72 | AD188: 0 | AE188: 0 | AF188: =+AD188+AE188 -> 0 | AG188: 0 | AH188: 0 | AI188: =+AG188+AH188 -> 0 | AJ188: =+AF188+AI188 -> 0 | AK188: =+IF(AB188+AA188+AJ188<=0, "NO COMPRADOR", +IF(AJ188<=0, "SIN COMPRA "&+UPPER(TEXT('DINAMICA ENERO 26'!$C$2,"mmm 'yy")), "COMPRADOR")) -> SIN COMPRA FEB '26
A189: Distribuidores | B189: Litoral | C189: DALLA VERDE RAMON ADRIAN | D189: 100089856 | E189: SCARAFIA YAMIL HERMES | F189: 100066164 | G189: MANA DISTRIBUCIONES S.A. | S189: 19.44 | T189: 19.44 | U189: 10.8 | V189: 10.8 | W189: 4.32 | X189: 4.32 | Y189: 10.8 | Z189: 10.8 | AA189: =+AVERAGE(U189,W189,Y189) -> 8.64 | AB189: =+AVERAGE(V189,X189,Z189) -> 8.64 | AD189: 0 | AE189: 0 | AF189: =+AD189+AE189 -> 0 | AG189: 0 | AH189: 0 | AI189: =+AG189+AH189 -> 0 | AJ189: =+AF189+AI189 -> 0 | AK189: =+IF(AB189+AA189+AJ189<=0, "NO COMPRADOR", +IF(AJ189<=0, "SIN COMPRA "&+UPPER(TEXT('DINAMICA ENERO 26'!$C$2,"mmm 'yy")), "COMPRADOR")) -> SIN COMPRA FEB '26
A190: Distribuidores | B190: Litoral | C190: DALLA VERDE RAMON ADRIAN | D190: 100089856 | E190: SCARAFIA YAMIL HERMES | F190: 100034611 | G190: FENOVO S.A. | S190: 0 | T190: 0 | U190: 0 | V190: 0 | W190: 0 | X190: 0 | Y190: 0 | Z190: 0 | AA190: =+AVERAGE(U190,W190,Y190) -> 0 | AB190: =+AVERAGE(V190,X190,Z190) -> 0 | AD190: 0 | AE190: 0 | AF190: =+AD190+AE190 -> 0 | AG190: 0 | AH190: 0 | AI190: =+AG190+AH190 -> 0 | AJ190: =+AF190+AI190 -> 0 | AK190: =+IF(AB190+AA190+AJ190<=0, "NO COMPRADOR", +IF(AJ190<=0, "SIN COMPRA "&+UPPER(TEXT('DINAMICA ENERO 26'!$C$2,"mmm 'yy")), "COMPRADOR")) -> NO COMPRADOR
A191: Distribuidores | B191: Litoral | C191: DALLA VERDE RAMON ADRIAN | D191: 100089856 | E191: SCARAFIA YAMIL HERMES | F191: 100001907 | G191: JIANA DISTRIBUCIONES S.R.L. | S191: 21.6 | T191: 21.6 | U191: 116.64 | V191: 86.4 | W191: 21.6 | X191: 21.6 | Y191: 0 | Z191: 0 | AA191: =+AVERAGE(U191,W191,Y191) -> 46.08 | AB191: =+AVERAGE(V191,X191,Z191) -> 36 | AD191: 2.16 | AE191: 0 | AF191: =+AD191+AE191 -> 2.16 | AG191: 2.16 | AH191: 0 | AI191: =+AG191+AH191 -> 2.16 | AJ191: =+AF191+AI191 -> 4.32 | AK191: =+IF(AB191+AA191+AJ191<=0, "NO COMPRADOR", +IF(AJ191<=0, "SIN COMPRA "&+UPPER(TEXT('DINAMICA ENERO 26'!$C$2,"mmm 'yy")), "COMPRADOR")) -> COMPRADOR
A192: Distribuidores | B192: Litoral | C192: DALLA VERDE RAMON ADRIAN | D192: 100089856 | E192: SCARAFIA YAMIL HERMES | F192: 100068177 | G192: LUSSA CRISTIAN ARIEL | S192: 4.32 | T192: 4.32 | U192: 2.16 | V192: 2.16 | W192: 2.16 | X192: 2.16 | Y192: 2.16 | Z192: 2.16 | AA192: =+AVERAGE(U192,W192,Y192) -> 2.16 | AB192: =+AVERAGE(V192,X192,Z192) -> 2.16 | AD192: 0 | AE192: 0 | AF192: =+AD192+AE192 -> 0 | AG192: 0 | AH192: 0 | AI192: =+AG192+AH192 -> 0 | AJ192: =+AF192+AI192 -> 0 | AK192: =+IF(AB192+AA192+AJ192<=0, "NO COMPRADOR", +IF(AJ192<=0, "SIN COMPRA "&+UPPER(TEXT('DINAMICA ENERO 26'!$C$2,"mmm 'yy")), "COMPRADOR")) -> SIN COMPRA FEB '26
A193: Distribuidores | B193: Litoral | C193: DALLA VERDE RAMON ADRIAN | D193: 100089856 | E193: SCARAFIA YAMIL HERMES | F193: 100062882 | G193: TODO HELADO S.R.L. | S193: 2.16 | T193: 2.16 | U193: -2.16 | V193: -2.16 | W193: 0 | X193: 0 | Y193: 0 | Z193: 0 | AA193: =+AVERAGE(U193,W193,Y193) -> -0.72 | AB193: =+AVERAGE(V193,X193,Z193) -> -0.72 | AD193: 0 | AE193: 0 | AF193: =+AD193+AE193 -> 0 | AG193: 0 | AH193: 0 | AI193: =+AG193+AH193 -> 0 | AJ193: =+AF193+AI193 -> 0 | AK193: =+IF(AB193+AA193+AJ193<=0, "NO COMPRADOR", +IF(AJ193<=0, "SIN COMPRA "&+UPPER(TEXT('DINAMICA ENERO 26'!$C$2,"mmm 'yy")), "COMPRADOR")) -> NO COMPRADOR
A194: Distribuidores | B194: Litoral | C194: DALLA VERDE RAMON ADRIAN | D194: 100089856 | E194: SCARAFIA YAMIL HERMES | F194: 100001936 | G194: LA AGRICOLA REGIONAL COOPERATIVA LIMITADA | S194: 2.16 | T194: 2.16 | U194: 2.16 | V194: 2.16 | W194: 0 | X194: 0 | Y194: 2.16 | Z194: 0 | AA194: =+AVERAGE(U194,W194,Y194) -> 1.44 | AB194: =+AVERAGE(V194,X194,Z194) -> 0.72 | AD194: 0 | AE194: 0 | AF194: =+AD194+AE194 -> 0 | AG194: 0 | AH194: 0 | AI194: =+AG194+AH194 -> 0 | AJ194: =+AF194+AI194 -> 0 | AK194: =+IF(AB194+AA194+AJ194<=0, "NO COMPRADOR", +IF(AJ194<=0, "SIN COMPRA "&+UPPER(TEXT('DINAMICA ENERO 26'!$C$2,"mmm 'yy")), "COMPRADOR")) -> SIN COMPRA FEB '26
... A338: Cadenas | B338: DBU - BAS | C338: ARUANNO PARODI MARIA NOEL | D338: 100066387 | E338: RAMONDINO LEONARDO ERNESTO | F338: 100001342 | G338: CENCOSUD S A | S338: 0 | T338: 0 | U338: 0 | V338: 0 | W338: 0 | X338: 0 | Y338: 0 | Z338: 0 | AA338: =+AVERAGE(U338,W338,Y338) -> 0 | AB338: =+AVERAGE(V338,X338,Z338) -> 0 | AD338: 0 | AE338: 0 | AF338: =+AD338+AE338 -> 0 | AG338: 0 | AH338: 0 | AI338: =+AG338+AH338 -> 0 | AJ338: =+AF338+AI338 -> 0 | AK338: =+IF(AB338+AA338+AJ338<=0, "NO COMPRADOR", +IF(AJ338<=0, "SIN COMPRA "&+UPPER(TEXT('DINAMICA ENERO 26'!$C$2,"mmm 'yy")), "COMPRADOR")) -> NO COMPRADOR
A339: Distribuidores | B339: Patagonia | C339: MARCELO VEGA | D339: 100088149 | E339: VILOTTA SEBASTIAN | F339: 100089849 | G339: GRUPO HEMA S. R. L. | H339: 0 | I339: 0 | J339: 0 | K339: 0 | S339: 0 | T339: 0 | U339: 0 | V339: 0 | W339: 21.6 | X339: 0 | Y339: 0 | Z339: 0 | AA339: =+AVERAGE(U339,W339,Y339) -> 7.2 | AB339: =+AVERAGE(V339,X339,Z339) -> 0 | AD339: 0 | AE339: 0 | AF339: =+AD339+AE339 -> 0 | AG339: 0 | AH339: 0 | AI339: =+AG339+AH339 -> 0 | AJ339: =+AF339+AI339 -> 0 | AK339: =+IF(AB339+AA339+AJ339<=0, "NO COMPRADOR", +IF(AJ339<=0, "SIN COMPRA "&+UPPER(TEXT('DINAMICA ENERO 26'!$C$2,"mmm 'yy")), "COMPRADOR")) -> SIN COMPRA FEB '26
A340: Distribuidores | B340: Patagonia | C340: MARCELO VEGA | D340: 100079515 | E340: ALONSO GUSTAVO DANIEL | F340: 100025640 | G340: CUADRADO MAURO DAMIAN | H340: 0 | I340: 0 | J340: 0 | K340: 0 | S340: 0 | T340: 0 | U340: 0 | V340: 0 | W340: 0 | X340: 0 | Y340: 0 | Z340: 0 | AA340: =+AVERAGE(U340,W340,Y340) -> 0 | AB340: =+AVERAGE(V340,X340,Z340) -> 0 | AD340: 0 | AE340: 0 | AF340: =+AD340+AE340 -> 0 | AG340: 0 | AH340: 0 | AI340: =+AG340+AH340 -> 0 | AJ340: =+AF340+AI340 -> 0 | AK340: =+IF(AB340+AA340+AJ340<=0, "NO COMPRADOR", +IF(AJ340<=0, "SIN COMPRA "&+UPPER(TEXT('DINAMICA ENERO 26'!$C$2,"mmm 'yy")), "COMPRADOR")) -> NO COMPRADOR
A341: Distribuidores | B341: Cuyo | C341: MARCELO VEGA | D341: 100079674 | E341: VIVARES ABEL MAURICIO | F341: 100080761 | G341: EL CHILENO S.R.L. | H341: 0 | I341: 0 | J341: 0 | K341: 0 | S341: 0 | T341: 0 | U341: 0 | V341: 0 | W341: 10.8 | X341: 10.8 | Y341: 0 | Z341: 10.8 | AA341: =+AVERAGE(U341,W341,Y341) -> 3.6 | AB341: =+AVERAGE(V341,X341,Z341) -> 7.2 | AD341: 0 | AE341: 0 | AF341: =+AD341+AE341 -> 0 | AG341: 0 | AH341: 0 | AI341: =+AG341+AH341 -> 0 | AJ341: =+AF341+AI341 -> 0 | AK341: =+IF(AB341+AA341+AJ341<=0, "NO COMPRADOR", +IF(AJ341<=0, "SIN COMPRA "&+UPPER(TEXT('DINAMICA ENERO 26'!$C$2,"mmm 'yy")), "COMPRADOR")) -> SIN COMPRA FEB '26
...

Sheet ATUN
A1: COMPRADORES NUEVOS LANZAMIENTOS | W1: DIC 25 | Y1: ENE 25 | AA1: PROMEDIO | AD1: ATUN AL NATURAL (522246) | AG1: ATUN EN ACEITE (522247) | AL1: 100522246 | AM1: 100522247
A2: CANAL | B2: ZONA | C2: Jefe | D2: COD VENDEDOR | E2: NOM VENDEDOR | F2: COD CENTRALIZADOR | G2: NOM CENTRALIZADOR | W2: ATUN AL NATURAL (522246) | X2: ATUN EN ACEITE (522247) | Y2: ATUN AL NATURAL (522246) | Z2: ATUN EN ACEITE (522247) | AA2: ATUN AL NATURAL (522246) | AB2: ATUN EN ACEITE (522247) | AD2: =+UPPER(TEXT('DINAMICA ENERO 26'!$C$2,"mmm 'yy"))&" FACT" -> FEB '26 FACT | AE2: =+UPPER(TEXT('DINAMICA ENERO 26'!$C$2,"mmm 'yy"))&" PEND." -> FEB '26 PEND. | AF2: =+UPPER(TEXT('DINAMICA ENERO 26'!$C$2,"mmm 'yy"))&" TOTAL" -> FEB '26 TOTAL | AG2: =+UPPER(TEXT('DINAMICA ENERO 26'!$C$2,"mmm 'yy"))&" FACT" -> FEB '26 FACT | AH2: =+UPPER(TEXT('DINAMICA ENERO 26'!$C$2,"mmm 'yy"))&" PEND." -> FEB '26 PEND. | AI2: =+UPPER(TEXT('DINAMICA ENERO 26'!$C$2,"mmm 'yy"))&" TOTAL" -> FEB '26 TOTAL | AJ2: TOTAL | AK2: ESTADO
A3: Distribuidores | B3: Capital | C3: FEDERICO JACUM | D3: 100077477 | E3: VELAZQUEZ JONATAN WALTER | F3: 100086577 | G3: LOGISTICA Y DISTRIBUCION RIBAUDO HNOS S.A. | W3: 16.32 | X3: 16.32 | Y3: 0 | Z3: 0 | AA3: =+AVERAGE(W3,Y3) -> 8.16 | AB3: =+AVERAGE(X3,Z3) -> 8.16 | AD3: 0 | AE3: 0 | AF3: =+AD3+AE3 -> 0 | AG3: 0 | AH3: 0 | AI3: =+AG3+AH3 -> 0 | AJ3: =+AF3+AI3 -> 0 | AK3: =+IF(X3+W3+AJ3<=0, "NO COMPRADOR", +IF(AJ3<=0, "SIN COMPRA "&+UPPER(TEXT('DINAMICA ENERO 26'!$C$2,"mmm 'yy")), "COMPRADOR")) -> SIN COMPRA FEB '26
A4: Distribuidores | B4: Capital | C4: FEDERICO JACUM | D4: 100077477 | E4: VELAZQUEZ JONATAN WALTER | F4: 100065731 | G4: CINCUNEGUI MARCELO RODOLFO | W4: 0 | X4: 0 | Y4: 0 | Z4: 0 | AA4: =+AVERAGE(W4,Y4) -> 0 | AB4: =+AVERAGE(X4,Z4) -> 0 | AD4: 0 | AE4: 0 | AF4: =+AD4+AE4 -> 0 | AG4: 0 | AH4: 0 | AI4: =+AG4+AH4 -> 0 | AJ4: =+AF4+AI4 -> 0 | AK4: =+IF(X4+W4+AJ4<=0, "NO COMPRADOR", +IF(AJ4<=0, "SIN COMPRA "&+UPPER(TEXT('DINAMICA ENERO 26'!$C$2,"mmm 'yy")), "COMPRADOR")) -> NO COMPRADOR
A5: Distribuidores | B5: Capital | C5: FEDERICO JACUM | D5: 100077477 | E5: VELAZQUEZ JONATAN WALTER | F5: 100010095 | G5: SUPERCONGELADOS FATIMA SOCIEDAD ANONIMA | W5: 0 | X5: 0 | Y5: 0 | Z5: 0 | AA5: =+AVERAGE(W5,Y5) -> 0 | AB5: =+AVERAGE(X5,Z5) -> 0 | AD5: 0 | AE5: 0 | AF5: =+AD5+AE5 -> 0 | AG5: 0 | AH5: 0 | AI5: =+AG5+AH5 -> 0 | AJ5: =+AF5+AI5 -> 0 | AK5: =+IF(X5+W5+AJ5<=0, "NO COMPRADOR", +IF(AJ5<=0, "SIN COMPRA "&+UPPER(TEXT('DINAMICA ENERO 26'!$C$2,"mmm 'yy")), "COMPRADOR")) -> NO COMPRADOR
A6: Distribuidores | B6: Capital | C6: FEDERICO JACUM | D6: 100077477 | E6: VELAZQUEZ JONATAN WALTER | F6: 100079173 | G6: IQF DISTRIBUCION S.A. | W6: 81.6 | X6: 81.6 | Y6: 163.2 | Z6: 163.2 | AA6: =+AVERAGE(W6,Y6) -> 122.4 | AB6: =+AVERAGE(X6,Z6) -> 122.4 | AD6: 81.6 | AE6: 0 | AF6: =+AD6+AE6 -> 81.6 | AG6: 81.6 | AH6: 0 | AI6: =+AG6+AH6 -> 81.6 | AJ6: =+AF6+AI6 -> 163.2 | AK6: =+IF(X6+W6+AJ6<=0, "NO COMPRADOR", +IF(AJ6<=0, "SIN COMPRA "&+UPPER(TEXT('DINAMICA ENERO 26'!$C$2,"mmm 'yy")), "COMPRADOR")) -> COMPRADOR
A7: Distribuidores | B7: Capital | C7: FEDERICO JACUM | D7: 100077477 | E7: VELAZQUEZ JONATAN WALTER | F7: 100079594 | G7: DANIEL BUENO SAU | W7: 0 | X7: 0 | Y7: 65.28 | Z7: 65.28 | AA7: =+AVERAGE(W7,Y7) -> 32.64 | AB7: =+AVERAGE(X7,Z7) -> 32.64 | AD7: 0 | AE7: 0 | AF7: =+AD7+AE7 -> 0 | AG7: 0 | AH7: 0 | AI7: =+AG7+AH7 -> 0 | AJ7: =+AF7+AI7 -> 0 | AK7: =+IF(X7+W7+AJ7<=0, "NO COMPRADOR", +IF(AJ7<=0, "SIN COMPRA "&+UPPER(TEXT('DINAMICA ENERO 26'!$C$2,"mmm 'yy")), "COMPRADOR")) -> NO COMPRADOR
A8: Distribuidores | B8: Capital | C8: FEDERICO JACUM | D8: 100077477 | E8: VELAZQUEZ JONATAN WALTER | F8: 100078788 | G8: CAMPO DE SABORES S.A.S. | W8: 0 | X8: 0 | Y8: 0 | Z8: 0 | AA8: =+AVERAGE(W8,Y8) -> 0 | AB8: =+AVERAGE(X8,Z8) -> 0 | AD8: 0 | AE8: 0 | AF8: =+AD8+AE8 -> 0 | AG8: 0 | AH8: 0 | AI8: =+AG8+AH8 -> 0 | AJ8: =+AF8+AI8 -> 0 | AK8: =+IF(X8+W8+AJ8<=0, "NO COMPRADOR", +IF(AJ8<=0, "SIN COMPRA "&+UPPER(TEXT('DINAMICA ENERO 26'!$C$2,"mmm 'yy")), "COMPRADOR")) -> NO COMPRADOR
A9: Distribuidores | B9: Capital | C9: FEDERICO JACUM | D9: 100077477 | E9: VELAZQUEZ JONATAN WALTER | F9: 100084185 | G9: ADN DISTRIBUCION S.R.L. | W9: 0 | X9: 0 | Y9: 0 | Z9: 0 | AA9: =+AVERAGE(W9,Y9) -> 0 | AB9: =+AVERAGE(X9,Z9) -> 0 | AD9: 24.48 | AE9: 0 | AF9: =+AD9+AE9 -> 24.48 | AG9: 8.16 | AH9: 0 | AI9: =+AG9+AH9 -> 8.16 | AJ9: =+AF9+AI9 -> 32.64 | AK9: =+IF(X9+W9+AJ9<=0, "NO COMPRADOR", +IF(AJ9<=0, "SIN COMPRA "&+UPPER(TEXT('DINAMICA ENERO 26'!$C$2,"mmm 'yy")), "COMPRADOR")) -> COMPRADOR
A10: Distribuidores | B10: Capital | C10: FEDERICO JACUM | D10: 100077477 | E10: VELAZQUEZ JONATAN WALTER | F10: 100087922 | G10: FETECH INVESTMENTS S.A. | W10: 0 | X10: 0 | Y10: 0 | Z10: 0 | AA10: =+AVERAGE(W10,Y10) -> 0 | AB10: =+AVERAGE(X10,Z10) -> 0 | AD10: 0 | AE10: 0 | AF10: =+AD10+AE10 -> 0 | AG10: 0 | AH10: 0 | AI10: =+AG10+AH10 -> 0 | AJ10: =+AF10+AI10 -> 0 | AK10: =+IF(X10+W10+AJ10<=0, "NO COMPRADOR", +IF(AJ10<=0, "SIN COMPRA "&+UPPER(TEXT('DINAMICA ENERO 26'!$C$2,"mmm 'yy")), "COMPRADOR")) -> NO COMPRADOR
A11: Distribuidores | B11: Capital | C11: FEDERICO JACUM | D11: 100077477 | E11: VELAZQUEZ JONATAN WALTER | F11: 100071741 | G11: BRIENZA DISTRIBUIDORA SOCIEDAD ANONIMA | W11: 0 | X11: 0 | Y11: 0 | Z11: 0 | AA11: =+AVERAGE(W11,Y11) -> 0 | AB11: =+AVERAGE(X11,Z11) -> 0 | AD11: 0 | AE11: 0 | AF11: =+AD11+AE11 -> 0 | AG11: 0 | AH11: 0 | AI11: =+AG11+AH11 -> 0 | AJ11: =+AF11+AI11 -> 0 | AK11: =+IF(X11+W11+AJ11<=0, "NO COMPRADOR", +IF(AJ11<=0, "SIN COMPRA "&+UPPER(TEXT('DINAMICA ENERO 26'!$C$2,"mmm 'yy")), "COMPRADOR")) -> NO COMPRADOR
A12: Distribuidores | B12: Capital | C12: FEDERICO JACUM | D12: 100077477 | E12: VELAZQUEZ JONATAN WALTER | F12: 100075448 | G12: V&D LAS DOS MARIAS SRL | W12: 89.76 | X12: 89.76 | Y12: 0 | Z12: 0 | AA12: =+AVERAGE(W12,Y12) -> 44.88 | AB12: =+AVERAGE(X12,Z12) -> 44.88 | AD12: 0 | AE12: 0 | AF12: =+AD12+AE12 -> 0 | AG12: 0 | AH12: 0 | AI12: =+AG12+AH12 -> 0 | AJ12: =+AF12+AI12 -> 0 | AK12: =+IF(X12+W12+AJ12<=0, "NO COMPRADOR", +IF(AJ12<=0, "SIN COMPRA "&+UPPER(TEXT('DINAMICA ENERO 26'!$C$2,"mmm 'yy")), "COMPRADOR")) -> SIN COMPRA FEB '26
A13: Distribuidores | B13: Capital | C13: FEDERICO JACUM | D13: 100077477 | E13: VELAZQUEZ JONATAN WALTER | F13: 100089232 | G13: DOBLE V DISTRIBUIDORES | W13: 0 | X13: 0 | Y13: 0 | Z13: 0 | AA13: =+AVERAGE(W13,Y13) -> 0 | AB13: =+AVERAGE(X13,Z13) -> 0 | AD13: 0 | AE13: 0 | AF13: =+AD13+AE13 -> 0 | AG13: 0 | AH13: 0 | AI13: =+AG13+AH13 -> 0 | AJ13: =+AF13+AI13 -> 0 | AK13: =+IF(X13+W13+AJ13<=0, "NO COMPRADOR", +IF(AJ13<=0, "SIN COMPRA "&+UPPER(TEXT('DINAMICA ENERO 26'!$C$2,"mmm 'yy")), "COMPRADOR")) -> NO COMPRADOR
A14: Distribuidores | B14: GBA (Oeste) | C14: FEDERICO JACUM | D14: 100041217 | E14: TAPIA NERINA MARIELA | F14: 100073953 | G14: COMESTIBLES LUFAR SRL | W14: 0 | X14: 0 | Y14: 0 | Z14: 0 | AA14: =+AVERAGE(W14,Y14) -> 0 | AB14: =+AVERAGE(X14,Z14) -> 0 | AD14: 0 | AE14: 0 | AF14: =+AD14+AE14 -> 0 | AG14: 0 | AH14: 0 | AI14: =+AG14+AH14 -> 0 | AJ14: =+AF14+AI14 -> 0 | AK14: =+IF(X14+W14+AJ14<=0, "NO COMPRADOR", +IF(AJ14<=0, "SIN COMPRA "&+UPPER(TEXT('DINAMICA ENERO 26'!$C$2,"mmm 'yy")), "COMPRADOR")) -> NO COMPRADOR
... A22: Distribuidores | B22: GBA (Sur) | C22: FEDERICO JACUM | D22: 100080146 | E22: VINCZE CINTIA LORENA | F22: 100001763 | G22: FORCINITTI DISTRIBUIDORA S.A. | W22: 40.8 | X22: 48.96 | Y22: 81.6 | Z22: 81.6 | AA22: =+AVERAGE(W22,Y22) -> 61.2 | AB22: =+AVERAGE(X22,Z22) -> 65.28 | AD22: 0 | AE22: 0 | AF22: =+AD22+AE22 -> 0 | AG22: 0 | AH22: 0 | AI22: =+AG22+AH22 -> 0 | AJ22: =+AF22+AI22 -> 0 | AK22: =+IF(X22+W22+AJ22<=0, "NO COMPRADOR", +IF(AJ22<=0, "SIN COMPRA "&+UPPER(TEXT('DINAMICA ENERO 26'!$C$2,"mmm 'yy")), "COMPRADOR")) -> SIN COMPRA FEB '26
A23: Distribuidores | B23: GBA (Sur) | C23: FEDERICO JACUM | D23: 100080146 | E23: VINCZE CINTIA LORENA | F23: 100025425 | G23: REALES AGRUPACION DE COLABORACION EMPRESARIA | H23: 0 | I23: 0 | J23: 0 | K23: 0 | W23: 0 | X23: 0 | Y23: 81.6 | Z23: 81.6 | AA23: =+AVERAGE(W23,Y23) -> 40.8 | AB23: =+AVERAGE(X23,Z23) -> 40.8 | AD23: 0 | AE23: 0 | AF23: =+AD23+AE23 -> 0 | AG23: 0 | AH23: 0 | AI23: =+AG23+AH23 -> 0 | AJ23: =+AF23+AI23 -> 0 | AK23: =+IF(X23+W23+AJ23<=0, "NO COMPRADOR", +IF(AJ23<=0, "SIN COMPRA "&+UPPER(TEXT('DINAMICA ENERO 26'!$C$2,"mmm 'yy")), "COMPRADOR")) -> NO COMPRADOR
A24: Distribuidores | B24: GBA (Sur) | C24: FEDERICO JACUM | D24: 100068884 | E24: GOMEZ OURAL ALBERTO | F24: 100079808 | G24: SATIMA S.R.L | W24: 807.84 | X24: 807.84 | Y24: 0 | Z24: 0 | AA24: =+AVERAGE(W24,Y24) -> 403.92 | AB24: =+AVERAGE(X24,Z24) -> 403.92 | AD24: 0 | AE24: 0 | AF24: =+AD24+AE24 -> 0 | AG24: 0 | AH24: 0 | AI24: =+AG24+AH24 -> 0 | AJ24: =+AF24+AI24 -> 0 | AK24: =+IF(X24+W24+AJ24<=0, "NO COMPRADOR", +IF(AJ24<=0, "SIN COMPRA "&+UPPER(TEXT('DINAMICA ENERO 26'!$C$2,"mmm 'yy")), "COMPRADOR")) -> SIN COMPRA FEB '26
A25: Distribuidores | B25: GBA (Sur) | C25: FEDERICO JACUM | D25: 100068884 | E25: GOMEZ OURAL ALBERTO | F25: 100069053 | G25: BORATI SA | W25: 89.76 | X25: 89.76 | Y25: 0 | Z25: 0 | AA25: =+AVERAGE(W25,Y25) -> 44.88 | AB25: =+AVERAGE(X25,Z25) -> 44.88 | AD25: 0 | AE25: 0 | AF25: =+AD25+AE25 -> 0 | AG25: 0 | AH25: 0 | AI25: =+AG25+AH25 -> 0 | AJ25: =+AF25+AI25 -> 0 | AK25: =+IF(X25+W25+AJ25<=0, "NO COMPRADOR", +IF(AJ25<=0, "SIN COMPRA "&+UPPER(TEXT('DINAMICA ENERO 26'!$C$2,"mmm 'yy")), "COMPRADOR")) -> SIN COMPRA FEB '26
A26: Distribuidores | B26: GBA (Sur) | C26: FEDERICO JACUM | D26: 100068884 | E26: GOMEZ OURAL ALBERTO | F26: 100061654 | G26: RICARDO BLANCO E HIJOS S R L | W26: 89.76 | X26: 89.76 | Y26: 81.6 | Z26: 81.6 | AA26: =+AVERAGE(W26,Y26) -> 85.68 | AB26: =+AVERAGE(X26,Z26) -> 85.68 | AD26: 0 | AE26: 0 | AF26: =+AD26+AE26 -> 0 | AG26: 0 | AH26: 0 | AI26: =+AG26+AH26 -> 0 | AJ26: =+AF26+AI26 -> 0 | AK26: =+IF(X26+W26+AJ26<=0, "NO COMPRADOR", +IF(AJ26<=0, "SIN COMPRA "&+UPPER(TEXT('DINAMICA ENERO 26'!$C$2,"mmm 'yy")), "COMPRADOR")) -> SIN COMPRA FEB '26
A27: Distribuidores | B27: COSTA | C27: FEDERICO JACUM | D27: 100088165 | E27: MARTINO FLAVIO | F27: 100000073 | G27: MAIOLO S.R.L. | W27: 807.84 | X27: 807.84 | Y27: 456.96 | Z27: 375.36 | AA27: =+AVERAGE(W27,Y27) -> 632.4 | AB27: =+AVERAGE(X27,Z27) -> 591.6 | AD27: 0 | AE27: 0 | AF27: =+AD27+AE27 -> 0 | AG27: 0 | AH27: 0 | AI27: =+AG27+AH27 -> 0 | AJ27: =+AF27+AI27 -> 0 | AK27: =+IF(X27+W27+AJ27<=0, "NO COMPRADOR", +IF(AJ27<=0, "SIN COMPRA "&+UPPER(TEXT('DINAMICA ENERO 26'!$C$2,"mmm 'yy")), "COMPRADOR")) -> SIN COMPRA FEB '26
A28: Distribuidores | B28: COSTA | C28: FEDERICO JACUM | D28: 100088165 | E28: MARTINO FLAVIO | F28: 100078580 | G28: DASAJU DISTRIBUIDORA S.A | W28: 32.64 | X28: 32.64 | Y28: 0 | Z28: 0 | AA28: =+AVERAGE(W28,Y28) -> 16.32 | AB28: =+AVERAGE(X28,Z28) -> 16.32 | AD28: 0 | AE28: 0 | AF28: =+AD28+AE28 -> 0 | AG28: 0 | AH28: 0 | AI28: =+AG28+AH28 -> 0 | AJ28: =+AF28+AI28 -> 0 | AK28: =+IF(X28+W28+AJ28<=0, "NO COMPRADOR", +IF(AJ28<=0, "SIN COMPRA "&+UPPER(TEXT('DINAMICA ENERO 26'!$C$2,"mmm 'yy")), "COMPRADOR")) -> SIN COMPRA FEB '26
A29: Distribuidores | B29: COSTA | C29: FEDERICO JACUM | D29: 100088165 | E29: MARTINO FLAVIO | F29: 100080926 | G29: DEANCAR SERVICIOS SA | W29: 163.2 | X29: 163.2 | Y29: 244.8 | Z29: 244.8 | AA29: =+AVERAGE(W29,Y29) -> 204 | AB29: =+AVERAGE(X29,Z29) -> 204 | AD29: 0 | AE29: 0 | AF29: =+AD29+AE29 -> 0 | AG29: 0 | AH29: 0 | AI29: =+AG29+AH29 -> 0 | AJ29: =+AF29+AI29 -> 0 | AK29: =+IF(X29+W29+AJ29<=0, "NO COMPRADOR", +IF(AJ29<=0, "SIN COMPRA "&+UPPER(TEXT('DINAMICA ENERO 26'!$C$2,"mmm 'yy")), "COMPRADOR")) -> SIN COMPRA FEB '26
A30: Distribuidores | B30: COSTA | C30: FEDERICO JACUM | D30: 100088165 | E30: MARTINO FLAVIO | F30: 100077115 | G30: SABORES S R L | W30: 0 | X30: 0 | Y30: 0 | Z30: 0 | AA30: =+AVERAGE(W30,Y30) -> 0 | AB30: =+AVERAGE(X30,Z30) -> 0 | AD30: 0 | AE30: 0 | AF30: =+AD30+AE30 -> 0 | AG30: 0 | AH30: 0 | AI30: =+AG30+AH30 -> 0 | AJ30: =+AF30+AI30 -> 0 | AK30: =+IF(X30+W30+AJ30<=0, "NO COMPRADOR", +IF(AJ30<=0, "SIN COMPRA "&+UPPER(TEXT('DINAMICA ENERO 26'!$C$2,"mmm 'yy")), "COMPRADOR")) -> NO COMPRADOR
A31: Distribuidores | B31: COSTA | C31: FEDERICO JACUM | D31: 100088165 | E31: MARTINO FLAVIO | F31: 100078578 | G31: MAYOTAN S.R.L EN FORMACION | W31: 40.8 | X31: 40.8 | Y31: 24.48 | Z31: 8.16 | AA31: =+AVERAGE(W31,Y31) -> 32.64 | AB31: =+AVERAGE(X31,Z31) -> 24.48 | AD31: 0 | AE31: 0 | AF31: =+AD31+AE31 -> 0 | AG31: 0 | AH31: 0 | AI31: =+AG31+AH31 -> 0 | AJ31: =+AF31+AI31 -> 0 | AK31: =+IF(X31+W31+AJ31<=0, "NO COMPRADOR", +IF(AJ31<=0, "SIN COMPRA "&+UPPER(TEXT('DINAMICA ENERO 26'!$C$2,"mmm 'yy")), "COMPRADOR")) -> SIN COMPRA FEB '26
A32: Distribuidores | B32: COSTA | C32: FEDERICO JACUM | D32: 100088165 | E32: MARTINO FLAVIO | F32: 100021337 | G32: REPRESENTACIONES ALMAR S.R.L. | W32: 244.8 | X32: 244.8 | Y32: 0 | Z32: 0 | AA32: =+AVERAGE(W32,Y32) -> 122.4 | AB32: =+AVERAGE(X32,Z32) -> 122.4 | AD32: 0 | AE32: 0 | AF32: =+AD32+AE32 -> 0 | AG32: 0 | AH32: 0 | AI32: =+AG32+AH32 -> 0 | AJ32: =+AF32+AI32 -> 0 | AK32: =+IF(X32+W32+AJ32<=0, "NO COMPRADOR", +IF(AJ32<=0, "SIN COMPRA "&+UPPER(TEXT('DINAMICA ENERO 26'!$C$2,"mmm 'yy")), "COMPRADOR")) -> SIN COMPRA FEB '26
A33: Distribuidores | B33: Patagonia | C33: MARCELO VEGA | D33: 100088149 | E33: VILOTTA SEBASTIAN | F33: 100002239 | G33: PUELCHE S.A.I.C.F. | W33: 0 | X33: 0 | Y33: 0 | Z33: 0 | AA33: =+AVERAGE(W33,Y33) -> 0 | AB33: =+AVERAGE(X33,Z33) -> 0 | AD33: 0 | AE33: 0 | AF33: =+AD33+AE33 -> 0 | AG33: 0 | AH33: 0 | AI33: =+AG33+AH33 -> 0 | AJ33: =+AF33+AI33 -> 0 | AK33: =+IF(X33+W33+AJ33<=0, "NO COMPRADOR", +IF(AJ33<=0, "SIN COMPRA "&+UPPER(TEXT('DINAMICA ENERO 26'!$C$2,"mmm 'yy")), "COMPRADOR")) -> NO COMPRADOR
A34: Distribuidores | B34: Patagonia | C34: MARCELO VEGA | D34: 100088149 | E34: VILOTTA SEBASTIAN | F34: 100024103 | G34: ABAMAR SOCIEDAD DE RESPONSABILIDAD LIMITADA | W34: 0 | X34: 0 | Y34: 0 | Z34: 0 | AA34: =+AVERAGE(W34,Y34) -> 0 | AB34: =+AVERAGE(X34,Z34) -> 0 | AD34: 0 | AE34: 0 | AF34: =+AD34+AE34 -> 0 | AG34: 0 | AH34: 0 | AI34: =+AG34+AH34 -> 0 | AJ34: =+AF34+AI34 -> 0 | AK34: =+IF(X34+W34+AJ34<=0, "NO COMPRADOR", +IF(AJ34<=0, "SIN COMPRA "&+UPPER(TEXT('DINAMICA ENERO 26'!$C$2,"mmm 'yy")), "COMPRADOR")) -> NO COMPRADOR
A35: Distribuidores | B35: Patagonia | C35: MARCELO VEGA | D35: 100088149 | E35: VILOTTA SEBASTIAN | F35: 100086135 | G35: HIPERS DISTRIBUIDORA S.A.S | W35: 0 | X35: 0 | Y35: 73.44 | Z35: 114.24 | AA35: =+AVERAGE(W35,Y35) -> 36.72 | AB35: =+AVERAGE(X35,Z35) -> 57.12 | AD35: 89.76 | AE35: 0 | AF35: =+AD35+AE35 -> 89.76 | AG35: 0 | AH35: 0 | AI35: =+AG35+AH35 -> 0 | AJ35: =+AF35+AI35 -> 89.76 | AK35: =+IF(X35+W35+AJ35<=0, "NO COMPRADOR", +IF(AJ35<=0, "SIN COMPRA "&+UPPER(TEXT('DINAMICA ENERO 26'!$C$2,"mmm 'yy")), "COMPRADOR")) -> COMPRADOR
... A105: Distribuidores | B105: Cuyo | C105: MARCELO VEGA | D105: 100066856 | E105: ANDINO FACUNDO NICOLAS | F105: 100071616 | G105: PIETROFARMA SRL | W105: 24.48 | X105: 24.48 | Y105: 408 | Z105: 408 | AA105: =+AVERAGE(W105,Y105) -> 216.24 | AB105: =+AVERAGE(X105,Z105) -> 216.24 | AD105: 0 | AE105: 0 | AF105: =+AD105+AE105 -> 0 | AG105: 0 | AH105: 0 | AI105: =+AG105+AH105 -> 0 | AJ105: =+AF105+AI105 -> 0 | AK105: =+IF(X105+W105+AJ105<=0, "NO COMPRADOR", +IF(AJ105<=0, "SIN COMPRA "&+UPPER(TEXT('DINAMICA ENERO 26'!$C$2,"mmm 'yy")), "COMPRADOR")) -> SIN COMPRA FEB '26
A106: Distribuidores | B106: Cuyo | C106: MARCELO VEGA | D106: 100066856 | E106: ANDINO FACUNDO NICOLAS | F106: 100011726 | G106: JESUS GUIRAO LAG E HIJOS S.R.L. | W106: 0 | X106: 0 | Y106: 0 | Z106: 0 | AA106: =+AVERAGE(W106,Y106) -> 0 | AB106: =+AVERAGE(X106,Z106) -> 0 | AD106: 0 | AE106: 0 | AF106: =+AD106+AE106 -> 0 | AG106: 0 | AH106: 0 | AI106: =+AG106+AH106 -> 0 | AJ106: =+AF106+AI106 -> 0 | AK106: =+IF(X106+W106+AJ106<=0, "NO COMPRADOR", +IF(AJ106<=0, "SIN COMPRA "&+UPPER(TEXT('DINAMICA ENERO 26'!$C$2,"mmm 'yy")), "COMPRADOR")) -> NO COMPRADOR | AQ106: =+VLOOKUP(AO106,Veggies!X:Y,2,FALSE) -> #N/A
A107: Distribuidores | B107: Cuyo | C107: MARCELO VEGA | D107: 100066856 | E107: ANDINO FACUNDO NICOLAS | F107: 100077612 | G107: DISOL S.R.L. | W107: 8.16 | X107: 8.16 | Y107: 0 | Z107: 0 | AA107: =+AVERAGE(W107,Y107) -> 4.08 | AB107: =+AVERAGE(X107,Z107) -> 4.08 | AD107: 0 | AE107: 0 | AF107: =+AD107+AE107 -> 0 | AG107: 0 | AH107: 0 | AI107: =+AG107+AH107 -> 0 | AJ107: =+AF107+AI107 -> 0 | AK107: =+IF(X107+W107+AJ107<=0, "NO COMPRADOR", +IF(AJ107<=0, "SIN COMPRA "&+UPPER(TEXT('DINAMICA ENERO 26'!$C$2,"mmm 'yy")), "COMPRADOR")) -> SIN COMPRA FEB '26 | AQ107: =+VLOOKUP(AO107,Veggies!X:Y,2,FALSE) -> #N/A
A108: Distribuidores | B108: Cuyo | C108: MARCELO VEGA | D108: 100066856 | E108: ANDINO FACUNDO NICOLAS | F108: 100073860 | G108: CEREALES EL DIAMANTE S R L | W108: 0 | X108: 0 | Y108: 0 | Z108: 0 | AA108: =+AVERAGE(W108,Y108) -> 0 | AB108: =+AVERAGE(X108,Z108) -> 0 | AD108: 0 | AE108: 0 | AF108: =+AD108+AE108 -> 0 | AG108: 0 | AH108: 0 | AI108: =+AG108+AH108 -> 0 | AJ108: =+AF108+AI108 -> 0 | AK108: =+IF(X108+W108+AJ108<=0, "NO COMPRADOR", +IF(AJ108<=0, "SIN COMPRA "&+UPPER(TEXT('DINAMICA ENERO 26'!$C$2,"mmm 'yy")), "COMPRADOR")) -> NO COMPRADOR | AQ108: =+VLOOKUP(AO108,Veggies!X:Y,2,FALSE) -> #N/A
A109: Distribuidores | B109: Cuyo | C109: MARCELO VEGA | D109: 100066856 | E109: ANDINO FACUNDO NICOLAS | F109: 100002246 | G109: RAMON BUJ E HIJOS S.A.C.I.A. | W109: 0 | X109: 0 | Y109: 0 | Z109: 0 | AA109: =+AVERAGE(W109,Y109) -> 0 | AB109: =+AVERAGE(X109,Z109) -> 0 | AD109: 0 | AE109: 0 | AF109: =+AD109+AE109 -> 0 | AG109: 0 | AH109: 0 | AI109: =+AG109+AH109 -> 0 | AJ109: =+AF109+AI109 -> 0 | AK109: =+IF(X109+W109+AJ109<=0, "NO COMPRADOR", +IF(AJ109<=0, "SIN COMPRA "&+UPPER(TEXT('DINAMICA ENERO 26'!$C$2,"mmm 'yy")), "COMPRADOR")) -> NO COMPRADOR | AQ109: =+VLOOKUP(AO109,Veggies!X:Y,2,FALSE) -> #N/A
A110: Distribuidores | B110: Cuyo | C110: MARCELO VEGA | D110: 100066856 | E110: ANDINO FACUNDO NICOLAS | F110: 100071232 | G110: NUEVO MASOL MAYORISTA SOCIEDAD ANONIMA | W110: 0 | X110: 0 | Y110: 0 | Z110: 0 | AA110: =+AVERAGE(W110,Y110) -> 0 | AB110: =+AVERAGE(X110,Z110) -> 0 | AD110: 0 | AE110: 0 | AF110: =+AD110+AE110 -> 0 | AG110: 0 | AH110: 0 | AI110: =+AG110+AH110 -> 0 | AJ110: =+AF110+AI110 -> 0 | AK110: =+IF(X110+W110+AJ110<=0, "NO COMPRADOR", +IF(AJ110<=0, "SIN COMPRA "&+UPPER(TEXT('DINAMICA ENERO 26'!$C$2,"mmm 'yy")), "COMPRADOR")) -> NO COMPRADOR | AQ110: =+VLOOKUP(AO110,Veggies!X:Y,2,FALSE) -> #N/A
A111: Distribuidores | B111: Cuyo | C111: MARCELO VEGA | D111: 100066856 | E111: ANDINO FACUNDO NICOLAS | F111: 100076868 | G111: LORSANI SRL | W111: 16.32 | X111: 16.32 | Y111: 0 | Z111: 0 | AA111: =+AVERAGE(W111,Y111) -> 8.16 | AB111: =+AVERAGE(X111,Z111) -> 8.16 | AD111: 8.16 | AE111: 0 | AF111: =+AD111+AE111 -> 8.16 | AG111: 8.16 | AH111: 0 | AI111: =+AG111+AH111 -> 8.16 | AJ111: =+AF111+AI111 -> 16.32 | AK111: =+IF(X111+W111+AJ111<=0, "NO COMPRADOR", +IF(AJ111<=0, "SIN COMPRA "&+UPPER(TEXT('DINAMICA ENERO 26'!$C$2,"mmm 'yy")), "COMPRADOR")) -> COMPRADOR | AQ111: =+VLOOKUP(AO111,Veggies!X:Y,2,FALSE) -> #N/A
A112: Distribuidores | B112: Cuyo | C112: MARCELO VEGA | D112: 100066856 | E112: ANDINO FACUNDO NICOLAS | F112: 100007082 | G112: PABCAR S.A. | W112: 0 | X112: 0 | Y112: 0 | Z112: 0 | AA112: =+AVERAGE(W112,Y112) -> 0 | AB112: =+AVERAGE(X112,Z112) -> 0 | AD112: 0 | AE112: 0 | AF112: =+AD112+AE112 -> 0 | AG112: 0 | AH112: 0 | AI112: =+AG112+AH112 -> 0 | AJ112: =+AF112+AI112 -> 0 | AK112: =+IF(X112+W112+AJ112<=0, "NO COMPRADOR", +IF(AJ112<=0, "SIN COMPRA "&+UPPER(TEXT('DINAMICA ENERO 26'!$C$2,"mmm 'yy")), "COMPRADOR")) -> NO COMPRADOR | AQ112: =+VLOOKUP(AO112,Veggies!X:Y,2,FALSE) -> #N/A
A113: Distribuidores | B113: Cuyo | C113: MARCELO VEGA | D113: 100066856 | E113: ANDINO FACUNDO NICOLAS | F113: 100084941 | G113: IANARDI WALTER | W113: 0 | X113: 0 | Y113: 0 | Z113: 0 | AA113: =+AVERAGE(W113,Y113) -> 0 | AB113: =+AVERAGE(X113,Z113) -> 0 | AD113: 0 | AE113: 0 | AF113: =+AD113+AE113 -> 0 | AG113: 0 | AH113: 0 | AI113: =+AG113+AH113 -> 0 | AJ113: =+AF113+AI113 -> 0 | AK113: =+IF(X113+W113+AJ113<=0, "NO COMPRADOR", +IF(AJ113<=0, "SIN COMPRA "&+UPPER(TEXT('DINAMICA ENERO 26'!$C$2,"mmm 'yy")), "COMPRADOR")) -> NO COMPRADOR | AQ113: =+VLOOKUP(AO113,Veggies!X:Y,2,FALSE) -> #N/A
A114: Distribuidores | B114: Cuyo | C114: MARCELO VEGA | D114: 100066856 | E114: ANDINO FACUNDO NICOLAS | F114: 100071677 | G114: DON MARTIN S R L | W114: 8.16 | X114: 8.16 | Y114: 0 | Z114: 24.48 | AA114: =+AVERAGE(W114,Y114) -> 4.08 | AB114: =+AVERAGE(X114,Z114) -> 16.32 | AD114: 0 | AE114: 0 | AF114: =+AD114+AE114 -> 0 | AG114: 0 | AH114: 0 | AI114: =+AG114+AH114 -> 0 | AJ114: =+AF114+AI114 -> 0 | AK114: =+IF(X114+W114+AJ114<=0, "NO COMPRADOR", +IF(AJ114<=0, "SIN COMPRA "&+UPPER(TEXT('DINAMICA ENERO 26'!$C$2,"mmm 'yy")), "COMPRADOR")) -> SIN COMPRA FEB '26 | AQ114: =+VLOOKUP(AO114,Veggies!X:Y,2,FALSE) -> #N/A
A115: Distribuidores | B115: Cordoba | C115: MARCELO VEGA | D115: 100089701 | E115: SCHAIGORODSKY IGNACIO | F115: 100082346 | G115: KLOR CONSTANZA | W115: 40.8 | X115: 40.8 | Y115: 367.2 | Z115: 367.2 | AA115: =+AVERAGE(W115,Y115) -> 204 | AB115: =+AVERAGE(X115,Z115) -> 204 | AD115: 0 | AE115: 0 | AF115: =+AD115+AE115 -> 0 | AG115: 0 | AH115: 0 | AI115: =+AG115+AH115 -> 0 | AJ115: =+AF115+AI115 -> 0 | AK115: =+IF(X115+W115+AJ115<=0, "NO COMPRADOR", +IF(AJ115<=0, "SIN COMPRA "&+UPPER(TEXT('DINAMICA ENERO 26'!$C$2,"mmm 'yy")), "COMPRADOR")) -> SIN COMPRA FEB '26
A116: Distribuidores | B116: Cordoba | C116: MARCELO VEGA | D116: 100089701 | E116: SCHAIGORODSKY IGNACIO | F116: 100009863 | G116: LUCONI S.R.L. | W116: 0 | X116: 0 | Y116: 0 | Z116: 0 | AA116: =+AVERAGE(W116,Y116) -> 0 | AB116: =+AVERAGE(X116,Z116) -> 0 | AD116: 0 | AE116: 0 | AF116: =+AD116+AE116 -> 0 | AG116: 0 | AH116: 0 | AI116: =+AG116+AH116 -> 0 | AJ116: =+AF116+AI116 -> 0 | AK116: =+IF(X116+W116+AJ116<=0, "NO COMPRADOR", +IF(AJ116<=0, "SIN COMPRA "&+UPPER(TEXT('DINAMICA ENERO 26'!$C$2,"mmm 'yy")), "COMPRADOR")) -> NO COMPRADOR
A117: Distribuidores | B117: Cordoba | C117: MARCELO VEGA | D117: 100089701 | E117: SCHAIGORODSKY IGNACIO | F117: 100080357 | G117: BRANDING TEAM S.A. | W117: 8.16 | X117: 8.16 | Y117: 32.64 | Z117: 32.64 | AA117: =+AVERAGE(W117,Y117) -> 20.4 | AB117: =+AVERAGE(X117,Z117) -> 20.4 | AD117: 0 | AE117: 0 | AF117: =+AD117+AE117 -> 0 | AG117: 0 | AH117: 0 | AI117: =+AG117+AH117 -> 0 | AJ117: =+AF117+AI117 -> 0 | AK117: =+IF(X117+W117+AJ117<=0, "NO COMPRADOR", +IF(AJ117<=0, "SIN COMPRA "&+UPPER(TEXT('DINAMICA ENERO 26'!$C$2,"mmm 'yy")), "COMPRADOR")) -> SIN COMPRA FEB '26
A118: Distribuidores | B118: Cordoba | C118: MARCELO VEGA | D118: 100089701 | E118: SCHAIGORODSKY IGNACIO | F118: 100046307 | G118: GONZALEZ GABRIEL ANDRES | W118: 0 | X118: 8.16 | Y118: 0 | Z118: 48.96 | AA118: =+AVERAGE(W118,Y118) -> 0 | AB118: =+AVERAGE(X118,Z118) -> 28.56 | AD118: 40.8 | AE118: 0 | AF118: =+AD118+AE118 -> 40.8 | AG118: 122.4 | AH118: 0 | AI118: =+AG118+AH118 -> 122.4 | AJ118: =+AF118+AI118 -> 163.2 | AK118: =+IF(X118+W118+AJ118<=0, "NO COMPRADOR", +IF(AJ118<=0, "SIN COMPRA "&+UPPER(TEXT('DINAMICA ENERO 26'!$C$2,"mmm 'yy")), "COMPRADOR")) -> COMPRADOR
A119: Distribuidores | B119: Cordoba | C119: MARCELO VEGA | D119: 100089701 | E119: SCHAIGORODSKY IGNACIO | F119: 100087065 | G119: CARLOS DE PUERTA S.R.L. | W119: 0 | X119: 0 | Y119: 0 | Z119: 0 | AA119: =+AVERAGE(W119,Y119) -> 0 | AB119: =+AVERAGE(X119,Z119) -> 0 | AD119: 0 | AE119: 0 | AF119: =+AD119+AE119 -> 0 | AG119: 0 | AH119: 0 | AI119: =+AG119+AH119 -> 0 | AJ119: =+AF119+AI119 -> 0 | AK119: =+IF(X119+W119+AJ119<=0, "NO COMPRADOR", +IF(AJ119<=0, "SIN COMPRA "&+UPPER(TEXT('DINAMICA ENERO 26'!$C$2,"mmm 'yy")), "COMPRADOR")) -> NO COMPRADOR
A120: Distribuidores | B120: Cordoba | C120: MARCELO VEGA | D120: 100089701 | E120: SCHAIGORODSKY IGNACIO | F120: 100087742 | G120: ALLCOR S.A. | W120: 0 | X120: 0 | Y120: 0 | Z120: 0 | AA120: =+AVERAGE(W120,Y120) -> 0 | AB120: =+AVERAGE(X120,Z120) -> 0 | AD120: 0 | AE120: 0 | AF120: =+AD120+AE120 -> 0 | AG120: 0 | AH120: 0 | AI120: =+AG120+AH120 -> 0 | AJ120: =+AF120+AI120 -> 0 | AK120: =+IF(X120+W120+AJ120<=0, "NO COMPRADOR", +IF(AJ120<=0, "SIN COMPRA "&+UPPER(TEXT('DINAMICA ENERO 26'!$C$2,"mmm 'yy")), "COMPRADOR")) -> NO COMPRADOR
A121: Distribuidores | B121: Cordoba | C121: MARCELO VEGA | D121: 100089701 | E121: SCHAIGORODSKY IGNACIO | F121: 100087748 | G121: TINEM S.A. | W121: 0 | X121: 0 | Y121: 0 | Z121: 0 | AA121: =+AVERAGE(W121,Y121) -> 0 | AB121: =+AVERAGE(X121,Z121) -> 0 | AD121: 0 | AE121: 0 | AF121: =+AD121+AE121 -> 0 | AG121: 0 | AH121: 0 | AI121: =+AG121+AH121 -> 0 | AJ121: =+AF121+AI121 -> 0 | AK121: =+IF(X121+W121+AJ121<=0, "NO COMPRADOR", +IF(AJ121<=0, "SIN COMPRA "&+UPPER(TEXT('DINAMICA ENERO 26'!$C$2,"mmm 'yy")), "COMPRADOR")) -> NO COMPRADOR
A122: Distribuidores | B122: Cordoba | C122: MARCELO VEGA | D122: 100089701 | E122: SCHAIGORODSKY IGNACIO | F122: 100022260 | G122: FREE DISTRIBUCIONES S.R.L. | W122: 0 | X122: 8.16 | Y122: 0 | Z122: 0 | AA122: =+AVERAGE(W122,Y122) -> 0 | AB122: =+AVERAGE(X122,Z122) -> 4.08 | AD122: 0 | AE122: 0 | AF122: =+AD122+AE122 -> 0 | AG122: 0 | AH122: 0 | AI122: =+AG122+AH122 -> 0 | AJ122: =+AF122+AI122 -> 0 | AK122: =+IF(X122+W122+AJ122<=0, "NO COMPRADOR", +IF(AJ122<=0, "SIN COMPRA "&+UPPER(TEXT('DINAMICA ENERO 26'!$C$2,"mmm 'yy")), "COMPRADOR")) -> SIN COMPRA FEB '26
A123: Distribuidores | B123: Cordoba | C123: MARCELO VEGA | D123: 100089701 | E123: SCHAIGORODSKY IGNACIO | F123: 100085159 | G123: CALERO DALMA ANDREA | W123: 0 | X123: 0 | Y123: 0 | Z123: 0 | AA123: =+AVERAGE(W123,Y123) -> 0 | AB123: =+AVERAGE(X123,Z123) -> 0 | AD123: 0 | AE123: 0 | AF123: =+AD123+AE123 -> 0 | AG123: 0 | AH123: 0 | AI123: =+AG123+AH123 -> 0 | AJ123: =+AF123+AI123 -> 0 | AK123: =+IF(X123+W123+AJ123<=0, "NO COMPRADOR", +IF(AJ123<=0, "SIN COMPRA "&+UPPER(TEXT('DINAMICA ENERO 26'!$C$2,"mmm 'yy")), "COMPRADOR")) -> NO COMPRADOR
A124: Distribuidores | B124: Cordoba | C124: MARCELO VEGA | D124: 100089701 | E124: SCHAIGORODSKY IGNACIO | F124: 100087283 | G124: M. RONCATO E HIJOS S. A. | W124: 0 | X124: 0 | Y124: 0 | Z124: 0 | AA124: =+AVERAGE(W124,Y124) -> 0 | AB124: =+AVERAGE(X124,Z124) -> 0 | AD124: 32.64 | AE124: 0 | AF124: =+AD124+AE124 -> 32.64 | AG124: 32.64 | AH124: 0 | AI124: =+AG124+AH124 -> 32.64 | AJ124: =+AF124+AI124 -> 65.28 | AK124: =+IF(X124+W124+AJ124<=0, "NO COMPRADOR", +IF(AJ124<=0, "SIN COMPRA "&+UPPER(TEXT('DINAMICA ENERO 26'!$C$2,"mmm 'yy")), "COMPRADOR")) -> COMPRADOR
A125: Distribuidores | B125: Cordoba | C125: MARCELO VEGA | D125: 100089701 | E125: SCHAIGORODSKY IGNACIO | F125: 100001601 | G125: DISTRIBUIDORA BAEZA S.R.L. | W125: 0 | X125: 0 | Y125: 0 | Z125: 0 | AA125: =+AVERAGE(W125,Y125) -> 0 | AB125: =+AVERAGE(X125,Z125) -> 0 | AD125: 0 | AE125: 8.16 | AF125: =+AD125+AE125 -> 8.16 | AG125: 0 | AH125: 8.16 | AI125: =+AG125+AH125 -> 8.16 | AJ125: =+AF125+AI125 -> 16.32 | AK125: =+IF(X125+W125+AJ125<=0, "NO COMPRADOR", +IF(AJ125<=0, "SIN COMPRA "&+UPPER(TEXT('DINAMICA ENERO 26'!$C$2,"mmm 'yy")), "COMPRADOR")) -> COMPRADOR
A126: Distribuidores | B126: Cordoba | C126: MARCELO VEGA | D126: 100089701 | E126: SCHAIGORODSKY IGNACIO | F126: 100081880 | G126: MENSEGUE SERGIO ARMANDO | W126: 0 | X126: 0 | Y126: 0 | Z126: 0 | AA126: =+AVERAGE(W126,Y126) -> 0 | AB126: =+AVERAGE(X126,Z126) -> 0 | AD126: 0 | AE126: 0 | AF126: =+AD126+AE126 -> 0 | AG126: 0 | AH126: 0 | AI126: =+AG126+AH126 -> 0 | AJ126: =+AF126+AI126 -> 0 | AK126: =+IF(X126+W126+AJ126<=0, "NO COMPRADOR", +IF(AJ126<=0, "SIN COMPRA "&+UPPER(TEXT('DINAMICA ENERO 26'!$C$2,"mmm 'yy")), "COMPRADOR")) -> NO COMPRADOR
A127: Distribuidores | B127: Cordoba | C127: MARCELO VEGA | D127: 100089701 | E127: SCHAIGORODSKY IGNACIO | F127: 100083522 | G127: COLETTI RENATA | W127: 8.16 | X127: 8.16 | Y127: 40.8 | Z127: 40.8 | AA127: =+AVERAGE(W127,Y127) -> 24.48 | AB127: =+AVERAGE(X127,Z127) -> 24.48 | AD127: 24.48 | AE127: 0 | AF127: =+AD127+AE127 -> 24.48 | AG127: 16.32 | AH127: 0 | AI127: =+AG127+AH127 -> 16.32 | AJ127: =+AF127+AI127 -> 40.8 | AK127: =+IF(X127+W127+AJ127<=0, "NO COMPRADOR", +IF(AJ127<=0, "SIN COMPRA "&+UPPER(TEXT('DINAMICA ENERO 26'!$C$2,"mmm 'yy")), "COMPRADOR")) -> COMPRADOR | AQ127: =+VLOOKUP(AO127,Veggies!X:Y,2,FALSE) -> #N/A
A128: Distribuidores | B128: Cordoba | C128: MARCELO VEGA | D128: 100089701 | E128: SCHAIGORODSKY IGNACIO | F128: 100073281 | G128: BARALE HNOS S A | W128: 81.6 | X128: 81.6 | Y128: 16.32 | Z128: 16.32 | AA128: =+AVERAGE(W128,Y128) -> 48.96 | AB128: =+AVERAGE(X128,Z128) -> 48.96 | AD128: 40.8 | AE128: 0 | AF128: =+AD128+AE128 -> 40.8 | AG128: 40.8 | AH128: 0 | AI128: =+AG128+AH128 -> 40.8 | AJ128: =+AF128+AI128 -> 81.6 | AK128: =+IF(X128+W128+AJ128<=0, "NO COMPRADOR", +IF(AJ128<=0, "SIN COMPRA "&+UPPER(TEXT('DINAMICA ENERO 26'!$C$2,"mmm 'yy")), "COMPRADOR")) -> COMPRADOR
A129: Distribuidores | B129: Cordoba | C129: MARCELO VEGA | D129: 100089701 | E129: SCHAIGORODSKY IGNACIO | F129: 100051099 | G129: CIPRIANO VICTOR | W129: 0 | X129: 0 | Y129: 0 | Z129: 0 | AA129: =+AVERAGE(W129,Y129) -> 0 | AB129: =+AVERAGE(X129,Z129) -> 0 | AD129: 0 | AE129: 0 | AF129: =+AD129+AE129 -> 0 | AG129: 0 | AH129: 0 | AI129: =+AG129+AH129 -> 0 | AJ129: =+AF129+AI129 -> 0 | AK129: =+IF(X129+W129+AJ129<=0, "NO COMPRADOR", +IF(AJ129<=0, "SIN COMPRA "&+UPPER(TEXT('DINAMICA ENERO 26'!$C$2,"mmm 'yy")), "COMPRADOR")) -> NO COMPRADOR
A130: Distribuidores | B130: Cordoba | C130: MARCELO VEGA | D130: 100089701 | E130: SCHAIGORODSKY IGNACIO | F130: 100087844 | G130: EXITPROG SOCIEDAD POR ACCIONES SIMPLIFICADA | W130: 0 | X130: 0 | Y130: 24.48 | Z130: 24.48 | AA130: =+AVERAGE(W130,Y130) -> 12.24 | AB130: =+AVERAGE(X130,Z130) -> 12.24 | AD130: 0 | AE130: 81.6 | AF130: =+AD130+AE130 -> 81.6 | AG130: 0 | AH130: 81.6 | AI130: =+AG130+AH130 -> 81.6 | AJ130: =+AF130+AI130 -> 163.2 | AK130: =+IF(X130+W130+AJ130<=0, "NO COMPRADOR", +IF(AJ130<=0, "SIN COMPRA "&+UPPER(TEXT('DINAMICA ENERO 26'!$C$2,"mmm 'yy")), "COMPRADOR")) -> COMPRADOR
A131: Distribuidores | B131: Cordoba | C131: MARCELO VEGA | D131: 100089701 | E131: SCHAIGORODSKY IGNACIO | F131: 100088156 | G131: PADIN KEVIN ELIAS | W131: 0 | X131: 0 | Y131: 0 | Z131: 0 | AA131: =+AVERAGE(W131,Y131) -> 0 | AB131: =+AVERAGE(X131,Z131) -> 0 | AD131: 0 | AE131: 0 | AF131: =+AD131+AE131 -> 0 | AG131: 0 | AH131: 0 | AI131: =+AG131+AH131 -> 0 | AJ131: =+AF131+AI131 -> 0 | AK131: =+IF(X131+W131+AJ131<=0, "NO COMPRADOR", +IF(AJ131<=0, "SIN COMPRA "&+UPPER(TEXT('DINAMICA ENERO 26'!$C$2,"mmm 'yy")), "COMPRADOR")) -> NO COMPRADOR
A132: Distribuidores | B132: Cordoba | C132: MARCELO VEGA | D132: 100089701 | E132: SCHAIGORODSKY IGNACIO | F132: 100088609 | G132: SAFFADI ALEJANDRO YAMIL | W132: 0 | X132: 0 | Y132: 0 | Z132: 0 | AA132: =+AVERAGE(W132,Y132) -> 0 | AB132: =+AVERAGE(X132,Z132) -> 0 | AD132: 0 | AE132: 0 | AF132: =+AD132+AE132 -> 0 | AG132: 0 | AH132: 0 | AI132: =+AG132+AH132 -> 0 | AJ132: =+AF132+AI132 -> 0 | AK132: =+IF(X132+W132+AJ132<=0, "NO COMPRADOR", +IF(AJ132<=0, "SIN COMPRA "&+UPPER(TEXT('DINAMICA ENERO 26'!$C$2,"mmm 'yy")), "COMPRADOR")) -> NO COMPRADOR
A133: Distribuidores | B133: Cordoba | C133: MARCELO VEGA | D133: 100073888 | E133: ORGAZ GUSTAVO EMANUEL | F133: 100001215 | G133: ANSELMI Y CIA. S.R.L. | W133: 0 | X133: 0 | Y133: 0 | Z133: 0 | AA133: =+AVERAGE(W133,Y133) -> 0 | AB133: =+AVERAGE(X133,Z133) -> 0 | AD133: 0 | AE133: 0 | AF133: =+AD133+AE133 -> 0 | AG133: 0 | AH133: 0 | AI133: =+AG133+AH133 -> 0 | AJ133: =+AF133+AI133 -> 0 | AK133: =+IF(X133+W133+AJ133<=0, "NO COMPRADOR", +IF(AJ133<=0, "SIN COMPRA "&+UPPER(TEXT('DINAMICA ENERO 26'!$C$2,"mmm 'yy")), "COMPRADOR")) -> NO COMPRADOR
A134: Distribuidores | B134: Cordoba | C134: MARCELO VEGA | D134: 100073888 | E134: ORGAZ GUSTAVO EMANUEL | F134: 100060702 | G134: DISVESA S A | W134: 0 | X134: 0 | Y134: 8.16 | Z134: 24.48 | AA134: =+AVERAGE(W134,Y134) -> 4.08 | AB134: =+AVERAGE(X134,Z134) -> 12.24 | AD134: 0 | AE134: 0 | AF134: =+AD134+AE134 -> 0 | AG134: 0 | AH134: 0 | AI134: =+AG134+AH134 -> 0 | AJ134: =+AF134+AI134 -> 0 | AK134: =+IF(X134+W134+AJ134<=0, "NO COMPRADOR", +IF(AJ134<=0, "SIN COMPRA "&+UPPER(TEXT('DINAMICA ENERO 26'!$C$2,"mmm 'yy")), "COMPRADOR")) -> NO COMPRADOR
A135: Distribuidores | B135: Cordoba | C135: MARCELO VEGA | D135: 100073888 | E135: ORGAZ GUSTAVO EMANUEL | F135: 100086804 | G135: V&D FOOD S.A.S. | W135: 146.88 | X135: 146.88 | Y135: 146.88 | Z135: 146.88 | AA135: =+AVERAGE(W135,Y135) -> 146.88 | AB135: =+AVERAGE(X135,Z135) -> 146.88 | AD135: 0 | AE135: 0 | AF135: =+AD135+AE135 -> 0 | AG135: 0 | AH135: 0 | AI135: =+AG135+AH135 -> 0 | AJ135: =+AF135+AI135 -> 0 | AK135: =+IF(X135+W135+AJ135<=0, "NO COMPRADOR", +IF(AJ135<=0, "SIN COMPRA "&+UPPER(TEXT('DINAMICA ENERO 26'!$C$2,"mmm 'yy")), "COMPRADOR")) -> SIN COMPRA FEB '26
A136: Distribuidores | B136: Cordoba | C136: MARCELO VEGA | D136: 100073888 | E136: ORGAZ GUSTAVO EMANUEL | F136: 100084349 | G136: SIMPLE DISTRIBUCIONES S.R.L. | W136: 0 | X136: 0 | Y136: 408 | Z136: 408 | AA136: =+AVERAGE(W136,Y136) -> 204 | AB136: =+AVERAGE(X136,Z136) -> 204 | AD136: 0 | AE136: 0 | AF136: =+AD136+AE136 -> 0 | AG136: 0 | AH136: 0 | AI136: =+AG136+AH136 -> 0 | AJ136: =+AF136+AI136 -> 0 | AK136: =+IF(X136+W136+AJ136<=0, "NO COMPRADOR", +IF(AJ136<=0, "SIN COMPRA "&+UPPER(TEXT('DINAMICA ENERO 26'!$C$2,"mmm 'yy")), "COMPRADOR")) -> NO COMPRADOR
A137: Distribuidores | B137: Cordoba | C137: MARCELO VEGA | D137: 100073888 | E137: ORGAZ GUSTAVO EMANUEL | F137: 100001752 | G137: C Y F DISTRIBUCIONES S A | W137: 0 | X137: 0 | Y137: 16.32 | Z137: 16.32 | AA137: =+AVERAGE(W137,Y137) -> 8.16 | AB137: =+AVERAGE(X137,Z137) -> 8.16 | AD137: 0 | AE137: 0 | AF137: =+AD137+AE137 -> 0 | AG137: 0 | AH137: 0 | AI137: =+AG137+AH137 -> 0 | AJ137: =+AF137+AI137 -> 0 | AK137: =+IF(X137+W137+AJ137<=0, "NO COMPRADOR", +IF(AJ137<=0, "SIN COMPRA "&+UPPER(TEXT('DINAMICA ENERO 26'!$C$2,"mmm 'yy")), "COMPRADOR")) -> NO COMPRADOR
A138: Distribuidores | B138: Cordoba | C138: MARCELO VEGA | D138: 100073888 | E138: ORGAZ GUSTAVO EMANUEL | F138: 100081166 | G138: STEFANICH SILVIO GERMAN | W138: 0 | X138: 0 | Y138: 0 | Z138: 0 | AA138: =+AVERAGE(W138,Y138) -> 0 | AB138: =+AVERAGE(X138,Z138) -> 0 | AD138: 0 | AE138: 0 | AF138: =+AD138+AE138 -> 0 | AG138: 0 | AH138: 0 | AI138: =+AG138+AH138 -> 0 | AJ138: =+AF138+AI138 -> 0 | AK138: =+IF(X138+W138+AJ138<=0, "NO COMPRADOR", +IF(AJ138<=0, "SIN COMPRA "&+UPPER(TEXT('DINAMICA ENERO 26'!$C$2,"mmm 'yy")), "COMPRADOR")) -> NO COMPRADOR
A139: Distribuidores | B139: Cordoba | C139: MARCELO VEGA | D139: 100073888 | E139: ORGAZ GUSTAVO EMANUEL | F139: 100064228 | G139: RESSA IVAN | W139: 8.16 | X139: 0 | Y139: 0 | Z139: 16.32 | AA139: =+AVERAGE(W139,Y139) -> 4.08 | AB139: =+AVERAGE(X139,Z139) -> 8.16 | AD139: 0 | AE139: 0 | AF139: =+AD139+AE139 -> 0 | AG139: 0 | AH139: 0 | AI139: =+AG139+AH139 -> 0 | AJ139: =+AF139+AI139 -> 0 | AK139: =+IF(X139+W139+AJ139<=0, "NO COMPRADOR", +IF(AJ139<=0, "SIN COMPRA "&+UPPER(TEXT('DINAMICA ENERO 26'!$C$2,"mmm 'yy")), "COMPRADOR")) -> SIN COMPRA FEB '26
... A159: Distribuidores | B159: Gastronomia | C159: DUARTE HERNAN | D159: 100031199 | E159: RAMIREZ ARIEL SEBASTIAN | F159: 100071477 | G159: PADRONE MONICA RAQUEL | W159: 0 | X159: 0 | Y159: 0 | Z159: 0 | AA159: =+AVERAGE(W159,Y159) -> 0 | AB159: =+AVERAGE(X159,Z159) -> 0 | AD159: 0 | AE159: 0 | AF159: =+AD159+AE159 -> 0 | AG159: 0 | AH159: 0 | AI159: =+AG159+AH159 -> 0 | AJ159: =+AF159+AI159 -> 0 | AK159: =+IF(X159+W159+AJ159<=0, "NO COMPRADOR", +IF(AJ159<=0, "SIN COMPRA "&+UPPER(TEXT('DINAMICA ENERO 26'!$C$2,"mmm 'yy")), "COMPRADOR")) -> NO COMPRADOR
A160: Distribuidores | B160: Gastronomia | C160: DUARTE HERNAN | D160: 100031199 | E160: RAMIREZ ARIEL SEBASTIAN | F160: 100073868 | G160: VALDEZ MARIA ALEJANDRA | W160: 0 | X160: 0 | Y160: 0 | Z160: 0 | AA160: =+AVERAGE(W160,Y160) -> 0 | AB160: =+AVERAGE(X160,Z160) -> 0 | AD160: 0 | AE160: 0 | AF160: =+AD160+AE160 -> 0 | AG160: 0 | AH160: 0 | AI160: =+AG160+AH160 -> 0 | AJ160: =+AF160+AI160 -> 0 | AK160: =+IF(X160+W160+AJ160<=0, "NO COMPRADOR", +IF(AJ160<=0, "SIN COMPRA "&+UPPER(TEXT('DINAMICA ENERO 26'!$C$2,"mmm 'yy")), "COMPRADOR")) -> NO COMPRADOR | AQ160: =+VLOOKUP(AO160,Veggies!X:Y,2,FALSE) -> #N/A
A161: Distribuidores | B161: Gastronomia | C161: DUARTE HERNAN | D161: 100031199 | E161: RAMIREZ ARIEL SEBASTIAN | F161: 100040021 | G161: RAMIREZ NEYRA LUIS ALBERTO | W161: 0 | X161: 0 | Y161: 0 | Z161: 0 | AA161: =+AVERAGE(W161,Y161) -> 0 | AB161: =+AVERAGE(X161,Z161) -> 0 | AD161: 0 | AE161: 0 | AF161: =+AD161+AE161 -> 0 | AG161: 0 | AH161: 0 | AI161: =+AG161+AH161 -> 0 | AJ161: =+AF161+AI161 -> 0 | AK161: =+IF(X161+W161+AJ161<=0, "NO COMPRADOR", +IF(AJ161<=0, "SIN COMPRA "&+UPPER(TEXT('DINAMICA ENERO 26'!$C$2,"mmm 'yy")), "COMPRADOR")) -> NO COMPRADOR | AQ161: =+VLOOKUP(AO161,Veggies!X:Y,2,FALSE) -> #N/A
A162: Distribuidores | B162: Gastronomia | C162: DUARTE HERNAN | D162: 100031199 | E162: RAMIREZ ARIEL SEBASTIAN | F162: 100019451 | G162: PROMO BURGUER SRL | W162: 0 | X162: 0 | Y162: 0 | Z162: 0 | AA162: =+AVERAGE(W162,Y162) -> 0 | AB162: =+AVERAGE(X162,Z162) -> 0 | AD162: 0 | AE162: 0 | AF162: =+AD162+AE162 -> 0 | AG162: 0 | AH162: 0 | AI162: =+AG162+AH162 -> 0 | AJ162: =+AF162+AI162 -> 0 | AK162: =+IF(X162+W162+AJ162<=0, "NO COMPRADOR", +IF(AJ162<=0, "SIN COMPRA "&+UPPER(TEXT('DINAMICA ENERO 26'!$C$2,"mmm 'yy")), "COMPRADOR")) -> NO COMPRADOR | AQ162: =+VLOOKUP(AO162,Veggies!X:Y,2,FALSE) -> #N/A
A163: Distribuidores | B163: Gastronomia | C163: DUARTE HERNAN | D163: 100031199 | E163: RAMIREZ ARIEL SEBASTIAN | F163: 100066048 | G163: TIANI KARINA BEATRIZ | W163: 0 | X163: 0 | Y163: 0 | Z163: 0 | AA163: =+AVERAGE(W163,Y163) -> 0 | AB163: =+AVERAGE(X163,Z163) -> 0 | AD163: 0 | AE163: 0 | AF163: =+AD163+AE163 -> 0 | AG163: 0 | AH163: 0 | AI163: =+AG163+AH163 -> 0 | AJ163: =+AF163+AI163 -> 0 | AK163: =+IF(X163+W163+AJ163<=0, "NO COMPRADOR", +IF(AJ163<=0, "SIN COMPRA "&+UPPER(TEXT('DINAMICA ENERO 26'!$C$2,"mmm 'yy")), "COMPRADOR")) -> NO COMPRADOR | AQ163: =+VLOOKUP(AO163,Veggies!X:Y,2,FALSE) -> #N/A
A164: Distribuidores | B164: Gastronomia | C164: DUARTE HERNAN | D164: 100031199 | E164: RAMIREZ ARIEL SEBASTIAN | F164: 100086078 | G164: DISTRIBUIDORA BLANCALUNA S A | W164: 0 | X164: 0 | Y164: 0 | Z164: 0 | AA164: =+AVERAGE(W164,Y164) -> 0 | AB164: =+AVERAGE(X164,Z164) -> 0 | AD164: 0 | AE164: 0 | AF164: =+AD164+AE164 -> 0 | AG164: 0 | AH164: 0 | AI164: =+AG164+AH164 -> 0 | AJ164: =+AF164+AI164 -> 0 | AK164: =+IF(X164+W164+AJ164<=0, "NO COMPRADOR", +IF(AJ164<=0, "SIN COMPRA "&+UPPER(TEXT('DINAMICA ENERO 26'!$C$2,"mmm 'yy")), "COMPRADOR")) -> NO COMPRADOR
A165: Distribuidores | B165: Gastronomia | C165: DUARTE HERNAN | D165: 100031199 | E165: RAMIREZ ARIEL SEBASTIAN | F165: 100089860 | G165: MR TASTY LOMAS S.A. | W165: 0 | X165: 0 | Y165: 0 | Z165: 0 | AA165: =+AVERAGE(W165,Y165) -> 0 | AB165: =+AVERAGE(X165,Z165) -> 0 | AD165: 0 | AE165: 0 | AF165: =+AD165+AE165 -> 0 | AG165: 0 | AH165: 0 | AI165: =+AG165+AH165 -> 0 | AJ165: =+AF165+AI165 -> 0 | AK165: =+IF(X165+W165+AJ165<=0, "NO COMPRADOR", +IF(AJ165<=0, "SIN COMPRA "&+UPPER(TEXT('DINAMICA ENERO 26'!$C$2,"mmm 'yy")), "COMPRADOR")) -> NO COMPRADOR | AQ165: =+VLOOKUP(AO165,Veggies!X:Y,2,FALSE) -> #N/A
A166: Distribuidores | B166: Litoral | C166: DALLA VERDE RAMON ADRIAN | D166: 100088690 | E166: FUNES ANDRES | F166: 100080700 | G166: SALINAS RUBEN ALBERTO | W166: 0 | X166: 0 | Y166: 8.16 | Z166: 8.16 | AA166: =+AVERAGE(W166,Y166) -> 4.08 | AB166: =+AVERAGE(X166,Z166) -> 4.08 | AD166: 0 | AE166: 0 | AF166: =+AD166+AE166 -> 0 | AG166: 0 | AH166: 0 | AI166: =+AG166+AH166 -> 0 | AJ166: =+AF166+AI166 -> 0 | AK166: =+IF(X166+W166+AJ166<=0, "NO COMPRADOR", +IF(AJ166<=0, "SIN COMPRA "&+UPPER(TEXT('DINAMICA ENERO 26'!$C$2,"mmm 'yy")), "COMPRADOR")) -> NO COMPRADOR
A167: Distribuidores | B167: Litoral | C167: DALLA VERDE RAMON ADRIAN | D167: 100088690 | E167: FUNES ANDRES | F167: 100082871 | G167: DISTRIBUCIONES LA ESTRELLA SOCIEDAD DE HECHO | W167: 0 | X167: 0 | Y167: 0 | Z167: 0 | AA167: =+AVERAGE(W167,Y167) -> 0 | AB167: =+AVERAGE(X167,Z167) -> 0 | AD167: 0 | AE167: 0 | AF167: =+AD167+AE167 -> 0 | AG167: 0 | AH167: 0 | AI167: =+AG167+AH167 -> 0 | AJ167: =+AF167+AI167 -> 0 | AK167: =+IF(X167+W167+AJ167<=0, "NO COMPRADOR", +IF(AJ167<=0, "SIN COMPRA "&+UPPER(TEXT('DINAMICA ENERO 26'!$C$2,"mmm 'yy")), "COMPRADOR")) -> NO COMPRADOR
A168: Distribuidores | B168: Litoral | C168: DALLA VERDE RAMON ADRIAN | D168: 100088690 | E168: FUNES ANDRES | F168: 100001500 | G168: CHAVEZ JUAN CARLOS | W168: 0 | X168: 0 | Y168: 8.16 | Z168: 0 | AA168: =+AVERAGE(W168,Y168) -> 4.08 | AB168: =+AVERAGE(X168,Z168) -> 0 | AD168: 0 | AE168: 0 | AF168: =+AD168+AE168 -> 0 | AG168: 0 | AH168: 0 | AI168: =+AG168+AH168 -> 0 | AJ168: =+AF168+AI168 -> 0 | AK168: =+IF(X168+W168+AJ168<=0, "NO COMPRADOR", +IF(AJ168<=0, "SIN COMPRA "&+UPPER(TEXT('DINAMICA ENERO 26'!$C$2,"mmm 'yy")), "COMPRADOR")) -> NO COMPRADOR
A169: Distribuidores | B169: Litoral | C169: DALLA VERDE RAMON ADRIAN | D169: 100088690 | E169: FUNES ANDRES | F169: 100026401 | G169: NUEVO PREMIUM S.A. | W169: 0 | X169: 0 | Y169: 163.2 | Z169: 155.04 | AA169: =+AVERAGE(W169,Y169) -> 81.6 | AB169: =+AVERAGE(X169,Z169) -> 77.52 | AD169: 40.8 | AE169: 0 | AF169: =+AD169+AE169 -> 40.8 | AG169: 24.48 | AH169: 0 | AI169: =+AG169+AH169 -> 24.48 | AJ169: =+AF169+AI169 -> 65.28 | AK169: =+IF(X169+W169+AJ169<=0, "NO COMPRADOR", +IF(AJ169<=0, "SIN COMPRA "&+UPPER(TEXT('DINAMICA ENERO 26'!$C$2,"mmm 'yy")), "COMPRADOR")) -> COMPRADOR
A170: Distribuidores | B170: Litoral | C170: DALLA VERDE RAMON ADRIAN | D170: 100088690 | E170: FUNES ANDRES | F170: 100067627 | G170: FROZEN SUPPLIER SRL | W170: 0 | X170: 0 | Y170: 0 | Z170: 0 | AA170: =+AVERAGE(W170,Y170) -> 0 | AB170: =+AVERAGE(X170,Z170) -> 0 | AD170: 0 | AE170: 0 | AF170: =+AD170+AE170 -> 0 | AG170: 0 | AH170: 0 | AI170: =+AG170+AH170 -> 0 | AJ170: =+AF170+AI170 -> 0 | AK170: =+IF(X170+W170+AJ170<=0, "NO COMPRADOR", +IF(AJ170<=0, "SIN COMPRA "&+UPPER(TEXT('DINAMICA ENERO 26'!$C$2,"mmm 'yy")), "COMPRADOR")) -> NO COMPRADOR
A171: Distribuidores | B171: Litoral | C171: DALLA VERDE RAMON ADRIAN | D171: 100088690 | E171: FUNES ANDRES | F171: 100072066 | G171: CENTRO DISTRIBUCION JUNIN S.A. | W171: 16.32 | X171: 16.32 | Y171: 57.12 | Z171: 57.12 | AA171: =+AVERAGE(W171,Y171) -> 36.72 | AB171: =+AVERAGE(X171,Z171) -> 36.72 | AD171: 32.64 | AE171: 0 | AF171: =+AD171+AE171 -> 32.64 | AG171: 40.8 | AH171: 0 | AI171: =+AG171+AH171 -> 40.8 | AJ171: =+AF171+AI171 -> 73.44 | AK171: =+IF(X171+W171+AJ171<=0, "NO COMPRADOR", +IF(AJ171<=0, "SIN COMPRA "&+UPPER(TEXT('DINAMICA ENERO 26'!$C$2,"mmm 'yy")), "COMPRADOR")) -> COMPRADOR
A172: Distribuidores | B172: Litoral | C172: DALLA VERDE RAMON ADRIAN | D172: 100088690 | E172: FUNES ANDRES | F172: 100081814 | G172: DICAPO CHACABUCO S.R.L. | W172: 0 | X172: 0 | Y172: 0 | Z172: 0 | AA172: =+AVERAGE(W172,Y172) -> 0 | AB172: =+AVERAGE(X172,Z172) -> 0 | AD172: 0 | AE172: 0 | AF172: =+AD172+AE172 -> 0 | AG172: 0 | AH172: 0 | AI172: =+AG172+AH172 -> 0 | AJ172: =+AF172+AI172 -> 0 | AK172: =+IF(X172+W172+AJ172<=0, "NO COMPRADOR", +IF(AJ172<=0, "SIN COMPRA "&+UPPER(TEXT('DINAMICA ENERO 26'!$C$2,"mmm 'yy")), "COMPRADOR")) -> NO COMPRADOR
A173: Distribuidores | B173: Litoral | C173: DALLA VERDE RAMON ADRIAN | D173: 100088690 | E173: FUNES ANDRES | F173: 100072064 | G173: CENTRO DE DISTRIBUCION CHACABUCO SA | W173: 8.16 | X173: 8.16 | Y173: 163.2 | Z173: 163.2 | AA173: =+AVERAGE(W173,Y173) -> 85.68 | AB173: =+AVERAGE(X173,Z173) -> 85.68 | AD173: 0 | AE173: 0 | AF173: =+AD173+AE173 -> 0 | AG173: 0 | AH173: 0 | AI173: =+AG173+AH173 -> 0 | AJ173: =+AF173+AI173 -> 0 | AK173: =+IF(X173+W173+AJ173<=0, "NO COMPRADOR", +IF(AJ173<=0, "SIN COMPRA "&+UPPER(TEXT('DINAMICA ENERO 26'!$C$2,"mmm 'yy")), "COMPRADOR")) -> SIN COMPRA FEB '26
A174: Distribuidores | B174: Litoral | C174: DALLA VERDE RAMON ADRIAN | D174: 100088690 | E174: FUNES ANDRES | F174: 100080445 | G174: DISARIO TRADING S.A. | W174: 0 | X174: 0 | Y174: 16.32 | Z174: 16.32 | AA174: =+AVERAGE(W174,Y174) -> 8.16 | AB174: =+AVERAGE(X174,Z174) -> 8.16 | AD174: 0 | AE174: 0 | AF174: =+AD174+AE174 -> 0 | AG174: 0 | AH174: 0 | AI174: =+AG174+AH174 -> 0 | AJ174: =+AF174+AI174 -> 0 | AK174: =+IF(X174+W174+AJ174<=0, "NO COMPRADOR", +IF(AJ174<=0, "SIN COMPRA "&+UPPER(TEXT('DINAMICA ENERO 26'!$C$2,"mmm 'yy")), "COMPRADOR")) -> NO COMPRADOR
A175: Distribuidores | B175: Litoral | C175: DALLA VERDE RAMON ADRIAN | D175: 100088690 | E175: FUNES ANDRES | F175: 100018910 | G175: FERRAN CESAR ALBERTO | W175: 40.8 | X175: 40.8 | Y175: 0 | Z175: 0 | AA175: =+AVERAGE(W175,Y175) -> 20.4 | AB175: =+AVERAGE(X175,Z175) -> 20.4 | AD175: 8.16 | AE175: 0 | AF175: =+AD175+AE175 -> 8.16 | AG175: 0 | AH175: 0 | AI175: =+AG175+AH175 -> 0 | AJ175: =+AF175+AI175 -> 8.16 | AK175: =+IF(X175+W175+AJ175<=0, "NO COMPRADOR", +IF(AJ175<=0, "SIN COMPRA "&+UPPER(TEXT('DINAMICA ENERO 26'!$C$2,"mmm 'yy")), "COMPRADOR")) -> COMPRADOR
A176: Distribuidores | B176: Litoral | C176: DALLA VERDE RAMON ADRIAN | D176: 100088690 | E176: FUNES ANDRES | F176: 100072065 | G176: CENTRO DE DISTRIBUCION 9 DE JULIO SRL | W176: 40.8 | X176: 40.8 | Y176: 40.8 | Z176: 40.8 | AA176: =+AVERAGE(W176,Y176) -> 40.8 | AB176: =+AVERAGE(X176,Z176) -> 40.8 | AD176: 40.8 | AE176: 0 | AF176: =+AD176+AE176 -> 40.8 | AG176: 8.16 | AH176: 0 | AI176: =+AG176+AH176 -> 8.16 | AJ176: =+AF176+AI176 -> 48.96 | AK176: =+IF(X176+W176+AJ176<=0, "NO COMPRADOR", +IF(AJ176<=0, "SIN COMPRA "&+UPPER(TEXT('DINAMICA ENERO 26'!$C$2,"mmm 'yy")), "COMPRADOR")) -> COMPRADOR
A177: Distribuidores | B177: Litoral | C177: DALLA VERDE RAMON ADRIAN | D177: 100088690 | E177: FUNES ANDRES | F177: 100068677 | G177: NEGELI MARCELO ARMANDO | W177: 0 | X177: 0 | Y177: 0 | Z177: 0 | AA177: =+AVERAGE(W177,Y177) -> 0 | AB177: =+AVERAGE(X177,Z177) -> 0 | AD177: 0 | AE177: 0 | AF177: =+AD177+AE177 -> 0 | AG177: 0 | AH177: 0 | AI177: =+AG177+AH177 -> 0 | AJ177: =+AF177+AI177 -> 0 | AK177: =+IF(X177+W177+AJ177<=0, "NO COMPRADOR", +IF(AJ177<=0, "SIN COMPRA "&+UPPER(TEXT('DINAMICA ENERO 26'!$C$2,"mmm 'yy")), "COMPRADOR")) -> NO COMPRADOR
... A181: Distribuidores | B181: Litoral | C181: DALLA VERDE RAMON ADRIAN | D181: 100088690 | E181: FUNES ANDRES | F181: 100063075 | G181: CARNICERIAS INTEGRADAS DE ROSARIO SRL | W181: 0 | X181: 0 | Y181: 0 | Z181: 0 | AA181: =+AVERAGE(W181,Y181) -> 0 | AB181: =+AVERAGE(X181,Z181) -> 0 | AD181: 0 | AE181: 0 | AF181: =+AD181+AE181 -> 0 | AG181: 0 | AH181: 0 | AI181: =+AG181+AH181 -> 0 | AJ181: =+AF181+AI181 -> 0 | AK181: =+IF(X181+W181+AJ181<=0, "NO COMPRADOR", +IF(AJ181<=0, "SIN COMPRA "&+UPPER(TEXT('DINAMICA ENERO 26'!$C$2,"mmm 'yy")), "COMPRADOR")) -> NO COMPRADOR
A182: Distribuidores | B182: Litoral | C182: DALLA VERDE RAMON ADRIAN | D182: 100088690 | E182: FUNES ANDRES | F182: 100072084 | G182: CENTRO DE DISTRIBUCION PERGAMINO SA | W182: 0 | X182: 0 | Y182: 204 | Z182: 204 | AA182: =+AVERAGE(W182,Y182) -> 102 | AB182: =+AVERAGE(X182,Z182) -> 102 | AD182: 0 | AE182: 0 | AF182: =+AD182+AE182 -> 0 | AG182: 0 | AH182: 0 | AI182: =+AG182+AH182 -> 0 | AJ182: =+AF182+AI182 -> 0 | AK182: =+IF(X182+W182+AJ182<=0, "NO COMPRADOR", +IF(AJ182<=0, "SIN COMPRA "&+UPPER(TEXT('DINAMICA ENERO 26'!$C$2,"mmm 'yy")), "COMPRADOR")) -> NO COMPRADOR | AQ182: =+VLOOKUP(AO182,Veggies!X:Y,2,FALSE) -> #N/A
A183: Distribuidores | B183: Litoral | C183: DALLA VERDE RAMON ADRIAN | D183: 100088690 | E183: FUNES ANDRES | F183: 100000283 | G183: MUTUALIDAD DE OBR. SOC. PARA EMPL DE LA CIA SWIFT | W183: 24.48 | X183: 24.48 | Y183: 40.8 | Z183: 32.64 | AA183: =+AVERAGE(W183,Y183) -> 32.64 | AB183: =+AVERAGE(X183,Z183) -> 28.56 | AD183: 16.32 | AE183: 0 | AF183: =+AD183+AE183 -> 16.32 | AG183: 16.32 | AH183: 0 | AI183: =+AG183+AH183 -> 16.32 | AJ183: =+AF183+AI183 -> 32.64 | AK183: =+IF(X183+W183+AJ183<=0, "NO COMPRADOR", +IF(AJ183<=0, "SIN COMPRA "&+UPPER(TEXT('DINAMICA ENERO 26'!$C$2,"mmm 'yy")), "COMPRADOR")) -> COMPRADOR
A184: Distribuidores | B184: Litoral | C184: DALLA VERDE RAMON ADRIAN | D184: 100088690 | E184: FUNES ANDRES | F184: 100001254 | G184: BATTISTIN DISTRIBUCIONES S.R.L | W184: 0 | X184: 0 | Y184: 0 | Z184: 0 | AA184: =+AVERAGE(W184,Y184) -> 0 | AB184: =+AVERAGE(X184,Z184) -> 0 | AD184: 0 | AE184: 0 | AF184: =+AD184+AE184 -> 0 | AG184: 0 | AH184: 0 | AI184: =+AG184+AH184 -> 0 | AJ184: =+AF184+AI184 -> 0 | AK184: =+IF(X184+W184+AJ184<=0, "NO COMPRADOR", +IF(AJ184<=0, "SIN COMPRA "&+UPPER(TEXT('DINAMICA ENERO 26'!$C$2,"mmm 'yy")), "COMPRADOR")) -> NO COMPRADOR
A185: Distribuidores | B185: Litoral | C185: DALLA VERDE RAMON ADRIAN | D185: 100088690 | E185: FUNES ANDRES | F185: 100088794 | G185: OAB DISTRIBUIDORA S. CAP I SECC IV | W185: 0 | X185: 0 | Y185: 0 | Z185: 0 | AA185: =+AVERAGE(W185,Y185) -> 0 | AB185: =+AVERAGE(X185,Z185) -> 0 | AD185: 0 | AE185: 0 | AF185: =+AD185+AE185 -> 0 | AG185: 0 | AH185: 0 | AI185: =+AG185+AH185 -> 0 | AJ185: =+AF185+AI185 -> 0 | AK185: =+IF(X185+W185+AJ185<=0, "NO COMPRADOR", +IF(AJ185<=0, "SIN COMPRA "&+UPPER(TEXT('DINAMICA ENERO 26'!$C$2,"mmm 'yy")), "COMPRADOR")) -> NO COMPRADOR
A186: Distribuidores | B186: Litoral | C186: DALLA VERDE RAMON ADRIAN | D186: 100088690 | E186: FUNES ANDRES | F186: 100088316 | G186: ELNATAM S.A.S. | W186: 0 | X186: 0 | Y186: 24.48 | Z186: 24.48 | AA186: =+AVERAGE(W186,Y186) -> 12.24 | AB186: =+AVERAGE(X186,Z186) -> 12.24 | AD186: 8.16 | AE186: 0 | AF186: =+AD186+AE186 -> 8.16 | AG186: 0 | AH186: 0 | AI186: =+AG186+AH186 -> 0 | AJ186: =+AF186+AI186 -> 8.16 | AK186: =+IF(X186+W186+AJ186<=0, "NO COMPRADOR", +IF(AJ186<=0, "SIN COMPRA "&+UPPER(TEXT('DINAMICA ENERO 26'!$C$2,"mmm 'yy")), "COMPRADOR")) -> COMPRADOR
A187: Distribuidores | B187: Litoral | C187: DALLA VERDE RAMON ADRIAN | D187: 100088690 | E187: FUNES ANDRES | F187: 100089468 | G187: LACTEOS SAN JOSE SRL | W187: 0 | X187: 0 | Y187: 0 | Z187: 0 | AA187: =+AVERAGE(W187,Y187) -> 0 | AB187: =+AVERAGE(X187,Z187) -> 0 | AD187: 0 | AE187: 0 | AF187: =+AD187+AE187 -> 0 | AG187: 0 | AH187: 0 | AI187: =+AG187+AH187 -> 0 | AJ187: =+AF187+AI187 -> 0 | AK187: =+IF(X187+W187+AJ187<=0, "NO COMPRADOR", +IF(AJ187<=0, "SIN COMPRA "&+UPPER(TEXT('DINAMICA ENERO 26'!$C$2,"mmm 'yy")), "COMPRADOR")) -> NO COMPRADOR
A188: Distribuidores | B188: Litoral | C188: DALLA VERDE RAMON ADRIAN | D188: 100089856 | E188: SCARAFIA YAMIL HERMES | F188: 100001543 | G188: JOSE OMAR DI ZEO SRL | W188: 0 | X188: 0 | Y188: 24.48 | Z188: 0 | AA188: =+AVERAGE(W188,Y188) -> 12.24 | AB188: =+AVERAGE(X188,Z188) -> 0 | AD188: 0 | AE188: 0 | AF188: =+AD188+AE188 -> 0 | AG188: 0 | AH188: 0 | AI188: =+AG188+AH188 -> 0 | AJ188: =+AF188+AI188 -> 0 | AK188: =+IF(X188+W188+AJ188<=0, "NO COMPRADOR", +IF(AJ188<=0, "SIN COMPRA "&+UPPER(TEXT('DINAMICA ENERO 26'!$C$2,"mmm 'yy")), "COMPRADOR")) -> NO COMPRADOR
A189: Distribuidores | B189: Litoral | C189: DALLA VERDE RAMON ADRIAN | D189: 100089856 | E189: SCARAFIA YAMIL HERMES | F189: 100066164 | G189: MANA DISTRIBUCIONES S.A. | W189: 359.04 | X189: 448.8 | Y189: 448.8 | Z189: 359.04 | AA189: =+AVERAGE(W189,Y189) -> 403.92 | AB189: =+AVERAGE(X189,Z189) -> 403.92 | AD189: 0 | AE189: 0 | AF189: =+AD189+AE189 -> 0 | AG189: 0 | AH189: 0 | AI189: =+AG189+AH189 -> 0 | AJ189: =+AF189+AI189 -> 0 | AK189: =+IF(X189+W189+AJ189<=0, "NO COMPRADOR", +IF(AJ189<=0, "SIN COMPRA "&+UPPER(TEXT('DINAMICA ENERO 26'!$C$2,"mmm 'yy")), "COMPRADOR")) -> SIN COMPRA FEB '26
A190: Distribuidores | B190: Litoral | C190: DALLA VERDE RAMON ADRIAN | D190: 100089856 | E190: SCARAFIA YAMIL HERMES | F190: 100034611 | G190: FENOVO S.A. | W190: 0 | X190: 0 | Y190: 0 | Z190: 0 | AA190: =+AVERAGE(W190,Y190) -> 0 | AB190: =+AVERAGE(X190,Z190) -> 0 | AD190: 0 | AE190: 0 | AF190: =+AD190+AE190 -> 0 | AG190: 0 | AH190: 0 | AI190: =+AG190+AH190 -> 0 | AJ190: =+AF190+AI190 -> 0 | AK190: =+IF(X190+W190+AJ190<=0, "NO COMPRADOR", +IF(AJ190<=0, "SIN COMPRA "&+UPPER(TEXT('DINAMICA ENERO 26'!$C$2,"mmm 'yy")), "COMPRADOR")) -> NO COMPRADOR
A191: Distribuidores | B191: Litoral | C191: DALLA VERDE RAMON ADRIAN | D191: 100089856 | E191: SCARAFIA YAMIL HERMES | F191: 100001907 | G191: JIANA DISTRIBUCIONES S.R.L. | W191: 0 | X191: 0 | Y191: 359.04 | Z191: 367.2 | AA191: =+AVERAGE(W191,Y191) -> 179.52 | AB191: =+AVERAGE(X191,Z191) -> 183.6 | AD191: 40.8 | AE191: 0 | AF191: =+AD191+AE191 -> 40.8 | AG191: 40.8 | AH191: 0 | AI191: =+AG191+AH191 -> 40.8 | AJ191: =+AF191+AI191 -> 81.6 | AK191: =+IF(X191+W191+AJ191<=0, "NO COMPRADOR", +IF(AJ191<=0, "SIN COMPRA "&+UPPER(TEXT('DINAMICA ENERO 26'!$C$2,"mmm 'yy")), "COMPRADOR")) -> COMPRADOR
A192: Distribuidores | B192: Litoral | C192: DALLA VERDE RAMON ADRIAN | D192: 100089856 | E192: SCARAFIA YAMIL HERMES | F192: 100068177 | G192: LUSSA CRISTIAN ARIEL | W192: 0 | X192: 0 | Y192: 16.32 | Z192: 16.32 | AA192: =+AVERAGE(W192,Y192) -> 8.16 | AB192: =+AVERAGE(X192,Z192) -> 8.16 | AD192: 0 | AE192: 0 | AF192: =+AD192+AE192 -> 0 | AG192: 0 | AH192: 0 | AI192: =+AG192+AH192 -> 0 | AJ192: =+AF192+AI192 -> 0 | AK192: =+IF(X192+W192+AJ192<=0, "NO COMPRADOR", +IF(AJ192<=0, "SIN COMPRA "&+UPPER(TEXT('DINAMICA ENERO 26'!$C$2,"mmm 'yy")), "COMPRADOR")) -> NO COMPRADOR
A193: Distribuidores | B193: Litoral | C193: DALLA VERDE RAMON ADRIAN | D193: 100089856 | E193: SCARAFIA YAMIL HERMES | F193: 100062882 | G193: TODO HELADO S.R.L. | W193: 0 | X193: 0 | Y193: 0 | Z193: 0 | AA193: =+AVERAGE(W193,Y193) -> 0 | AB193: =+AVERAGE(X193,Z193) -> 0 | AD193: 0 | AE193: 0 | AF193: =+AD193+AE193 -> 0 | AG193: 0 | AH193: 0 | AI193: =+AG193+AH193 -> 0 | AJ193: =+AF193+AI193 -> 0 | AK193: =+IF(X193+W193+AJ193<=0, "NO COMPRADOR", +IF(AJ193<=0, "SIN COMPRA "&+UPPER(TEXT('DINAMICA ENERO 26'!$C$2,"mmm 'yy")), "COMPRADOR")) -> NO COMPRADOR
A194: Distribuidores | B194: Litoral | C194: DALLA VERDE RAMON ADRIAN | D194: 100089856 | E194: SCARAFIA YAMIL HERMES | F194: 100001936 | G194: LA AGRICOLA REGIONAL COOPERATIVA LIMITADA | W194: 0 | X194: 0 | Y194: 0 | Z194: 0 | AA194: =+AVERAGE(W194,Y194) -> 0 | AB194: =+AVERAGE(X194,Z194) -> 0 | AD194: 0 | AE194: 0 | AF194: =+AD194+AE194 -> 0 | AG194: 0 | AH194: 0 | AI194: =+AG194+AH194 -> 0 | AJ194: =+AF194+AI194 -> 0 | AK194: =+IF(X194+W194+AJ194<=0, "NO COMPRADOR", +IF(AJ194<=0, "SIN COMPRA "&+UPPER(TEXT('DINAMICA ENERO 26'!$C$2,"mmm 'yy")), "COMPRADOR")) -> NO COMPRADOR
... A338: Cadenas | B338: DBU - BAS | C338: ARUANNO PARODI MARIA NOEL | D338: 100066387 | E338: RAMONDINO LEONARDO ERNESTO | F338: 100001342 | G338: CENCOSUD S A | W338: 0 | X338: 0 | Y338: 0 | Z338: 0 | AA338: =+AVERAGE(W338,Y338) -> 0 | AB338: =+AVERAGE(X338,Z338) -> 0 | AD338: 0 | AE338: 0 | AF338: =+AD338+AE338 -> 0 | AG338: 0 | AH338: 0 | AI338: =+AG338+AH338 -> 0 | AJ338: =+AF338+AI338 -> 0 | AK338: =+IF(X338+W338+AJ338<=0, "NO COMPRADOR", +IF(AJ338<=0, "SIN COMPRA "&+UPPER(TEXT('DINAMICA ENERO 26'!$C$2,"mmm 'yy")), "COMPRADOR")) -> NO COMPRADOR
A339: Distribuidores | B339: Patagonia | C339: MARCELO VEGA | D339: 100088149 | E339: VILOTTA SEBASTIAN | F339: 100089849 | G339: GRUPO HEMA S. R. L. | H339: 0 | I339: 0 | J339: 0 | K339: 0 | W339: 0 | X339: 0 | Y339: 0 | Z339: 0 | AA339: =+AVERAGE(W339,Y339) -> 0 | AB339: =+AVERAGE(X339,Z339) -> 0 | AD339: 0 | AE339: 0 | AF339: =+AD339+AE339 -> 0 | AG339: 0 | AH339: 0 | AI339: =+AG339+AH339 -> 0 | AJ339: =+AF339+AI339 -> 0 | AK339: =+IF(X339+W339+AJ339<=0, "NO COMPRADOR", +IF(AJ339<=0, "SIN COMPRA "&+UPPER(TEXT('DINAMICA ENERO 26'!$C$2,"mmm 'yy")), "COMPRADOR")) -> NO COMPRADOR
A340: Distribuidores | B340: Patagonia | C340: MARCELO VEGA | D340: 100079515 | E340: ALONSO GUSTAVO DANIEL | F340: 100025640 | G340: CUADRADO MAURO DAMIAN | H340: 0 | I340: 0 | J340: 0 | K340: 0 | W340: 0 | X340: 0 | Y340: 0 | Z340: 0 | AA340: =+AVERAGE(W340,Y340) -> 0 | AB340: =+AVERAGE(X340,Z340) -> 0 | AD340: 0 | AE340: 0 | AF340: =+AD340+AE340 -> 0 | AG340: 0 | AH340: 0 | AI340: =+AG340+AH340 -> 0 | AJ340: =+AF340+AI340 -> 0 | AK340: =+IF(X340+W340+AJ340<=0, "NO COMPRADOR", +IF(AJ340<=0, "SIN COMPRA "&+UPPER(TEXT('DINAMICA ENERO 26'!$C$2,"mmm 'yy")), "COMPRADOR")) -> NO COMPRADOR
A341: Distribuidores | B341: Cuyo | C341: MARCELO VEGA | D341: 100079674 | E341: VIVARES ABEL MAURICIO | F341: 100080761 | G341: EL CHILENO S.R.L. | H341: 0 | I341: 0 | J341: 0 | K341: 0 | W341: 0 | X341: 0 | Y341: 24.48 | Z341: 24.48 | AA341: =+AVERAGE(W341,Y341) -> 12.24 | AB341: =+AVERAGE(X341,Z341) -> 12.24 | AD341: 0 | AE341: 0 | AF341: =+AD341+AE341 -> 0 | AG341: 0 | AH341: 0 | AI341: =+AG341+AH341 -> 0 | AJ341: =+AF341+AI341 -> 0 | AK341: =+IF(X341+W341+AJ341<=0, "NO COMPRADOR", +IF(AJ341<=0, "SIN COMPRA "&+UPPER(TEXT('DINAMICA ENERO 26'!$C$2,"mmm 'yy")), "COMPRADOR")) -> NO COMPRADOR
...

Sheet RB (Kids+Crunchies)
A1: COMPRADORES NUEVOS LANZAMIENTOS RB | Q1: SEP 25 | S1: OCT 25 | U1: NOV 25 | W1: DIC 25 | Y1: ENE 25 | AA1: PROMEDIO | AD1: BOCADITOS KIDS (522130) | AG1: CRUNCHIES (521357) | AM1: 100522130 | AN1: 100521357 | AO1: 100521663
A2: CANAL | B2: ZONA | C2: Jefe | D2: COD VENDEDOR | E2: NOM VENDEDOR | F2: COD CENTRALIZADOR | G2: NOM CENTRALIZADOR | H2: ENE '25 | I2: FEB '25 | J2: MAR '25 | K2: ABR 25 | L2: MAY 25 | M2: JUN 25 | N2: JUL 25 | O2: AGO 25 | P2: PROMEDIO ULT 3 MESES | Q2: BOCADITOS KIDS (522130) | R2: CRUNCHIES (521357) | S2: BOCADITOS KIDS (522130) | T2: CRUNCHIES (521357) | U2: BOCADITOS KIDS (522130) | V2: CRUNCHIES (521357) | W2: BOCADITOS KIDS (522130) | X2: CRUNCHIES (521357) | Y2: BOCADITOS KIDS (522130) | Z2: CRUNCHIES (521357) | AA2: BOCADITOS KIDS (522130) | AB2: CRUNCHIES (521357) | AD2: =+UPPER(TEXT('DINAMICA ENERO 26'!$C$2,"mmm 'yy"))&" FACT" -> FEB '26 FACT | AE2: =+UPPER(TEXT('DINAMICA ENERO 26'!$C$2,"mmm 'yy"))&" PEND." -> FEB '26 PEND. | AF2: =+UPPER(TEXT('DINAMICA ENERO 26'!$C$2,"mmm 'yy"))&" TOTAL" -> FEB '26 TOTAL | AG2: =+UPPER(TEXT('DINAMICA ENERO 26'!$C$2,"mmm 'yy"))&" FACT" -> FEB '26 FACT | AH2: =+UPPER(TEXT('DINAMICA ENERO 26'!$C$2,"mmm 'yy"))&" PEND." -> FEB '26 PEND. | AI2: =+UPPER(TEXT('DINAMICA ENERO 26'!$C$2,"mmm 'yy"))&" TOTAL" -> FEB '26 TOTAL | AJ2: TOTAL | AK2: ESTADO
A3: Distribuidores | B3: Capital | C3: FEDERICO JACUM | D3: 100077477 | E3: VELAZQUEZ JONATAN WALTER | F3: 100086577 | G3: LOGISTICA Y DISTRIBUCION RIBAUDO HNOS S.A. | P3: =+AVERAGE(L3:N3) -> #DIV/0! | Q3: 480 | R3: 0 | S3: 244.8 | T3: 0 | U3: 0 | V3: 0 | W3: 312 | X3: 68.4 | Y3: 0 | Z3: 0 | AA3: =+AVERAGE(U3,W3,Y3) -> 104 | AB3: =+AVERAGE(V3,X3,Z3) -> 22.8 | AD3: 0 | AE3: 0 | AF3: =+AD3+AE3 -> 0 | AG3: 0 | AH3: 0 | AI3: =+AG3+AH3 -> 0 | AJ3: =+AF3+AI3 -> 0 | AK3: =+IF(AB3+AA3+AJ3<=0, "NO COMPRADOR", +IF(AJ3<=0, "SIN COMPRA "&+UPPER(TEXT('DINAMICA ENERO 26'!$C$2,"mmm 'yy")), "COMPRADOR")) -> SIN COMPRA FEB '26
A4: Distribuidores | B4: Capital | C4: FEDERICO JACUM | D4: 100077477 | E4: VELAZQUEZ JONATAN WALTER | F4: 100065731 | G4: CINCUNEGUI MARCELO RODOLFO | P4: =+AVERAGE(L4:N4) -> #DIV/0! | Q4: 0 | R4: 0 | S4: 0 | T4: 0 | U4: 0 | V4: 0 | W4: 0 | X4: 0 | Y4: 0 | Z4: 0 | AA4: =+AVERAGE(U4,W4,Y4) -> 0 | AB4: =+AVERAGE(V4,X4,Z4) -> 0 | AD4: 0 | AE4: 0 | AF4: =+AD4+AE4 -> 0 | AG4: 0 | AH4: 0 | AI4: =+AG4+AH4 -> 0 | AJ4: =+AF4+AI4 -> 0 | AK4: =+IF(AB4+AA4+AJ4<=0, "NO COMPRADOR", +IF(AJ4<=0, "SIN COMPRA "&+UPPER(TEXT('DINAMICA ENERO 26'!$C$2,"mmm 'yy")), "COMPRADOR")) -> NO COMPRADOR
A5: Distribuidores | B5: Capital | C5: FEDERICO JACUM | D5: 100077477 | E5: VELAZQUEZ JONATAN WALTER | F5: 100010095 | G5: SUPERCONGELADOS FATIMA SOCIEDAD ANONIMA | P5: =+AVERAGE(L5:N5) -> #DIV/0! | Q5: 0 | R5: 0 | S5: 0 | T5: 0 | U5: 48 | V5: 0 | W5: 81.6 | X5: 22.8 | Y5: 19.2 | Z5: 0 | AA5: =+AVERAGE(U5,W5,Y5) -> 49.6 | AB5: =+AVERAGE(V5,X5,Z5) -> 7.6 | AD5: 28.8 | AE5: 0 | AF5: =+AD5+AE5 -> 28.8 | AG5: 0 | AH5: 0 | AI5: =+AG5+AH5 -> 0 | AJ5: =+AF5+AI5 -> 28.8 | AK5: =+IF(AB5+AA5+AJ5<=0, "NO COMPRADOR", +IF(AJ5<=0, "SIN COMPRA "&+UPPER(TEXT('DINAMICA ENERO 26'!$C$2,"mmm 'yy")), "COMPRADOR")) -> COMPRADOR
A6: Distribuidores | B6: Capital | C6: FEDERICO JACUM | D6: 100077477 | E6: VELAZQUEZ JONATAN WALTER | F6: 100079173 | G6: IQF DISTRIBUCION S.A. | P6: =+AVERAGE(L6:N6) -> #DIV/0! | Q6: 144 | R6: 136.8 | S6: 648 | T6: 159.6 | U6: 0 | V6: 0 | W6: 504 | X6: 250.8 | Y6: 48 | Z6: 136.8 | AA6: =+AVERAGE(U6,W6,Y6) -> 184 | AB6: =+AVERAGE(V6,X6,Z6) -> 129.2 | AD6: 264 | AE6: 48 | AF6: =+AD6+AE6 -> 312 | AG6: 45.6 | AH6: 45.6 | AI6: =+AG6+AH6 -> 91.2 | AJ6: =+AF6+AI6 -> 403.2 | AK6: =+IF(AB6+AA6+AJ6<=0, "NO COMPRADOR", +IF(AJ6<=0, "SIN COMPRA "&+UPPER(TEXT('DINAMICA ENERO 26'!$C$2,"mmm 'yy")), "COMPRADOR")) -> COMPRADOR
A7: Distribuidores | B7: Capital | C7: FEDERICO JACUM | D7: 100077477 | E7: VELAZQUEZ JONATAN WALTER | F7: 100079594 | G7: DANIEL BUENO SAU | P7: =+AVERAGE(L7:N7) -> #DIV/0! | Q7: 0 | R7: 273.6 | S7: 528 | T7: 0 | U7: 96 | V7: 0 | W7: 0 | X7: 22.8 | Y7: 96 | Z7: 45.6 | AA7: =+AVERAGE(U7,W7,Y7) -> 64 | AB7: =+AVERAGE(V7,X7,Z7) -> 22.8 | AD7: 0 | AE7: 0 | AF7: =+AD7+AE7 -> 0 | AG7: 0 | AH7: 0 | AI7: =+AG7+AH7 -> 0 | AJ7: =+AF7+AI7 -> 0 | AK7: =+IF(AB7+AA7+AJ7<=0, "NO COMPRADOR", +IF(AJ7<=0, "SIN COMPRA "&+UPPER(TEXT('DINAMICA ENERO 26'!$C$2,"mmm 'yy")), "COMPRADOR")) -> SIN COMPRA FEB '26
A8: Distribuidores | B8: Capital | C8: FEDERICO JACUM | D8: 100077477 | E8: VELAZQUEZ JONATAN WALTER | F8: 100078788 | G8: CAMPO DE SABORES S.A.S. | P8: =+AVERAGE(L8:N8) -> #DIV/0! | Q8: 672 | R8: 228 | S8: 672 | T8: 0 | U8: 240 | V8: 228 | W8: 648 | X8: 273.6 | Y8: 192 | Z8: 182.4 | AA8: =+AVERAGE(U8,W8,Y8) -> 360 | AB8: =+AVERAGE(V8,X8,Z8) -> 228 | AD8: 0 | AE8: 0 | AF8: =+AD8+AE8 -> 0 | AG8: 0 | AH8: 0 | AI8: =+AG8+AH8 -> 0 | AJ8: =+AF8+AI8 -> 0 | AK8: =+IF(AB8+AA8+AJ8<=0, "NO COMPRADOR", +IF(AJ8<=0, "SIN COMPRA "&+UPPER(TEXT('DINAMICA ENERO 26'!$C$2,"mmm 'yy")), "COMPRADOR")) -> SIN COMPRA FEB '26
A9: Distribuidores | B9: Capital | C9: FEDERICO JACUM | D9: 100077477 | E9: VELAZQUEZ JONATAN WALTER | F9: 100084185 | G9: ADN DISTRIBUCION S.R.L. | P9: =+AVERAGE(L9:N9) -> #DIV/0! | Q9: 0 | R9: 0 | S9: 72 | T9: 0 | U9: 48 | V9: 0 | W9: 48 | X9: 0 | Y9: 24 | Z9: 45.6 | AA9: =+AVERAGE(U9,W9,Y9) -> 40 | AB9: =+AVERAGE(V9,X9,Z9) -> 15.2 | AD9: 48 | AE9: 0 | AF9: =+AD9+AE9 -> 48 | AG9: 22.8 | AH9: 0 | AI9: =+AG9+AH9 -> 22.8 | AJ9: =+AF9+AI9 -> 70.8 | AK9: =+IF(AB9+AA9+AJ9<=0, "NO COMPRADOR", +IF(AJ9<=0, "SIN COMPRA "&+UPPER(TEXT('DINAMICA ENERO 26'!$C$2,"mmm 'yy")), "COMPRADOR")) -> COMPRADOR
A10: Distribuidores | B10: Capital | C10: FEDERICO JACUM | D10: 100077477 | E10: VELAZQUEZ JONATAN WALTER | F10: 100087922 | G10: FETECH INVESTMENTS S.A. | P10: =+AVERAGE(L10:N10) -> #DIV/0! | Q10: 0 | R10: 0 | S10: 0 | T10: 0 | U10: 0 | V10: 0 | W10: 0 | X10: 0 | Y10: 0 | Z10: 0 | AA10: =+AVERAGE(U10,W10,Y10) -> 0 | AB10: =+AVERAGE(V10,X10,Z10) -> 0 | AD10: 0 | AE10: 0 | AF10: =+AD10+AE10 -> 0 | AG10: 0 | AH10: 0 | AI10: =+AG10+AH10 -> 0 | AJ10: =+AF10+AI10 -> 0 | AK10: =+IF(AB10+AA10+AJ10<=0, "NO COMPRADOR", +IF(AJ10<=0, "SIN COMPRA "&+UPPER(TEXT('DINAMICA ENERO 26'!$C$2,"mmm 'yy")), "COMPRADOR")) -> NO COMPRADOR
A11: Distribuidores | B11: Capital | C11: FEDERICO JACUM | D11: 100077477 | E11: VELAZQUEZ JONATAN WALTER | F11: 100071741 | G11: BRIENZA DISTRIBUIDORA SOCIEDAD ANONIMA | P11: =+AVERAGE(L11:N11) -> #DIV/0! | Q11: 48 | R11: 0 | S11: 24 | T11: 0 | U11: 33.6 | V11: 0 | W11: 38.4 | X11: 0 | Y11: 0 | Z11: 0 | AA11: =+AVERAGE(U11,W11,Y11) -> 24 | AB11: =+AVERAGE(V11,X11,Z11) -> 0 | AD11: 33.6 | AE11: 0 | AF11: =+AD11+AE11 -> 33.6 | AG11: 0 | AH11: 0 | AI11: =+AG11+AH11 -> 0 | AJ11: =+AF11+AI11 -> 33.6 | AK11: =+IF(AB11+AA11+AJ11<=0, "NO COMPRADOR", +IF(AJ11<=0, "SIN COMPRA "&+UPPER(TEXT('DINAMICA ENERO 26'!$C$2,"mmm 'yy")), "COMPRADOR")) -> COMPRADOR
A12: Distribuidores | B12: Capital | C12: FEDERICO JACUM | D12: 100077477 | E12: VELAZQUEZ JONATAN WALTER | F12: 100075448 | G12: V&D LAS DOS MARIAS SRL | P12: =+AVERAGE(L12:N12) -> #DIV/0! | Q12: 48 | R12: 0 | S12: 48 | T12: 22.8 | U12: 48 | V12: 22.8 | W12: 48 | X12: 68.4 | Y12: 0 | Z12: 0 | AA12: =+AVERAGE(U12,W12,Y12) -> 32 | AB12: =+AVERAGE(V12,X12,Z12) -> 30.4 | AD12: 24 | AE12: 0 | AF12: =+AD12+AE12 -> 24 | AG12: 0 | AH12: 0 | AI12: =+AG12+AH12 -> 0 | AJ12: =+AF12+AI12 -> 24 | AK12: =+IF(AB12+AA12+AJ12<=0, "NO COMPRADOR", +IF(AJ12<=0, "SIN COMPRA "&+UPPER(TEXT('DINAMICA ENERO 26'!$C$2,"mmm 'yy")), "COMPRADOR")) -> COMPRADOR
A13: Distribuidores | B13: Capital | C13: FEDERICO JACUM | D13: 100077477 | E13: VELAZQUEZ JONATAN WALTER | F13: 100089232 | G13: DOBLE V DISTRIBUIDORES | P13: =+AVERAGE(L13:N13) -> #DIV/0! | Q13: 0 | R13: 0 | S13: 4.8 | T13: 0 | U13: 4.8 | V13: 0 | W13: 0 | X13: 0 | Y13: 0 | Z13: 0 | AA13: =+AVERAGE(U13,W13,Y13) -> 1.6 | AB13: =+AVERAGE(V13,X13,Z13) -> 0 | AD13: 0 | AE13: 0 | AF13: =+AD13+AE13 -> 0 | AG13: 0 | AH13: 0 | AI13: =+AG13+AH13 -> 0 | AJ13: =+AF13+AI13 -> 0 | AK13: =+IF(AB13+AA13+AJ13<=0, "NO COMPRADOR", +IF(AJ13<=0, "SIN COMPRA "&+UPPER(TEXT('DINAMICA ENERO 26'!$C$2,"mmm 'yy")), "COMPRADOR")) -> SIN COMPRA FEB '26
A14: Distribuidores | B14: GBA (Oeste) | C14: FEDERICO JACUM | D14: 100041217 | E14: TAPIA NERINA MARIELA | F14: 100073953 | G14: COMESTIBLES LUFAR SRL | P14: =+AVERAGE(L14:N14) -> #DIV/0! | Q14: 0 | R14: 0 | S14: 0 | T14: 0 | U14: 0 | V14: 0 | W14: 0 | X14: 0 | Y14: 0 | Z14: 0 | AA14: =+AVERAGE(U14,W14,Y14) -> 0 | AB14: =+AVERAGE(V14,X14,Z14) -> 0 | AD14: 0 | AE14: 0 | AF14: =+AD14+AE14 -> 0 | AG14: 0 | AH14: 0 | AI14: =+AG14+AH14 -> 0 | AJ14: =+AF14+AI14 -> 0 | AK14: =+IF(AB14+AA14+AJ14<=0, "NO COMPRADOR", +IF(AJ14<=0, "SIN COMPRA "&+UPPER(TEXT('DINAMICA ENERO 26'!$C$2,"mmm 'yy")), "COMPRADOR")) -> NO COMPRADOR
... A22: Distribuidores | B22: GBA (Sur) | C22: FEDERICO JACUM | D22: 100080146 | E22: VINCZE CINTIA LORENA | F22: 100001763 | G22: FORCINITTI DISTRIBUIDORA S.A. | P22: =+AVERAGE(L22:N22) -> #DIV/0! | Q22: 96 | R22: 91.2 | S22: 768 | T22: 45.6 | U22: 0 | V22: 136.8 | W22: 0 | X22: 9.12 | Y22: 648 | Z22: 59.28 | AA22: =+AVERAGE(U22,W22,Y22) -> 216 | AB22: =+AVERAGE(V22,X22,Z22) -> 68.4 | AD22: 0 | AE22: 0 | AF22: =+AD22+AE22 -> 0 | AG22: 91.2 | AH22: 0 | AI22: =+AG22+AH22 -> 91.2 | AJ22: =+AF22+AI22 -> 91.2 | AK22: =+IF(AB22+AA22+AJ22<=0, "NO COMPRADOR", +IF(AJ22<=0, "SIN COMPRA "&+UPPER(TEXT('DINAMICA ENERO 26'!$C$2,"mmm 'yy")), "COMPRADOR")) -> COMPRADOR
A23: Distribuidores | B23: GBA (Sur) | C23: FEDERICO JACUM | D23: 100080146 | E23: VINCZE CINTIA LORENA | F23: 100025425 | G23: REALES AGRUPACION DE COLABORACION EMPRESARIA | H23: 0 | I23: 0 | J23: 0 | K23: 0 | P23: =+AVERAGE(L23:N23) -> #DIV/0! | Q23: 0 | R23: 0 | S23: 0 | T23: 0 | U23: 0 | V23: 0 | W23: 0 | X23: 0 | Y23: 0 | Z23: 0 | AA23: =+AVERAGE(U23,W23,Y23) -> 0 | AB23: =+AVERAGE(V23,X23,Z23) -> 0 | AD23: 0 | AE23: 0 | AF23: =+AD23+AE23 -> 0 | AG23: 0 | AH23: 0 | AI23: =+AG23+AH23 -> 0 | AJ23: =+AF23+AI23 -> 0 | AK23: =+IF(AB23+AA23+AJ23<=0, "NO COMPRADOR", +IF(AJ23<=0, "SIN COMPRA "&+UPPER(TEXT('DINAMICA ENERO 26'!$C$2,"mmm 'yy")), "COMPRADOR")) -> NO COMPRADOR
A24: Distribuidores | B24: GBA (Sur) | C24: FEDERICO JACUM | D24: 100068884 | E24: GOMEZ OURAL ALBERTO | F24: 100079808 | G24: SATIMA S.R.L | P24: =+AVERAGE(L24:N24) -> #DIV/0! | Q24: 336 | R24: 136.8 | S24: 384 | T24: 136.8 | U24: 1200 | V24: 0 | W24: 360 | X24: 22.8 | Y24: 312 | Z24: 0 | AA24: =+AVERAGE(U24,W24,Y24) -> 624 | AB24: =+AVERAGE(V24,X24,Z24) -> 7.6 | AD24: 264 | AE24: 0 | AF24: =+AD24+AE24 -> 264 | AG24: 45.6 | AH24: 0 | AI24: =+AG24+AH24 -> 45.6 | AJ24: =+AF24+AI24 -> 309.6 | AK24: =+IF(AB24+AA24+AJ24<=0, "NO COMPRADOR", +IF(AJ24<=0, "SIN COMPRA "&+UPPER(TEXT('DINAMICA ENERO 26'!$C$2,"mmm 'yy")), "COMPRADOR")) -> COMPRADOR
A25: Distribuidores | B25: GBA (Sur) | C25: FEDERICO JACUM | D25: 100068884 | E25: GOMEZ OURAL ALBERTO | F25: 100069053 | G25: BORATI SA | P25: =+AVERAGE(L25:N25) -> #DIV/0! | Q25: 888 | R25: 250.8 | S25: 264 | T25: 0 | U25: 1320 | V25: 0 | W25: 528 | X25: 524.4 | Y25: 528 | Z25: 250.8 | AA25: =+AVERAGE(U25,W25,Y25) -> 792 | AB25: =+AVERAGE(V25,X25,Z25) -> 258.4 | AD25: 0 | AE25: 0 | AF25: =+AD25+AE25 -> 0 | AG25: 0 | AH25: 0 | AI25: =+AG25+AH25 -> 0 | AJ25: =+AF25+AI25 -> 0 | AK25: =+IF(AB25+AA25+AJ25<=0, "NO COMPRADOR", +IF(AJ25<=0, "SIN COMPRA "&+UPPER(TEXT('DINAMICA ENERO 26'!$C$2,"mmm 'yy")), "COMPRADOR")) -> SIN COMPRA FEB '26
A26: Distribuidores | B26: GBA (Sur) | C26: FEDERICO JACUM | D26: 100068884 | E26: GOMEZ OURAL ALBERTO | F26: 100061654 | G26: RICARDO BLANCO E HIJOS S R L | P26: =+AVERAGE(L26:N26) -> #DIV/0! | Q26: 528 | R26: 0 | S26: 820.8 | T26: 0 | U26: 0 | V26: 0 | W26: 528 | X26: 0 | Y26: 532.8 | Z26: 501.6 | AA26: =+AVERAGE(U26,W26,Y26) -> 353.6 | AB26: =+AVERAGE(V26,X26,Z26) -> 167.2 | AD26: 528 | AE26: 0 | AF26: =+AD26+AE26 -> 528 | AG26: 665.76 | AH26: 0 | AI26: =+AG26+AH26 -> 665.76 | AJ26: =+AF26+AI26 -> 1193.76 | AK26: =+IF(AB26+AA26+AJ26<=0, "NO COMPRADOR", +IF(AJ26<=0, "SIN COMPRA "&+UPPER(TEXT('DINAMICA ENERO 26'!$C$2,"mmm 'yy")), "COMPRADOR")) -> COMPRADOR
A27: Distribuidores | B27: COSTA | C27: FEDERICO JACUM | D27: 100088165 | E27: MARTINO FLAVIO | F27: 100000073 | G27: MAIOLO S.R.L. | P27: =+AVERAGE(L27:N27) -> #DIV/0! | Q27: 96 | R27: 0 | S27: 268.8 | T27: 0 | U27: 316.8 | V27: 0 | W27: 388.8 | X27: 0 | Y27: 854.4 | Z27: 0 | AA27: =+AVERAGE(U27,W27,Y27) -> 520 | AB27: =+AVERAGE(V27,X27,Z27) -> 0 | AD27: 326.4 | AE27: 0 | AF27: =+AD27+AE27 -> 326.4 | AG27: 0 | AH27: 0 | AI27: =+AG27+AH27 -> 0 | AJ27: =+AF27+AI27 -> 326.4 | AK27: =+IF(AB27+AA27+AJ27<=0, "NO COMPRADOR", +IF(AJ27<=0, "SIN COMPRA "&+UPPER(TEXT('DINAMICA ENERO 26'!$C$2,"mmm 'yy")), "COMPRADOR")) -> COMPRADOR
A28: Distribuidores | B28: COSTA | C28: FEDERICO JACUM | D28: 100088165 | E28: MARTINO FLAVIO | F28: 100078580 | G28: DASAJU DISTRIBUIDORA S.A | P28: =+AVERAGE(L28:N28) -> #DIV/0! | Q28: 0 | R28: 22.8 | S28: 72 | T28: 45.6 | U28: 48 | V28: 45.6 | W28: 0 | X28: 0 | Y28: 24 | Z28: 22.8 | AA28: =+AVERAGE(U28,W28,Y28) -> 24 | AB28: =+AVERAGE(V28,X28,Z28) -> 22.8 | AD28: 0 | AE28: 0 | AF28: =+AD28+AE28 -> 0 | AG28: 45.6 | AH28: 0 | AI28: =+AG28+AH28 -> 45.6 | AJ28: =+AF28+AI28 -> 45.6 | AK28: =+IF(AB28+AA28+AJ28<=0, "NO COMPRADOR", +IF(AJ28<=0, "SIN COMPRA "&+UPPER(TEXT('DINAMICA ENERO 26'!$C$2,"mmm 'yy")), "COMPRADOR")) -> COMPRADOR
A29: Distribuidores | B29: COSTA | C29: FEDERICO JACUM | D29: 100088165 | E29: MARTINO FLAVIO | F29: 100080926 | G29: DEANCAR SERVICIOS SA | P29: =+AVERAGE(L29:N29) -> #DIV/0! | Q29: 528 | R29: 410.4 | S29: 576 | T29: 0 | U29: 624 | V29: 91.2 | W29: 288 | X29: 410.4 | Y29: 432 | Z29: 0 | AA29: =+AVERAGE(U29,W29,Y29) -> 448 | AB29: =+AVERAGE(V29,X29,Z29) -> 167.2 | AD29: 528 | AE29: 0 | AF29: =+AD29+AE29 -> 528 | AG29: 401.28 | AH29: 0 | AI29: =+AG29+AH29 -> 401.28 | AJ29: =+AF29+AI29 -> 929.28 | AK29: =+IF(AB29+AA29+AJ29<=0, "NO COMPRADOR", +IF(AJ29<=0, "SIN COMPRA "&+UPPER(TEXT('DINAMICA ENERO 26'!$C$2,"mmm 'yy")), "COMPRADOR")) -> COMPRADOR
A30: Distribuidores | B30: COSTA | C30: FEDERICO JACUM | D30: 100088165 | E30: MARTINO FLAVIO | F30: 100077115 | G30: SABORES S R L | P30: =+AVERAGE(L30:N30) -> #DIV/0! | Q30: 0 | R30: 0 | S30: 192 | T30: 0 | U30: 144 | V30: 0 | W30: 0 | X30: 0 | Y30: 384 | Z30: 0 | AA30: =+AVERAGE(U30,W30,Y30) -> 176 | AB30: =+AVERAGE(V30,X30,Z30) -> 0 | AD30: 312 | AE30: 0 | AF30: =+AD30+AE30 -> 312 | AG30: 0 | AH30: 0 | AI30: =+AG30+AH30 -> 0 | AJ30: =+AF30+AI30 -> 312 | AK30: =+IF(AB30+AA30+AJ30<=0, "NO COMPRADOR", +IF(AJ30<=0, "SIN COMPRA "&+UPPER(TEXT('DINAMICA ENERO 26'!$C$2,"mmm 'yy")), "COMPRADOR")) -> COMPRADOR
A31: Distribuidores | B31: COSTA | C31: FEDERICO JACUM | D31: 100088165 | E31: MARTINO FLAVIO | F31: 100078578 | G31: MAYOTAN S.R.L EN FORMACION | P31: =+AVERAGE(L31:N31) -> #DIV/0! | Q31: 0 | R31: 0 | S31: 163.2 | T31: 59.28 | U31: 24 | V31: 0 | W31: 48 | X31: 45.6 | Y31: 48 | Z31: 36.48 | AA31: =+AVERAGE(U31,W31,Y31) -> 40 | AB31: =+AVERAGE(V31,X31,Z31) -> 27.36 | AD31: 48 | AE31: 48 | AF31: =+AD31+AE31 -> 96 | AG31: 0 | AH31: 22.8 | AI31: =+AG31+AH31 -> 22.8 | AJ31: =+AF31+AI31 -> 118.8 | AK31: =+IF(AB31+AA31+AJ31<=0, "NO COMPRADOR", +IF(AJ31<=0, "SIN COMPRA "&+UPPER(TEXT('DINAMICA ENERO 26'!$C$2,"mmm 'yy")), "COMPRADOR")) -> COMPRADOR
A32: Distribuidores | B32: COSTA | C32: FEDERICO JACUM | D32: 100088165 | E32: MARTINO FLAVIO | F32: 100021337 | G32: REPRESENTACIONES ALMAR S.R.L. | P32: =+AVERAGE(L32:N32) -> #DIV/0! | Q32: 0 | R32: 4.56 | S32: 0 | T32: 0 | U32: 0 | V32: 0 | W32: 0 | X32: 22.8 | Y32: 0 | Z32: 0 | AA32: =+AVERAGE(U32,W32,Y32) -> 0 | AB32: =+AVERAGE(V32,X32,Z32) -> 7.6 | AD32: 0 | AE32: 0 | AF32: =+AD32+AE32 -> 0 | AG32: 9.12 | AH32: 0 | AI32: =+AG32+AH32 -> 9.12 | AJ32: =+AF32+AI32 -> 9.12 | AK32: =+IF(AB32+AA32+AJ32<=0, "NO COMPRADOR", +IF(AJ32<=0, "SIN COMPRA "&+UPPER(TEXT('DINAMICA ENERO 26'!$C$2,"mmm 'yy")), "COMPRADOR")) -> COMPRADOR
A33: Distribuidores | B33: Patagonia | C33: MARCELO VEGA | D33: 100088149 | E33: VILOTTA SEBASTIAN | F33: 100002239 | G33: PUELCHE S.A.I.C.F. | P33: =+AVERAGE(L33:N33) -> #DIV/0! | Q33: 48 | R33: 0 | S33: 24 | T33: 0 | U33: 264 | V33: 22.8 | W33: 96 | X33: 91.2 | Y33: 0 | Z33: 45.6 | AA33: =+AVERAGE(U33,W33,Y33) -> 120 | AB33: =+AVERAGE(V33,X33,Z33) -> 53.2 | AD33: 216 | AE33: 0 | AF33: =+AD33+AE33 -> 216 | AG33: 45.6 | AH33: 0 | AI33: =+AG33+AH33 -> 45.6 | AJ33: =+AF33+AI33 -> 261.6 | AK33: =+IF(AB33+AA33+AJ33<=0, "NO COMPRADOR", +IF(AJ33<=0, "SIN COMPRA "&+UPPER(TEXT('DINAMICA ENERO 26'!$C$2,"mmm 'yy")), "COMPRADOR")) -> COMPRADOR
A34: Distribuidores | B34: Patagonia | C34: MARCELO VEGA | D34: 100088149 | E34: VILOTTA SEBASTIAN | F34: 100024103 | G34: ABAMAR SOCIEDAD DE RESPONSABILIDAD LIMITADA | P34: =+AVERAGE(L34:N34) -> #DIV/0! | Q34: 24 | R34: 0 | S34: 9.6 | T34: 9.12 | U34: 24 | V34: 22.8 | W34: 0 | X34: 0 | Y34: 24 | Z34: 9.12 | AA34: =+AVERAGE(U34,W34,Y34) -> 16 | AB34: =+AVERAGE(V34,X34,Z34) -> 10.64 | AD34: 9.6 | AE34: 0 | AF34: =+AD34+AE34 -> 9.6 | AG34: 9.12 | AH34: 0 | AI34: =+AG34+AH34 -> 9.12 | AJ34: =+AF34+AI34 -> 18.72 | AK34: =+IF(AB34+AA34+AJ34<=0, "NO COMPRADOR", +IF(AJ34<=0, "SIN COMPRA "&+UPPER(TEXT('DINAMICA ENERO 26'!$C$2,"mmm 'yy")), "COMPRADOR")) -> COMPRADOR
A35: Distribuidores | B35: Patagonia | C35: MARCELO VEGA | D35: 100088149 | E35: VILOTTA SEBASTIAN | F35: 100086135 | G35: HIPERS DISTRIBUIDORA S.A.S | P35: =+AVERAGE(L35:N35) -> #DIV/0! | Q35: 24 | R35: 22.8 | S35: 28.8 | T35: 27.36 | U35: 0 | V35: 0 | W35: 0 | X35: 0 | Y35: 0 | Z35: 22.8 | AA35: =+AVERAGE(U35,W35,Y35) -> 0 | AB35: =+AVERAGE(V35,X35,Z35) -> 7.6 | AD35: 0 | AE35: 0 | AF35: =+AD35+AE35 -> 0 | AG35: 0 | AH35: 0 | AI35: =+AG35+AH35 -> 0 | AJ35: =+AF35+AI35 -> 0 | AK35: =+IF(AB35+AA35+AJ35<=0, "NO COMPRADOR", +IF(AJ35<=0, "SIN COMPRA "&+UPPER(TEXT('DINAMICA ENERO 26'!$C$2,"mmm 'yy")), "COMPRADOR")) -> SIN COMPRA FEB '26
... A295: Cadenas | B295: Interior | C295: BESSONE JUAN | D295: 100050090 | E295: CABARDOS CLAUDIO SANTIAGO | F295: 100001979 | G295: LIBERTAD S.A. | P295: =+AVERAGE(L295:N295) -> #DIV/0! | Q295: 0 | R295: 0 | S295: 4.8 | T295: 13.68 | U295: 0 | V295: 0 | W295: 9.6 | X295: 9.12 | Y295: 14.4 | Z295: 9.12 | AA295: =+AVERAGE(U295,W295,Y295) -> 8 | AB295: =+AVERAGE(V295,X295,Z295) -> 6.08 | AD295: 19.2 | AE295: 0 | AF295: =+AD295+AE295 -> 19.2 | AG295: 9.12 | AH295: 0 | AI295: =+AG295+AH295 -> 9.12 | AJ295: =+AF295+AI295 -> 28.32 | AK295: =+IF(AB295+AA295+AJ295<=0, "NO COMPRADOR", +IF(AJ295<=0, "SIN COMPRA "&+UPPER(TEXT('DINAMICA ENERO 26'!$C$2,"mmm 'yy")), "COMPRADOR")) -> COMPRADOR
A296: Cadenas | B296: Interior | C296: BESSONE JUAN | D296: 100050090 | E296: CABARDOS CLAUDIO SANTIAGO | F296: 100000650 | G296: LUCIO DI SANTO SA | Q296: 9.6 | R296: 31.92 | S296: 0 | T296: 4.56 | U296: 9.6 | V296: 9.12 | W296: 0 | X296: 4.56 | Y296: 14.4 | Z296: 4.56 | AA296: =+AVERAGE(U296,W296,Y296) -> 8 | AB296: =+AVERAGE(V296,X296,Z296) -> 6.08 | AD296: 0 | AE296: 0 | AF296: =+AD296+AE296 -> 0 | AG296: 0 | AH296: 0 | AI296: =+AG296+AH296 -> 0 | AJ296: =+AF296+AI296 -> 0 | AK296: =+IF(AB296+AA296+AJ296<=0, "NO COMPRADOR", +IF(AJ296<=0, "SIN COMPRA "&+UPPER(TEXT('DINAMICA ENERO 26'!$C$2,"mmm 'yy")), "COMPRADOR")) -> SIN COMPRA FEB '26
A297: Cadenas | B297: Interior | C297: BESSONE JUAN | D297: 100050090 | E297: CABARDOS CLAUDIO SANTIAGO | F297: 100001938 | G297: LA GALLEGA SUPERMERCADOS S.A. | Q297: 14.4 | R297: 95.76 | S297: 76.8 | T297: 45.6 | U297: 48 | V297: 27.36 | W297: 110.4 | X297: 72.96 | Y297: 763.2 | Z297: 36.48 | AA297: =+AVERAGE(U297,W297,Y297) -> 307.2 | AB297: =+AVERAGE(V297,X297,Z297) -> 45.6 | AD297: 182.4 | AE297: 0 | AF297: =+AD297+AE297 -> 182.4 | AG297: 50.16 | AH297: 0 | AI297: =+AG297+AH297 -> 50.16 | AJ297: =+AF297+AI297 -> 232.56 | AK297: =+IF(AB297+AA297+AJ297<=0, "NO COMPRADOR", +IF(AJ297<=0, "SIN COMPRA "&+UPPER(TEXT('DINAMICA ENERO 26'!$C$2,"mmm 'yy")), "COMPRADOR")) -> COMPRADOR
A298: Cadenas | B298: Interior | C298: BESSONE JUAN | D298: 100050090 | E298: CABARDOS CLAUDIO SANTIAGO | F298: 100001342 | G298: CENCOSUD S A | Q298: 33.6 | R298: 0 | S298: 24 | T298: 31.92 | U298: 14.4 | V298: 9.12 | W298: 24 | X298: 18.24 | Y298: 19.2 | Z298: 31.92 | AA298: =+AVERAGE(U298,W298,Y298) -> 19.2 | AB298: =+AVERAGE(V298,X298,Z298) -> 19.76 | AD298: 38.4 | AE298: 0 | AF298: =+AD298+AE298 -> 38.4 | AG298: 22.8 | AH298: 0 | AI298: =+AG298+AH298 -> 22.8 | AJ298: =+AF298+AI298 -> 61.2 | AK298: =+IF(AB298+AA298+AJ298<=0, "NO COMPRADOR", +IF(AJ298<=0, "SIN COMPRA "&+UPPER(TEXT('DINAMICA ENERO 26'!$C$2,"mmm 'yy")), "COMPRADOR")) -> COMPRADOR
A299: Cadenas | B299: Interior | C299: BESSONE JUAN | D299: 100075114 | E299: FERNANDEZ JORGE OSCAR | F299: 100001342 | G299: CENCOSUD S A | Q299: 0 | R299: 0 | S299: 0 | T299: 0 | U299: 120 | V299: 109.44 | W299: 172.8 | X299: 136.8 | Y299: 158.4 | Z299: 155.04 | AA299: =+AVERAGE(U299,W299,Y299) -> 150.4 | AB299: =+AVERAGE(V299,X299,Z299) -> 133.76 | AD299: 139.2 | AE299: 38.4 | AF299: =+AD299+AE299 -> 177.6 | AG299: 118.56 | AH299: 45.6 | AI299: =+AG299+AH299 -> 164.16 | AJ299: =+AF299+AI299 -> 341.76 | AK299: =+IF(AB299+AA299+AJ299<=0, "NO COMPRADOR", +IF(AJ299<=0, "SIN COMPRA "&+UPPER(TEXT('DINAMICA ENERO 26'!$C$2,"mmm 'yy")), "COMPRADOR")) -> COMPRADOR
A300: Cadenas | B300: Interior | C300: BESSONE JUAN | D300: 100075114 | E300: FERNANDEZ JORGE OSCAR | F300: 100001850 | G300: CAFE AMERICA MAYORISTA S.A. | Q300: 19.2 | R300: 4.56 | S300: 28.8 | T300: 27.36 | U300: 9.6 | V300: 4.56 | W300: 9.6 | X300: 4.56 | Y300: 14.4 | Z300: 0 | AA300: =+AVERAGE(U300,W300,Y300) -> 11.2 | AB300: =+AVERAGE(V300,X300,Z300) -> 3.04 | AD300: 9.6 | AE300: 14.4 | AF300: =+AD300+AE300 -> 24 | AG300: 9.12 | AH300: 13.68 | AI300: =+AG300+AH300 -> 22.8 | AJ300: =+AF300+AI300 -> 46.8 | AK300: =+IF(AB300+AA300+AJ300<=0, "NO COMPRADOR", +IF(AJ300<=0, "SIN COMPRA "&+UPPER(TEXT('DINAMICA ENERO 26'!$C$2,"mmm 'yy")), "COMPRADOR")) -> COMPRADOR
A301: Cadenas | B301: Interior | C301: BESSONE JUAN | D301: 100075114 | E301: FERNANDEZ JORGE OSCAR | F301: 100002199 | G301: DAVID OSCAR RUBEN | Q301: 9.6 | R301: 4.56 | S301: 24 | T301: 9.12 | U301: 43.2 | V301: 36.48 | W301: 0 | X301: 0 | Y301: 43.2 | Z301: 27.36 | AA301: =+AVERAGE(U301,W301,Y301) -> 28.8 | AB301: =+AVERAGE(V301,X301,Z301) -> 21.28 | AD301: 0 | AE301: 0 | AF301: =+AD301+AE301 -> 0 | AG301: 0 | AH301: 0 | AI301: =+AG301+AH301 -> 0 | AJ301: =+AF301+AI301 -> 0 | AK301: =+IF(AB301+AA301+AJ301<=0, "NO COMPRADOR", +IF(AJ301<=0, "SIN COMPRA "&+UPPER(TEXT('DINAMICA ENERO 26'!$C$2,"mmm 'yy")), "COMPRADOR")) -> SIN COMPRA FEB '26
A302: Cadenas | B302: Interior | C302: BESSONE JUAN | D302: 100075114 | E302: FERNANDEZ JORGE OSCAR | F302: 100001583 | G302: DINOSAURIO S.A. | Q302: 14.4 | R302: 18.24 | S302: 76.8 | T302: 91.2 | U302: 48 | V302: 13.68 | W302: 43.2 | X302: 45.6 | Y302: 57.6 | Z302: 36.48 | AA302: =+AVERAGE(U302,W302,Y302) -> 49.6 | AB302: =+AVERAGE(V302,X302,Z302) -> 31.92 | AD302: 81.6 | AE302: 0 | AF302: =+AD302+AE302 -> 81.6 | AG302: 50.16 | AH302: 0 | AI302: =+AG302+AH302 -> 50.16 | AJ302: =+AF302+AI302 -> 131.76 | AK302: =+IF(AB302+AA302+AJ302<=0, "NO COMPRADOR", +IF(AJ302<=0, "SIN COMPRA "&+UPPER(TEXT('DINAMICA ENERO 26'!$C$2,"mmm 'yy")), "COMPRADOR")) -> COMPRADOR
A303: Cadenas | B303: Interior | C303: BESSONE JUAN | D303: 100075114 | E303: FERNANDEZ JORGE OSCAR | F303: 100001186 | G303: AIELLO SUPERMERCADOS S.A. | Q303: 4.8 | R303: 4.56 | S303: 91.2 | T303: 0 | U303: 43.2 | V303: 0 | W303: 81.6 | X303: 0 | Y303: 38.4 | Z303: 4.56 | AA303: =+AVERAGE(U303,W303,Y303) -> 54.4 | AB303: =+AVERAGE(V303,X303,Z303) -> 1.52 | AD303: -4.8 | AE303: 0 | AF303: =+AD303+AE303 -> -4.8 | AG303: 4.56 | AH303: 0 | AI303: =+AG303+AH303 -> 4.56 | AJ303: =+AF303+AI303 -> -0.24 | AK303: =+IF(AB303+AA303+AJ303<=0, "NO COMPRADOR", +IF(AJ303<=0, "SIN COMPRA "&+UPPER(TEXT('DINAMICA ENERO 26'!$C$2,"mmm 'yy")), "COMPRADOR")) -> SIN COMPRA FEB '26
A304: Cadenas | B304: Interior | C304: BESSONE JUAN | D304: 100075114 | E304: FERNANDEZ JORGE OSCAR | F304: 100001979 | G304: LIBERTAD S.A. | Q304: 0 | R304: 0 | S304: 4.8 | T304: 0 | U304: 14.4 | V304: 4.56 | W304: 4.8 | X304: 9.12 | Y304: 0 | Z304: 0 | AA304: =+AVERAGE(U304,W304,Y304) -> 6.4 | AB304: =+AVERAGE(V304,X304,Z304) -> 4.56 | AD304: 9.6 | AE304: 0 | AF304: =+AD304+AE304 -> 9.6 | AG304: 13.68 | AH304: 0 | AI304: =+AG304+AH304 -> 13.68 | AJ304: =+AF304+AI304 -> 23.28 | AK304: =+IF(AB304+AA304+AJ304<=0, "NO COMPRADOR", +IF(AJ304<=0, "SIN COMPRA "&+UPPER(TEXT('DINAMICA ENERO 26'!$C$2,"mmm 'yy")), "COMPRADOR")) -> COMPRADOR
A305: Cadenas | B305: Interior | C305: BESSONE JUAN | D305: 100075114 | E305: FERNANDEZ JORGE OSCAR | F305: 100002075 | G305: MILLAN S.A. | Q305: 144 | R305: 68.4 | S305: 168 | T305: 41.04 | U305: 124.8 | V305: 68.4 | W305: 115.2 | X305: 4.56 | Y305: 124.8 | Z305: 27.36 | AA305: =+AVERAGE(U305,W305,Y305) -> 121.6 | AB305: =+AVERAGE(V305,X305,Z305) -> 33.44 | AD305: 62.4 | AE305: 9.6 | AF305: =+AD305+AE305 -> 72 | AG305: 36.48 | AH305: 0 | AI305: =+AG305+AH305 -> 36.48 | AJ305: =+AF305+AI305 -> 108.48 | AK305: =+IF(AB305+AA305+AJ305<=0, "NO COMPRADOR", +IF(AJ305<=0, "SIN COMPRA "&+UPPER(TEXT('DINAMICA ENERO 26'!$C$2,"mmm 'yy")), "COMPRADOR")) -> COMPRADOR
A306: Cadenas | B306: Interior | C306: BESSONE JUAN | D306: 100075114 | E306: FERNANDEZ JORGE OSCAR | F306: 100001434 | G306: COTO CENTRO INTEGRAL DE COMERCIALIZACON S A | Q306: 19.2 | R306: 0 | S306: 14.4 | T306: 9.12 | U306: 4.8 | V306: 9.12 | W306: 28.8 | X306: 9.12 | Y306: 9.6 | Z306: 9.12 | AA306: =+AVERAGE(U306,W306,Y306) -> 14.4 | AB306: =+AVERAGE(V306,X306,Z306) -> 9.12 | AD306: 43.2 | AE306: 0 | AF306: =+AD306+AE306 -> 43.2 | AG306: 13.68 | AH306: 0 | AI306: =+AG306+AH306 -> 13.68 | AJ306: =+AF306+AI306 -> 56.88 | AK306: =+IF(AB306+AA306+AJ306<=0, "NO COMPRADOR", +IF(AJ306<=0, "SIN COMPRA "&+UPPER(TEXT('DINAMICA ENERO 26'!$C$2,"mmm 'yy")), "COMPRADOR")) -> COMPRADOR
A307: Cadenas | B307: Interior | C307: BESSONE JUAN | D307: 100071290 | E307: MEINERI JOSE MARIA | F307: 100002075 | G307: MILLAN S.A. | Q307: 0 | R307: 0 | S307: 0 | T307: 4.56 | U307: 0 | V307: 0 | W307: 0 | X307: 0 | Y307: 4.8 | Z307: 4.56 | AA307: =+AVERAGE(U307,W307,Y307) -> 1.6 | AB307: =+AVERAGE(V307,X307,Z307) -> 1.52 | AD307: 0 | AE307: 0 | AF307: =+AD307+AE307 -> 0 | AG307: -4.56 | AH307: 0 | AI307: =+AG307+AH307 -> -4.56 | AJ307: =+AF307+AI307 -> -4.56 | AK307: =+IF(AB307+AA307+AJ307<=0, "NO COMPRADOR", +IF(AJ307<=0, "SIN COMPRA "&+UPPER(TEXT('DINAMICA ENERO 26'!$C$2,"mmm 'yy")), "COMPRADOR")) -> NO COMPRADOR
... A338: Cadenas | B338: DBU - BAS | C338: ARUANNO PARODI MARIA NOEL | D338: 100066387 | E338: RAMONDINO LEONARDO ERNESTO | F338: 100001342 | G338: CENCOSUD S A | Q338: 883.2 | R338: 255.36 | S338: 283.2 | T338: 383.04 | U338: 801.6 | V338: 670.32 | W338: 1171.2 | X338: 893.76 | Y338: 801.6 | Z338: 802.56 | AA338: =+AVERAGE(U338,W338,Y338) -> 924.8 | AB338: =+AVERAGE(V338,X338,Z338) -> 788.88 | AD338: 652.8 | AE338: 96 | AF338: =+AD338+AE338 -> 748.8 | AG338: 497.04 | AH338: 82.08 | AI338: =+AG338+AH338 -> 579.12 | AJ338: =+AF338+AI338 -> 1327.92 | AK338: =+IF(AB338+AA338+AJ338<=0, "NO COMPRADOR", +IF(AJ338<=0, "SIN COMPRA "&+UPPER(TEXT('DINAMICA ENERO 26'!$C$2,"mmm 'yy")), "COMPRADOR")) -> COMPRADOR
A339: Distribuidores | B339: Patagonia | C339: MARCELO VEGA | D339: 100088149 | E339: VILOTTA SEBASTIAN | F339: 100089849 | G339: GRUPO HEMA S. R. L. | H339: 0 | I339: 0 | J339: 0 | K339: 0 | Q339: 0 | R339: 0 | S339: 0 | T339: 0 | U339: 0 | V339: 0 | W339: 0 | X339: 0 | Y339: 0 | Z339: 0 | AA339: =+AVERAGE(U339,W339,Y339) -> 0 | AB339: =+AVERAGE(V339,X339,Z339) -> 0 | AD339: 0 | AE339: 0 | AF339: =+AD339+AE339 -> 0 | AG339: 0 | AH339: 0 | AI339: =+AG339+AH339 -> 0 | AJ339: =+AF339+AI339 -> 0 | AK339: =+IF(AB339+AA339+AJ339<=0, "NO COMPRADOR", +IF(AJ339<=0, "SIN COMPRA "&+UPPER(TEXT('DINAMICA ENERO 26'!$C$2,"mmm 'yy")), "COMPRADOR")) -> NO COMPRADOR
A340: Distribuidores | B340: Patagonia | C340: MARCELO VEGA | D340: 100079515 | E340: ALONSO GUSTAVO DANIEL | F340: 100025640 | G340: CUADRADO MAURO DAMIAN | H340: 0 | I340: 0 | J340: 0 | K340: 0 | Q340: 0 | R340: 0 | S340: 0 | T340: 0 | U340: 0 | V340: 0 | W340: 0 | X340: 0 | Y340: 0 | Z340: 0 | AA340: =+AVERAGE(U340,W340,Y340) -> 0 | AB340: =+AVERAGE(V340,X340,Z340) -> 0 | AD340: 0 | AE340: 0 | AF340: =+AD340+AE340 -> 0 | AG340: 0 | AH340: 0 | AI340: =+AG340+AH340 -> 0 | AJ340: =+AF340+AI340 -> 0 | AK340: =+IF(AB340+AA340+AJ340<=0, "NO COMPRADOR", +IF(AJ340<=0, "SIN COMPRA "&+UPPER(TEXT('DINAMICA ENERO 26'!$C$2,"mmm 'yy")), "COMPRADOR")) -> NO COMPRADOR
A341: Distribuidores | B341: Cuyo | C341: MARCELO VEGA | D341: 100079674 | E341: VIVARES ABEL MAURICIO | F341: 100080761 | G341: EL CHILENO S.R.L. | H341: 0 | I341: 0 | J341: 0 | K341: 0 | Q341: 0 | R341: 0 | S341: 0 | T341: 0 | U341: 0 | V341: 0 | W341: 0 | X341: 0 | Y341: 0 | Z341: 0 | AA341: =+AVERAGE(U341,W341,Y341) -> 0 | AB341: =+AVERAGE(V341,X341,Z341) -> 0 | AD341: 0 | AE341: 0 | AF341: =+AD341+AE341 -> 0 | AG341: 0 | AH341: 0 | AI341: =+AG341+AH341 -> 0 | AJ341: =+AF341+AI341 -> 0 | AK341: =+IF(AB341+AA341+AJ341<=0, "NO COMPRADOR", +IF(AJ341<=0, "SIN COMPRA "&+UPPER(TEXT('DINAMICA ENERO 26'!$C$2,"mmm 'yy")), "COMPRADOR")) -> NO COMPRADOR
A342: Distribuidores | B342: Cuyo | C342: MARCELO VEGA | D342: 100079674 | E342: VIVARES ABEL MAURICIO | F342: 100001878 | G342: HERNANDEZ JOSE LUIS | H342: 0 | I342: 0 | J342: 0 | K342: 0 | Q342: 0 | R342: 0 | S342: 0 | T342: 0 | U342: 0 | V342: 0 | W342: 0 | X342: 0 | Y342: 0 | Z342: 0 | AA342: =+AVERAGE(U342,W342,Y342) -> 0 | AB342: =+AVERAGE(V342,X342,Z342) -> 0 | AD342: 0 | AE342: 0 | AF342: =+AD342+AE342 -> 0 | AG342: 0 | AH342: 0 | AI342: =+AG342+AH342 -> 0 | AJ342: =+AF342+AI342 -> 0 | AK342: =+IF(AB342+AA342+AJ342<=0, "NO COMPRADOR", +IF(AJ342<=0, "SIN COMPRA "&+UPPER(TEXT('DINAMICA ENERO 26'!$C$2,"mmm 'yy")), "COMPRADOR")) -> NO COMPRADOR
A343: Distribuidores | B343: Cuyo | C343: MARCELO VEGA | D343: 100079674 | E343: VIVARES ABEL MAURICIO | F343: 100085464 | G343: MANZANAR S.R.L | H343: 0 | I343: 0 | J343: 0 | K343: 0 | Q343: 0 | R343: 0 | S343: 0 | T343: 0 | U343: 0 | V343: 0 | W343: 0 | X343: 0 | Y343: 0 | Z343: 0 | AA343: =+AVERAGE(U343,W343,Y343) -> 0 | AB343: =+AVERAGE(V343,X343,Z343) -> 0 | AD343: 0 | AE343: 0 | AF343: =+AD343+AE343 -> 0 | AG343: 0 | AH343: 0 | AI343: =+AG343+AH343 -> 0 | AJ343: =+AF343+AI343 -> 0 | AK343: =+IF(AB343+AA343+AJ343<=0, "NO COMPRADOR", +IF(AJ343<=0, "SIN COMPRA "&+UPPER(TEXT('DINAMICA ENERO 26'!$C$2,"mmm 'yy")), "COMPRADOR")) -> NO COMPRADOR
A344: Distribuidores | B344: Cuyo | C344: MARCELO VEGA | D344: 100066856 | E344: ANDINO FACUNDO NICOLAS | F344: 100080160 | G344: OVALO S.A. | H344: 0 | I344: 0 | J344: 0 | K344: 0 | Q344: 0 | R344: 0 | S344: 0 | T344: 0 | U344: 0 | V344: 0 | W344: 0 | X344: 0 | Y344: 0 | Z344: 0 | AA344: =+AVERAGE(U344,W344,Y344) -> 0 | AB344: =+AVERAGE(V344,X344,Z344) -> 0 | AD344: 0 | AE344: 0 | AF344: =+AD344+AE344 -> 0 | AG344: 0 | AH344: 0 | AI344: =+AG344+AH344 -> 0 | AJ344: =+AF344+AI344 -> 0 | AK344: =+IF(AB344+AA344+AJ344<=0, "NO COMPRADOR", +IF(AJ344<=0, "SIN COMPRA "&+UPPER(TEXT('DINAMICA ENERO 26'!$C$2,"mmm 'yy")), "COMPRADOR")) -> NO COMPRADOR
A345: Distribuidores | B345: Cuyo | C345: MARCELO VEGA | D345: 100066856 | E345: ANDINO FACUNDO NICOLAS | F345: 100077613 | G345: DISTRIBUIDORA CORDOBA S.R.L. | H345: 0 | I345: 0 | J345: 0 | K345: 0 | Q345: 0 | R345: 0 | S345: 0 | T345: 0 | U345: 0 | V345: 0 | W345: 0 | X345: 0 | Y345: 0 | Z345: 0 | AA345: =+AVERAGE(U345,W345,Y345) -> 0 | AB345: =+AVERAGE(V345,X345,Z345) -> 0 | AD345: 0 | AE345: 0 | AF345: =+AD345+AE345 -> 0 | AG345: 0 | AH345: 0 | AI345: =+AG345+AH345 -> 0 | AJ345: =+AF345+AI345 -> 0 | AK345: =+IF(AB345+AA345+AJ345<=0, "NO COMPRADOR", +IF(AJ345<=0, "SIN COMPRA "&+UPPER(TEXT('DINAMICA ENERO 26'!$C$2,"mmm 'yy")), "COMPRADOR")) -> NO COMPRADOR
A346: Distribuidores | B346: Cuyo | C346: MARCELO VEGA | D346: 100066856 | E346: ANDINO FACUNDO NICOLAS | F346: 100082823 | G346: AUTOSERVICIO LA YUNTA S.A | H346: 0 | I346: 0 | J346: 0 | K346: 0 | Q346: 0 | R346: 0 | S346: 0 | T346: 0 | U346: 0 | V346: 0 | W346: 0 | X346: 0 | Y346: 0 | Z346: 0 | AA346: =+AVERAGE(U346,W346,Y346) -> 0 | AB346: =+AVERAGE(V346,X346,Z346) -> 0 | AD346: 0 | AE346: 0 | AF346: =+AD346+AE346 -> 0 | AG346: 0 | AH346: 0 | AI346: =+AG346+AH346 -> 0 | AJ346: =+AF346+AI346 -> 0 | AK346: =+IF(AB346+AA346+AJ346<=0, "NO COMPRADOR", +IF(AJ346<=0, "SIN COMPRA "&+UPPER(TEXT('DINAMICA ENERO 26'!$C$2,"mmm 'yy")), "COMPRADOR")) -> NO COMPRADOR
A347: Distribuidores | B347: Cordoba | C347: MARCELO VEGA | D347: 100089701 | E347: SCHAIGORODSKY IGNACIO | F347: 100079045 | G347: JOSE ALBERTO TOSCANO SA | H347: 0 | I347: 0 | J347: 0 | K347: 0 | Q347: 0 | R347: 0 | S347: 0 | T347: 0 | U347: 0 | V347: 0 | W347: 0 | X347: 0 | Y347: 0 | Z347: 0 | AA347: =+AVERAGE(U347,W347,Y347) -> 0 | AB347: =+AVERAGE(V347,X347,Z347) -> 0 | AD347: 0 | AE347: 0 | AF347: =+AD347+AE347 -> 0 | AG347: 0 | AH347: 0 | AI347: =+AG347+AH347 -> 0 | AJ347: =+AF347+AI347 -> 0 | AK347: =+IF(AB347+AA347+AJ347<=0, "NO COMPRADOR", +IF(AJ347<=0, "SIN COMPRA "&+UPPER(TEXT('DINAMICA ENERO 26'!$C$2,"mmm 'yy")), "COMPRADOR")) -> NO COMPRADOR
A348: Distribuidores | B348: Cordoba | C348: MARCELO VEGA | D348: 100089701 | E348: SCHAIGORODSKY IGNACIO | F348: 100011496 | G348: DON EMILIO S R L | H348: 0 | I348: 0 | J348: 0 | K348: 0 | Q348: 0 | R348: 0 | S348: 0 | T348: 0 | U348: 0 | V348: 0 | W348: 0 | X348: 0 | Y348: 0 | Z348: 0 | AA348: =+AVERAGE(U348,W348,Y348) -> 0 | AB348: =+AVERAGE(V348,X348,Z348) -> 0 | AD348: 0 | AE348: 0 | AF348: =+AD348+AE348 -> 0 | AG348: 0 | AH348: 0 | AI348: =+AG348+AH348 -> 0 | AJ348: =+AF348+AI348 -> 0 | AK348: =+IF(AB348+AA348+AJ348<=0, "NO COMPRADOR", +IF(AJ348<=0, "SIN COMPRA "&+UPPER(TEXT('DINAMICA ENERO 26'!$C$2,"mmm 'yy")), "COMPRADOR")) -> NO COMPRADOR
A349: Distribuidores | B349: Cordoba | C349: MARCELO VEGA | D349: 100073888 | E349: ORGAZ GUSTAVO EMANUEL | F349: 100001404 | G349: COOP. DE PROV. CRED. DE SUPER.AUTO.Y ALM M. ALMACOR | H349: 0 | I349: 0 | J349: 0 | K349: 0 | Q349: 0 | R349: 0 | S349: 0 | T349: 0 | U349: 0 | V349: 0 | W349: 0 | X349: 0 | Y349: 0 | Z349: 0 | AA349: =+AVERAGE(U349,W349,Y349) -> 0 | AB349: =+AVERAGE(V349,X349,Z349) -> 0 | AD349: 0 | AE349: 0 | AF349: =+AD349+AE349 -> 0 | AG349: 0 | AH349: 0 | AI349: =+AG349+AH349 -> 0 | AJ349: =+AF349+AI349 -> 0 | AK349: =+IF(AB349+AA349+AJ349<=0, "NO COMPRADOR", +IF(AJ349<=0, "SIN COMPRA "&+UPPER(TEXT('DINAMICA ENERO 26'!$C$2,"mmm 'yy")), "COMPRADOR")) -> NO COMPRADOR
A350: Distribuidores | B350: Cordoba | C350: MARCELO VEGA | D350: 100073888 | E350: ORGAZ GUSTAVO EMANUEL | F350: 100002253 | G350: ALONSO J. Y JOSE A. REDOLFI S.R.L. | H350: 0 | I350: 0 | J350: 0 | K350: 0 | Q350: 0 | R350: 0 | S350: 0 | T350: 0 | U350: 0 | V350: 0 | W350: 0 | X350: 0 | Y350: 0 | Z350: 0 | AA350: =+AVERAGE(U350,W350,Y350) -> 0 | AB350: =+AVERAGE(V350,X350,Z350) -> 0 | AD350: 0 | AE350: 0 | AF350: =+AD350+AE350 -> 0 | AG350: 0 | AH350: 0 | AI350: =+AG350+AH350 -> 0 | AJ350: =+AF350+AI350 -> 0 | AK350: =+IF(AB350+AA350+AJ350<=0, "NO COMPRADOR", +IF(AJ350<=0, "SIN COMPRA "&+UPPER(TEXT('DINAMICA ENERO 26'!$C$2,"mmm 'yy")), "COMPRADOR")) -> NO COMPRADOR
... A366: Distribuidores | B366: NEA | C366: DALLA VERDE RAMON ADRIAN | D366: 100075073 | E366: SANCHEZ JUAN CARLOS | F366: 100001336 | G366: CASA VELAZ SOCIEDAD DE RESPONSABILIDAD LIMITADA | H366: 0 | I366: 0 | J366: 0 | K366: 0 | Q366: 0 | R366: 0 | S366: 0 | T366: 0 | U366: 0 | V366: 0 | W366: 0 | X366: 0 | Y366: 0 | Z366: 0 | AA366: =+AVERAGE(U366,W366,Y366) -> 0 | AB366: =+AVERAGE(V366,X366,Z366) -> 0 | AD366: 0 | AE366: 0 | AF366: =+AD366+AE366 -> 0 | AG366: 0 | AH366: 0 | AI366: =+AG366+AH366 -> 0 | AJ366: =+AF366+AI366 -> 0 | AK366: =+IF(AB366+AA366+AJ366<=0, "NO COMPRADOR", +IF(AJ366<=0, "SIN COMPRA "&+UPPER(TEXT('DINAMICA ENERO 26'!$C$2,"mmm 'yy")), "COMPRADOR")) -> NO COMPRADOR

Sheet RB (Milanesitas)
A1: COMPRADORES NUEVOS LANZAMIENTOS RB | M1: MILANESITAS (521663) | O1: MILANESITAS (521663) | S1: 100521663
